Timing Analyzer report for multiplier_top
Fri Sep 11 16:34:18 2026
Quartus Prime Version 21.1.1 Build 850 06/23/2022 SJ Lite Edition


---------------------
; Table of Contents ;
---------------------
  1. Legal Notice
  2. Timing Analyzer Summary
  3. Parallel Compilation
  4. Clocks
  5. Slow 1200mV 85C Model Fmax Summary
  6. Timing Closure Recommendations
  7. Slow 1200mV 85C Model Setup Summary
  8. Slow 1200mV 85C Model Hold Summary
  9. Slow 1200mV 85C Model Recovery Summary
 10. Slow 1200mV 85C Model Removal Summary
 11. Slow 1200mV 85C Model Minimum Pulse Width Summary
 12. Slow 1200mV 85C Model Setup: 'clk'
 13. Slow 1200mV 85C Model Hold: 'clk'
 14. Slow 1200mV 85C Model Metastability Summary
 15. Slow 1200mV 0C Model Fmax Summary
 16. Slow 1200mV 0C Model Setup Summary
 17. Slow 1200mV 0C Model Hold Summary
 18. Slow 1200mV 0C Model Recovery Summary
 19. Slow 1200mV 0C Model Removal Summary
 20. Slow 1200mV 0C Model Minimum Pulse Width Summary
 21. Slow 1200mV 0C Model Setup: 'clk'
 22. Slow 1200mV 0C Model Hold: 'clk'
 23. Slow 1200mV 0C Model Metastability Summary
 24. Fast 1200mV 0C Model Setup Summary
 25. Fast 1200mV 0C Model Hold Summary
 26. Fast 1200mV 0C Model Recovery Summary
 27. Fast 1200mV 0C Model Removal Summary
 28. Fast 1200mV 0C Model Minimum Pulse Width Summary
 29. Fast 1200mV 0C Model Setup: 'clk'
 30. Fast 1200mV 0C Model Hold: 'clk'
 31. Fast 1200mV 0C Model Metastability Summary
 32. Multicorner Timing Analysis Summary
 33. Board Trace Model Assignments
 34. Input Transition Times
 35. Signal Integrity Metrics (Slow 1200mv 0c Model)
 36. Signal Integrity Metrics (Slow 1200mv 85c Model)
 37. Signal Integrity Metrics (Fast 1200mv 0c Model)
 38. Setup Transfers
 39. Hold Transfers
 40. Report TCCS
 41. Report RSKM
 42. Unconstrained Paths Summary
 43. Clock Status Summary
 44. Unconstrained Input Ports
 45. Unconstrained Output Ports
 46. Unconstrained Input Ports
 47. Unconstrained Output Ports
 48. Timing Analyzer Messages



----------------
; Legal Notice ;
----------------
Copyright (C) 2022  Intel Corporation. All rights reserved.
Your use of Intel Corporation's design tools, logic functions 
and other software and tools, and any partner logic 
functions, and any output files from any of the foregoing 
(including device programming or simulation files), and any 
associated documentation or information are expressly subject 
to the terms and conditions of the Intel Program License 
Subscription Agreement, the Intel Quartus Prime License Agreement,
the Intel FPGA IP License Agreement, or other applicable license
agreement, including, without limitation, that your use is for
the sole purpose of programming logic devices manufactured by
Intel and sold by Intel or its authorized distributors.  Please
refer to the applicable agreement for further details, at
https://fpgasoftware.intel.com/eula.



+-----------------------------------------------------------------------------+
; Timing Analyzer Summary                                                     ;
+-----------------------+-----------------------------------------------------+
; Quartus Prime Version ; Version 21.1.1 Build 850 06/23/2022 SJ Lite Edition ;
; Timing Analyzer       ; Legacy Timing Analyzer                              ;
; Revision Name         ; multiplier_top                                      ;
; Device Family         ; Cyclone IV E                                        ;
; Device Name           ; EP4CE115F29C7                                       ;
; Timing Models         ; Final                                               ;
; Delay Model           ; Combined                                            ;
; Rise/Fall Delays      ; Enabled                                             ;
+-----------------------+-----------------------------------------------------+


+------------------------------------------+
; Parallel Compilation                     ;
+----------------------------+-------------+
; Processors                 ; Number      ;
+----------------------------+-------------+
; Number detected on machine ; 16          ;
; Maximum allowed            ; 16          ;
;                            ;             ;
; Average used               ; 1.18        ;
; Maximum used               ; 16          ;
;                            ;             ;
; Usage by Processor         ; % Time Used ;
;     Processor 1            ; 100.0%      ;
;     Processors 2-16        ;   1.2%      ;
+----------------------------+-------------+


+---------------------------------------------------------------------------------------------------------------------------------------------------------------------------------+
; Clocks                                                                                                                                                                          ;
+------------+------+--------+------------+-------+-------+------------+-----------+-------------+-------+--------+-----------+------------+----------+--------+--------+---------+
; Clock Name ; Type ; Period ; Frequency  ; Rise  ; Fall  ; Duty Cycle ; Divide by ; Multiply by ; Phase ; Offset ; Edge List ; Edge Shift ; Inverted ; Master ; Source ; Targets ;
+------------+------+--------+------------+-------+-------+------------+-----------+-------------+-------+--------+-----------+------------+----------+--------+--------+---------+
; clk        ; Base ; 1.000  ; 1000.0 MHz ; 0.000 ; 0.500 ;            ;           ;             ;       ;        ;           ;            ;          ;        ;        ; { clk } ;
+------------+------+--------+------------+-------+-------+------------+-----------+-------------+-------+--------+-----------+------------+----------+--------+--------+---------+


+--------------------------------------------------+
; Slow 1200mV 85C Model Fmax Summary               ;
+------------+-----------------+------------+------+
; Fmax       ; Restricted Fmax ; Clock Name ; Note ;
+------------+-----------------+------------+------+
; 210.53 MHz ; 210.53 MHz      ; clk        ;      ;
+------------+-----------------+------------+------+
This panel reports FMAX for every clock in the design, regardless of the user-specified clock periods.  FMAX is only computed for paths where the source and destination registers or ports are driven by the same clock.  Paths of different clocks, including generated clocks, are ignored.  For paths between a clock and its inversion, FMAX is computed as if the rising and falling edges are scaled along with FMAX, such that the duty cycle (in terms of a percentage) is maintained. Altera recommends that you always use clock constraints and other slack reports for sign-off analysis.


----------------------------------
; Timing Closure Recommendations ;
----------------------------------
HTML report is unavailable in plain text report export.


+-------------------------------------+
; Slow 1200mV 85C Model Setup Summary ;
+-------+--------+--------------------+
; Clock ; Slack  ; End Point TNS      ;
+-------+--------+--------------------+
; clk   ; -3.750 ; -205.388           ;
+-------+--------+--------------------+


+------------------------------------+
; Slow 1200mV 85C Model Hold Summary ;
+-------+-------+--------------------+
; Clock ; Slack ; End Point TNS      ;
+-------+-------+--------------------+
; clk   ; 0.402 ; 0.000              ;
+-------+-------+--------------------+


------------------------------------------
; Slow 1200mV 85C Model Recovery Summary ;
------------------------------------------
No paths to report.


-----------------------------------------
; Slow 1200mV 85C Model Removal Summary ;
-----------------------------------------
No paths to report.


+---------------------------------------------------+
; Slow 1200mV 85C Model Minimum Pulse Width Summary ;
+-------+--------+----------------------------------+
; Clock ; Slack  ; End Point TNS                    ;
+-------+--------+----------------------------------+
; clk   ; -3.000 ; -141.780                         ;
+-------+--------+----------------------------------+


+---------------------------------------------------------------------------------------------------------------------------------------------------------------------------------+
; Slow 1200mV 85C Model Setup: 'clk'                                                                                                                                              ;
+--------+---------------------------------------------------+----------------------------------------------+--------------+-------------+--------------+------------+------------+
; Slack  ; From Node                                         ; To Node                                      ; Launch Clock ; Latch Clock ; Relationship ; Clock Skew ; Data Delay ;
+--------+---------------------------------------------------+----------------------------------------------+--------------+-------------+--------------+------------+------------+
; -3.750 ; multiplier_datapath:datapath|product_reg[33]      ; multiplier_datapath:datapath|product_reg[64] ; clk          ; clk         ; 1.000        ; -0.083     ; 4.665      ;
; -3.647 ; multiplier_datapath:datapath|product_reg[32]      ; multiplier_datapath:datapath|product_reg[64] ; clk          ; clk         ; 1.000        ; -0.083     ; 4.562      ;
; -3.639 ; multiplier_datapath:datapath|product_reg[35]      ; multiplier_datapath:datapath|product_reg[64] ; clk          ; clk         ; 1.000        ; -0.084     ; 4.553      ;
; -3.568 ; multiplier_datapath:datapath|multiplicand_reg[1]  ; multiplier_datapath:datapath|product_reg[64] ; clk          ; clk         ; 1.000        ; -0.083     ; 4.483      ;
; -3.549 ; multiplier_datapath:datapath|product_reg[34]      ; multiplier_datapath:datapath|product_reg[64] ; clk          ; clk         ; 1.000        ; -0.084     ; 4.463      ;
; -3.527 ; multiplier_datapath:datapath|product_reg[37]      ; multiplier_datapath:datapath|product_reg[64] ; clk          ; clk         ; 1.000        ; -0.084     ; 4.441      ;
; -3.493 ; multiplier_datapath:datapath|multiplicand_reg[2]  ; multiplier_datapath:datapath|product_reg[64] ; clk          ; clk         ; 1.000        ; -0.083     ; 4.408      ;
; -3.478 ; multiplier_datapath:datapath|multiplicand_reg[0]  ; multiplier_datapath:datapath|product_reg[64] ; clk          ; clk         ; 1.000        ; -0.083     ; 4.393      ;
; -3.446 ; multiplier_datapath:datapath|product_reg[36]      ; multiplier_datapath:datapath|product_reg[64] ; clk          ; clk         ; 1.000        ; -0.084     ; 4.360      ;
; -3.432 ; multiplier_datapath:datapath|multiplicand_reg[3]  ; multiplier_datapath:datapath|product_reg[64] ; clk          ; clk         ; 1.000        ; -0.083     ; 4.347      ;
; -3.399 ; multiplier_datapath:datapath|product_reg[32]      ; multiplier_datapath:datapath|product_reg[63] ; clk          ; clk         ; 1.000        ; -0.083     ; 4.314      ;
; -3.391 ; multiplier_datapath:datapath|product_reg[33]      ; multiplier_datapath:datapath|product_reg[62] ; clk          ; clk         ; 1.000        ; -0.083     ; 4.306      ;
; -3.383 ; multiplier_datapath:datapath|product_reg[39]      ; multiplier_datapath:datapath|product_reg[64] ; clk          ; clk         ; 1.000        ; -0.084     ; 4.297      ;
; -3.319 ; multiplier_datapath:datapath|product_reg[33]      ; multiplier_datapath:datapath|product_reg[63] ; clk          ; clk         ; 1.000        ; -0.083     ; 4.234      ;
; -3.314 ; multiplier_datapath:datapath|product_reg[34]      ; multiplier_datapath:datapath|product_reg[63] ; clk          ; clk         ; 1.000        ; -0.084     ; 4.228      ;
; -3.300 ; multiplier_datapath:datapath|multiplicand_reg[5]  ; multiplier_datapath:datapath|product_reg[64] ; clk          ; clk         ; 1.000        ; -0.083     ; 4.215      ;
; -3.288 ; multiplier_datapath:datapath|product_reg[32]      ; multiplier_datapath:datapath|product_reg[62] ; clk          ; clk         ; 1.000        ; -0.083     ; 4.203      ;
; -3.283 ; multiplier_datapath:datapath|product_reg[32]      ; multiplier_datapath:datapath|product_reg[61] ; clk          ; clk         ; 1.000        ; -0.083     ; 4.198      ;
; -3.280 ; multiplier_datapath:datapath|product_reg[35]      ; multiplier_datapath:datapath|product_reg[62] ; clk          ; clk         ; 1.000        ; -0.084     ; 4.194      ;
; -3.273 ; multiplier_datapath:datapath|product_reg[38]      ; multiplier_datapath:datapath|product_reg[64] ; clk          ; clk         ; 1.000        ; -0.084     ; 4.187      ;
; -3.263 ; multiplier_datapath:datapath|product_reg[32]      ; multiplier_datapath:datapath|product_reg[59] ; clk          ; clk         ; 1.000        ; -0.083     ; 4.178      ;
; -3.241 ; multiplier_datapath:datapath|multiplicand_reg[2]  ; multiplier_datapath:datapath|product_reg[63] ; clk          ; clk         ; 1.000        ; -0.083     ; 4.156      ;
; -3.232 ; multiplier_datapath:datapath|product_reg[33]      ; multiplier_datapath:datapath|product_reg[60] ; clk          ; clk         ; 1.000        ; -0.083     ; 4.147      ;
; -3.231 ; multiplier_datapath:datapath|product_reg[33]      ; multiplier_datapath:datapath|product_reg[58] ; clk          ; clk         ; 1.000        ; -0.083     ; 4.146      ;
; -3.215 ; multiplier_datapath:datapath|product_reg[33]      ; multiplier_datapath:datapath|product_reg[59] ; clk          ; clk         ; 1.000        ; -0.083     ; 4.130      ;
; -3.213 ; multiplier_datapath:datapath|multiplicand_reg[4]  ; multiplier_datapath:datapath|product_reg[64] ; clk          ; clk         ; 1.000        ; -0.083     ; 4.128      ;
; -3.211 ; multiplier_datapath:datapath|product_reg[33]      ; multiplier_datapath:datapath|product_reg[61] ; clk          ; clk         ; 1.000        ; -0.083     ; 4.126      ;
; -3.209 ; multiplier_datapath:datapath|product_reg[36]      ; multiplier_datapath:datapath|product_reg[63] ; clk          ; clk         ; 1.000        ; -0.084     ; 4.123      ;
; -3.209 ; multiplier_datapath:datapath|multiplicand_reg[1]  ; multiplier_datapath:datapath|product_reg[62] ; clk          ; clk         ; 1.000        ; -0.083     ; 4.124      ;
; -3.208 ; multiplier_datapath:datapath|product_reg[35]      ; multiplier_datapath:datapath|product_reg[63] ; clk          ; clk         ; 1.000        ; -0.084     ; 4.122      ;
; -3.207 ; multiplier_datapath:datapath|product_reg[41]      ; multiplier_datapath:datapath|product_reg[64] ; clk          ; clk         ; 1.000        ; -0.082     ; 4.123      ;
; -3.206 ; multiplier_datapath:datapath|multiplicand_reg[0]  ; multiplier_datapath:datapath|product_reg[63] ; clk          ; clk         ; 1.000        ; -0.083     ; 4.121      ;
; -3.198 ; multiplier_datapath:datapath|product_reg[34]      ; multiplier_datapath:datapath|product_reg[61] ; clk          ; clk         ; 1.000        ; -0.084     ; 4.112      ;
; -3.190 ; multiplier_datapath:datapath|product_reg[34]      ; multiplier_datapath:datapath|product_reg[62] ; clk          ; clk         ; 1.000        ; -0.084     ; 4.104      ;
; -3.178 ; multiplier_datapath:datapath|product_reg[34]      ; multiplier_datapath:datapath|product_reg[59] ; clk          ; clk         ; 1.000        ; -0.084     ; 4.092      ;
; -3.168 ; multiplier_datapath:datapath|product_reg[37]      ; multiplier_datapath:datapath|product_reg[62] ; clk          ; clk         ; 1.000        ; -0.084     ; 4.082      ;
; -3.167 ; multiplier_datapath:datapath|multiplicand_reg[7]  ; multiplier_datapath:datapath|product_reg[64] ; clk          ; clk         ; 1.000        ; -0.083     ; 4.082      ;
; -3.145 ; multiplier_datapath:datapath|product_reg[40]      ; multiplier_datapath:datapath|product_reg[64] ; clk          ; clk         ; 1.000        ; -0.082     ; 4.061      ;
; -3.137 ; multiplier_datapath:datapath|multiplicand_reg[1]  ; multiplier_datapath:datapath|product_reg[63] ; clk          ; clk         ; 1.000        ; -0.083     ; 4.052      ;
; -3.134 ; multiplier_datapath:datapath|multiplicand_reg[2]  ; multiplier_datapath:datapath|product_reg[62] ; clk          ; clk         ; 1.000        ; -0.083     ; 4.049      ;
; -3.130 ; multiplier_datapath:datapath|product_reg[33]      ; multiplier_datapath:datapath|product_reg[56] ; clk          ; clk         ; 1.000        ; -0.083     ; 4.045      ;
; -3.129 ; multiplier_datapath:datapath|product_reg[32]      ; multiplier_datapath:datapath|product_reg[60] ; clk          ; clk         ; 1.000        ; -0.083     ; 4.044      ;
; -3.128 ; multiplier_datapath:datapath|product_reg[32]      ; multiplier_datapath:datapath|product_reg[58] ; clk          ; clk         ; 1.000        ; -0.083     ; 4.043      ;
; -3.125 ; multiplier_datapath:datapath|multiplicand_reg[2]  ; multiplier_datapath:datapath|product_reg[61] ; clk          ; clk         ; 1.000        ; -0.083     ; 4.040      ;
; -3.121 ; multiplier_datapath:datapath|product_reg[35]      ; multiplier_datapath:datapath|product_reg[60] ; clk          ; clk         ; 1.000        ; -0.084     ; 4.035      ;
; -3.120 ; multiplier_datapath:datapath|product_reg[43]      ; multiplier_datapath:datapath|product_reg[64] ; clk          ; clk         ; 1.000        ; -0.082     ; 4.036      ;
; -3.120 ; multiplier_datapath:datapath|product_reg[35]      ; multiplier_datapath:datapath|product_reg[58] ; clk          ; clk         ; 1.000        ; -0.084     ; 4.034      ;
; -3.119 ; multiplier_datapath:datapath|multiplicand_reg[0]  ; multiplier_datapath:datapath|product_reg[62] ; clk          ; clk         ; 1.000        ; -0.083     ; 4.034      ;
; -3.105 ; multiplier_datapath:datapath|multiplicand_reg[2]  ; multiplier_datapath:datapath|product_reg[59] ; clk          ; clk         ; 1.000        ; -0.083     ; 4.020      ;
; -3.104 ; multiplier_datapath:datapath|product_reg[35]      ; multiplier_datapath:datapath|product_reg[59] ; clk          ; clk         ; 1.000        ; -0.084     ; 4.018      ;
; -3.100 ; multiplier_datapath:datapath|product_reg[35]      ; multiplier_datapath:datapath|product_reg[61] ; clk          ; clk         ; 1.000        ; -0.084     ; 4.014      ;
; -3.096 ; multiplier_datapath:datapath|product_reg[37]      ; multiplier_datapath:datapath|product_reg[63] ; clk          ; clk         ; 1.000        ; -0.084     ; 4.010      ;
; -3.093 ; multiplier_datapath:datapath|product_reg[32]      ; multiplier_datapath:datapath|product_reg[53] ; clk          ; clk         ; 1.000        ; -0.083     ; 4.008      ;
; -3.093 ; multiplier_datapath:datapath|product_reg[36]      ; multiplier_datapath:datapath|product_reg[61] ; clk          ; clk         ; 1.000        ; -0.084     ; 4.007      ;
; -3.090 ; multiplier_datapath:datapath|multiplicand_reg[0]  ; multiplier_datapath:datapath|product_reg[61] ; clk          ; clk         ; 1.000        ; -0.083     ; 4.005      ;
; -3.087 ; multiplier_datapath:datapath|product_reg[36]      ; multiplier_datapath:datapath|product_reg[62] ; clk          ; clk         ; 1.000        ; -0.084     ; 4.001      ;
; -3.080 ; multiplier_datapath:datapath|multiplicand_reg[6]  ; multiplier_datapath:datapath|product_reg[64] ; clk          ; clk         ; 1.000        ; -0.083     ; 3.995      ;
; -3.075 ; multiplier_datapath:datapath|multiplicand_reg[11] ; multiplier_datapath:datapath|product_reg[64] ; clk          ; clk         ; 1.000        ; -0.081     ; 3.992      ;
; -3.073 ; multiplier_datapath:datapath|multiplicand_reg[15] ; multiplier_datapath:datapath|product_reg[64] ; clk          ; clk         ; 1.000        ; -0.514     ; 3.557      ;
; -3.073 ; multiplier_datapath:datapath|multiplicand_reg[3]  ; multiplier_datapath:datapath|product_reg[62] ; clk          ; clk         ; 1.000        ; -0.083     ; 3.988      ;
; -3.073 ; multiplier_datapath:datapath|product_reg[36]      ; multiplier_datapath:datapath|product_reg[59] ; clk          ; clk         ; 1.000        ; -0.084     ; 3.987      ;
; -3.070 ; multiplier_datapath:datapath|multiplicand_reg[0]  ; multiplier_datapath:datapath|product_reg[59] ; clk          ; clk         ; 1.000        ; -0.083     ; 3.985      ;
; -3.050 ; multiplier_datapath:datapath|multiplicand_reg[1]  ; multiplier_datapath:datapath|product_reg[60] ; clk          ; clk         ; 1.000        ; -0.083     ; 3.965      ;
; -3.049 ; multiplier_datapath:datapath|multiplicand_reg[1]  ; multiplier_datapath:datapath|product_reg[58] ; clk          ; clk         ; 1.000        ; -0.083     ; 3.964      ;
; -3.040 ; multiplier_datapath:datapath|multiplicand_reg[9]  ; multiplier_datapath:datapath|product_reg[64] ; clk          ; clk         ; 1.000        ; -0.081     ; 3.957      ;
; -3.038 ; multiplier_datapath:datapath|product_reg[32]      ; multiplier_datapath:datapath|product_reg[55] ; clk          ; clk         ; 1.000        ; -0.083     ; 3.953      ;
; -3.033 ; multiplier_datapath:datapath|multiplicand_reg[1]  ; multiplier_datapath:datapath|product_reg[59] ; clk          ; clk         ; 1.000        ; -0.083     ; 3.948      ;
; -3.031 ; multiplier_datapath:datapath|product_reg[34]      ; multiplier_datapath:datapath|product_reg[60] ; clk          ; clk         ; 1.000        ; -0.084     ; 3.945      ;
; -3.030 ; multiplier_datapath:datapath|product_reg[34]      ; multiplier_datapath:datapath|product_reg[58] ; clk          ; clk         ; 1.000        ; -0.084     ; 3.944      ;
; -3.030 ; multiplier_datapath:datapath|product_reg[33]      ; multiplier_datapath:datapath|product_reg[53] ; clk          ; clk         ; 1.000        ; -0.083     ; 3.945      ;
; -3.029 ; multiplier_datapath:datapath|multiplicand_reg[1]  ; multiplier_datapath:datapath|product_reg[61] ; clk          ; clk         ; 1.000        ; -0.083     ; 3.944      ;
; -3.027 ; multiplier_datapath:datapath|product_reg[32]      ; multiplier_datapath:datapath|product_reg[56] ; clk          ; clk         ; 1.000        ; -0.083     ; 3.942      ;
; -3.024 ; multiplier_datapath:datapath|product_reg[39]      ; multiplier_datapath:datapath|product_reg[62] ; clk          ; clk         ; 1.000        ; -0.084     ; 3.938      ;
; -3.019 ; multiplier_datapath:datapath|product_reg[35]      ; multiplier_datapath:datapath|product_reg[56] ; clk          ; clk         ; 1.000        ; -0.084     ; 3.933      ;
; -3.016 ; multiplier_datapath:datapath|product_reg[32]      ; multiplier_datapath:datapath|product_reg[57] ; clk          ; clk         ; 1.000        ; -0.083     ; 3.931      ;
; -3.009 ; multiplier_datapath:datapath|product_reg[37]      ; multiplier_datapath:datapath|product_reg[60] ; clk          ; clk         ; 1.000        ; -0.084     ; 3.923      ;
; -3.008 ; multiplier_datapath:datapath|product_reg[38]      ; multiplier_datapath:datapath|product_reg[63] ; clk          ; clk         ; 1.000        ; -0.084     ; 3.922      ;
; -3.008 ; multiplier_datapath:datapath|product_reg[37]      ; multiplier_datapath:datapath|product_reg[58] ; clk          ; clk         ; 1.000        ; -0.084     ; 3.922      ;
; -3.008 ; multiplier_datapath:datapath|product_reg[34]      ; multiplier_datapath:datapath|product_reg[53] ; clk          ; clk         ; 1.000        ; -0.084     ; 3.922      ;
; -3.001 ; multiplier_datapath:datapath|multiplicand_reg[3]  ; multiplier_datapath:datapath|product_reg[63] ; clk          ; clk         ; 1.000        ; -0.083     ; 3.916      ;
; -2.998 ; multiplier_datapath:datapath|product_reg[51]      ; multiplier_datapath:datapath|product_reg[64] ; clk          ; clk         ; 1.000        ; -0.514     ; 3.482      ;
; -2.998 ; multiplier_datapath:datapath|product_reg[33]      ; multiplier_datapath:datapath|product_reg[55] ; clk          ; clk         ; 1.000        ; -0.083     ; 3.913      ;
; -2.993 ; multiplier_datapath:datapath|product_reg[45]      ; multiplier_datapath:datapath|product_reg[64] ; clk          ; clk         ; 1.000        ; -0.082     ; 3.909      ;
; -2.993 ; multiplier_datapath:datapath|product_reg[42]      ; multiplier_datapath:datapath|product_reg[64] ; clk          ; clk         ; 1.000        ; -0.082     ; 3.909      ;
; -2.992 ; multiplier_datapath:datapath|product_reg[37]      ; multiplier_datapath:datapath|product_reg[59] ; clk          ; clk         ; 1.000        ; -0.084     ; 3.906      ;
; -2.988 ; multiplier_datapath:datapath|product_reg[37]      ; multiplier_datapath:datapath|product_reg[61] ; clk          ; clk         ; 1.000        ; -0.084     ; 3.902      ;
; -2.985 ; multiplier_datapath:datapath|multiplicand_reg[14] ; multiplier_datapath:datapath|product_reg[64] ; clk          ; clk         ; 1.000        ; -0.514     ; 3.469      ;
; -2.975 ; multiplier_datapath:datapath|multiplicand_reg[2]  ; multiplier_datapath:datapath|product_reg[60] ; clk          ; clk         ; 1.000        ; -0.083     ; 3.890      ;
; -2.974 ; multiplier_datapath:datapath|multiplicand_reg[2]  ; multiplier_datapath:datapath|product_reg[58] ; clk          ; clk         ; 1.000        ; -0.083     ; 3.889      ;
; -2.960 ; multiplier_datapath:datapath|multiplicand_reg[0]  ; multiplier_datapath:datapath|product_reg[60] ; clk          ; clk         ; 1.000        ; -0.083     ; 3.875      ;
; -2.959 ; multiplier_datapath:datapath|multiplicand_reg[0]  ; multiplier_datapath:datapath|product_reg[58] ; clk          ; clk         ; 1.000        ; -0.083     ; 3.874      ;
; -2.957 ; multiplier_datapath:datapath|multiplicand_reg[8]  ; multiplier_datapath:datapath|product_reg[64] ; clk          ; clk         ; 1.000        ; -0.081     ; 3.874      ;
; -2.953 ; multiplier_datapath:datapath|product_reg[34]      ; multiplier_datapath:datapath|product_reg[55] ; clk          ; clk         ; 1.000        ; -0.084     ; 3.867      ;
; -2.952 ; multiplier_datapath:datapath|product_reg[39]      ; multiplier_datapath:datapath|product_reg[63] ; clk          ; clk         ; 1.000        ; -0.084     ; 3.866      ;
; -2.948 ; multiplier_datapath:datapath|multiplicand_reg[1]  ; multiplier_datapath:datapath|product_reg[56] ; clk          ; clk         ; 1.000        ; -0.083     ; 3.863      ;
; -2.943 ; multiplier_datapath:datapath|product_reg[33]      ; multiplier_datapath:datapath|product_reg[57] ; clk          ; clk         ; 1.000        ; -0.083     ; 3.858      ;
; -2.942 ; multiplier_datapath:datapath|multiplicand_reg[4]  ; multiplier_datapath:datapath|product_reg[63] ; clk          ; clk         ; 1.000        ; -0.083     ; 3.857      ;
; -2.941 ; multiplier_datapath:datapath|multiplicand_reg[5]  ; multiplier_datapath:datapath|product_reg[62] ; clk          ; clk         ; 1.000        ; -0.083     ; 3.856      ;
; -2.935 ; multiplier_datapath:datapath|multiplicand_reg[2]  ; multiplier_datapath:datapath|product_reg[53] ; clk          ; clk         ; 1.000        ; -0.083     ; 3.850      ;
; -2.931 ; multiplier_datapath:datapath|product_reg[34]      ; multiplier_datapath:datapath|product_reg[57] ; clk          ; clk         ; 1.000        ; -0.084     ; 3.845      ;
+--------+---------------------------------------------------+----------------------------------------------+--------------+-------------+--------------+------------+------------+


+--------------------------------------------------------------------------------------------------------------------------------------------------------------------------------+
; Slow 1200mV 85C Model Hold: 'clk'                                                                                                                                              ;
+-------+---------------------------------------------------+----------------------------------------------+--------------+-------------+--------------+------------+------------+
; Slack ; From Node                                         ; To Node                                      ; Launch Clock ; Latch Clock ; Relationship ; Clock Skew ; Data Delay ;
+-------+---------------------------------------------------+----------------------------------------------+--------------+-------------+--------------+------------+------------+
; 0.402 ; multiplier_control:control|state.IDLE             ; multiplier_control:control|state.IDLE        ; clk          ; clk         ; 0.000        ; 0.081      ; 0.669      ;
; 0.402 ; multiplier_control:control|state.DONE             ; multiplier_control:control|state.DONE        ; clk          ; clk         ; 0.000        ; 0.081      ; 0.669      ;
; 0.403 ; multiplier_datapath:datapath|product_reg[64]      ; multiplier_datapath:datapath|product_reg[64] ; clk          ; clk         ; 0.000        ; 0.080      ; 0.669      ;
; 0.427 ; multiplier_control:control|count[5]               ; multiplier_control:control|count[5]          ; clk          ; clk         ; 0.000        ; 0.081      ; 0.694      ;
; 0.449 ; multiplier_datapath:datapath|product_reg[54]      ; multiplier_datapath:datapath|product_reg[53] ; clk          ; clk         ; 0.000        ; 0.081      ; 0.716      ;
; 0.451 ; multiplier_datapath:datapath|product_reg[31]      ; multiplier_datapath:datapath|product_reg[30] ; clk          ; clk         ; 0.000        ; 0.081      ; 0.718      ;
; 0.452 ; multiplier_datapath:datapath|product_reg[60]      ; multiplier_datapath:datapath|product_reg[59] ; clk          ; clk         ; 0.000        ; 0.080      ; 0.718      ;
; 0.452 ; multiplier_datapath:datapath|product_reg[43]      ; multiplier_datapath:datapath|product_reg[42] ; clk          ; clk         ; 0.000        ; 0.080      ; 0.718      ;
; 0.474 ; multiplier_datapath:datapath|product_reg[57]      ; multiplier_datapath:datapath|product_reg[56] ; clk          ; clk         ; 0.000        ; 0.080      ; 0.740      ;
; 0.475 ; multiplier_datapath:datapath|product_reg[48]      ; multiplier_datapath:datapath|product_reg[47] ; clk          ; clk         ; 0.000        ; 0.080      ; 0.741      ;
; 0.509 ; multiplier_control:control|state.ADD_OR_SKIP      ; multiplier_datapath:datapath|product_reg[58] ; clk          ; clk         ; 0.000        ; 0.080      ; 0.775      ;
; 0.556 ; multiplier_datapath:datapath|product_reg[64]      ; multiplier_datapath:datapath|product_reg[63] ; clk          ; clk         ; 0.000        ; 0.080      ; 0.822      ;
; 0.563 ; multiplier_datapath:datapath|product_reg[52]      ; multiplier_datapath:datapath|product_reg[51] ; clk          ; clk         ; 0.000        ; 0.514      ; 1.263      ;
; 0.575 ; multiplier_datapath:datapath|product_reg[47]      ; multiplier_datapath:datapath|product_reg[46] ; clk          ; clk         ; 0.000        ; 0.080      ; 0.841      ;
; 0.575 ; multiplier_datapath:datapath|product_reg[16]      ; multiplier_datapath:datapath|product_reg[15] ; clk          ; clk         ; 0.000        ; 0.080      ; 0.841      ;
; 0.576 ; multiplier_datapath:datapath|product_reg[1]       ; multiplier_datapath:datapath|product_reg[0]  ; clk          ; clk         ; 0.000        ; 0.081      ; 0.843      ;
; 0.576 ; multiplier_datapath:datapath|product_reg[8]       ; multiplier_datapath:datapath|product_reg[7]  ; clk          ; clk         ; 0.000        ; 0.081      ; 0.843      ;
; 0.577 ; multiplier_datapath:datapath|product_reg[62]      ; multiplier_datapath:datapath|product_reg[61] ; clk          ; clk         ; 0.000        ; 0.080      ; 0.843      ;
; 0.578 ; multiplier_datapath:datapath|product_reg[45]      ; multiplier_datapath:datapath|product_reg[44] ; clk          ; clk         ; 0.000        ; 0.080      ; 0.844      ;
; 0.579 ; multiplier_datapath:datapath|product_reg[2]       ; multiplier_datapath:datapath|product_reg[1]  ; clk          ; clk         ; 0.000        ; 0.081      ; 0.846      ;
; 0.580 ; multiplier_datapath:datapath|product_reg[11]      ; multiplier_datapath:datapath|product_reg[10] ; clk          ; clk         ; 0.000        ; 0.081      ; 0.847      ;
; 0.597 ; multiplier_datapath:datapath|product_reg[33]      ; multiplier_datapath:datapath|product_reg[32] ; clk          ; clk         ; 0.000        ; 0.081      ; 0.864      ;
; 0.599 ; multiplier_datapath:datapath|product_reg[36]      ; multiplier_datapath:datapath|product_reg[35] ; clk          ; clk         ; 0.000        ; 0.080      ; 0.865      ;
; 0.599 ; multiplier_datapath:datapath|product_reg[37]      ; multiplier_datapath:datapath|product_reg[36] ; clk          ; clk         ; 0.000        ; 0.080      ; 0.865      ;
; 0.642 ; multiplier_control:control|count[1]               ; multiplier_control:control|count[1]          ; clk          ; clk         ; 0.000        ; 0.081      ; 0.909      ;
; 0.645 ; multiplier_control:control|count[3]               ; multiplier_control:control|count[3]          ; clk          ; clk         ; 0.000        ; 0.081      ; 0.912      ;
; 0.648 ; multiplier_control:control|count[2]               ; multiplier_control:control|count[2]          ; clk          ; clk         ; 0.000        ; 0.081      ; 0.915      ;
; 0.648 ; multiplier_control:control|count[4]               ; multiplier_control:control|count[4]          ; clk          ; clk         ; 0.000        ; 0.081      ; 0.915      ;
; 0.658 ; multiplier_datapath:datapath|product_reg[55]      ; multiplier_datapath:datapath|product_reg[54] ; clk          ; clk         ; 0.000        ; 0.081      ; 0.925      ;
; 0.659 ; multiplier_datapath:datapath|product_reg[39]      ; multiplier_datapath:datapath|product_reg[38] ; clk          ; clk         ; 0.000        ; 0.080      ; 0.925      ;
; 0.660 ; multiplier_datapath:datapath|product_reg[61]      ; multiplier_datapath:datapath|product_reg[60] ; clk          ; clk         ; 0.000        ; 0.080      ; 0.926      ;
; 0.660 ; multiplier_datapath:datapath|product_reg[63]      ; multiplier_datapath:datapath|product_reg[62] ; clk          ; clk         ; 0.000        ; 0.080      ; 0.926      ;
; 0.661 ; multiplier_datapath:datapath|product_reg[15]      ; multiplier_datapath:datapath|product_reg[14] ; clk          ; clk         ; 0.000        ; 0.080      ; 0.927      ;
; 0.663 ; multiplier_control:control|count[0]               ; multiplier_control:control|count[0]          ; clk          ; clk         ; 0.000        ; 0.081      ; 0.930      ;
; 0.676 ; multiplier_datapath:datapath|product_reg[19]      ; multiplier_datapath:datapath|product_reg[18] ; clk          ; clk         ; 0.000        ; 0.081      ; 0.943      ;
; 0.677 ; multiplier_datapath:datapath|product_reg[21]      ; multiplier_datapath:datapath|product_reg[20] ; clk          ; clk         ; 0.000        ; 0.081      ; 0.944      ;
; 0.678 ; multiplier_datapath:datapath|product_reg[38]      ; multiplier_datapath:datapath|product_reg[37] ; clk          ; clk         ; 0.000        ; 0.080      ; 0.944      ;
; 0.678 ; multiplier_datapath:datapath|product_reg[24]      ; multiplier_datapath:datapath|product_reg[23] ; clk          ; clk         ; 0.000        ; 0.081      ; 0.945      ;
; 0.678 ; multiplier_datapath:datapath|product_reg[25]      ; multiplier_datapath:datapath|product_reg[24] ; clk          ; clk         ; 0.000        ; 0.081      ; 0.945      ;
; 0.678 ; multiplier_datapath:datapath|product_reg[27]      ; multiplier_datapath:datapath|product_reg[26] ; clk          ; clk         ; 0.000        ; 0.081      ; 0.945      ;
; 0.679 ; multiplier_datapath:datapath|product_reg[49]      ; multiplier_datapath:datapath|product_reg[48] ; clk          ; clk         ; 0.000        ; 0.080      ; 0.945      ;
; 0.679 ; multiplier_datapath:datapath|product_reg[59]      ; multiplier_datapath:datapath|product_reg[58] ; clk          ; clk         ; 0.000        ; 0.080      ; 0.945      ;
; 0.681 ; multiplier_datapath:datapath|product_reg[29]      ; multiplier_datapath:datapath|product_reg[28] ; clk          ; clk         ; 0.000        ; 0.081      ; 0.948      ;
; 0.682 ; multiplier_datapath:datapath|product_reg[53]      ; multiplier_datapath:datapath|product_reg[52] ; clk          ; clk         ; 0.000        ; 0.081      ; 0.949      ;
; 0.685 ; multiplier_control:control|state.IDLE             ; multiplier_control:control|state.LOAD        ; clk          ; clk         ; 0.000        ; 0.081      ; 0.952      ;
; 0.701 ; multiplier_datapath:datapath|product_reg[28]      ; multiplier_datapath:datapath|product_reg[27] ; clk          ; clk         ; 0.000        ; 0.081      ; 0.968      ;
; 0.702 ; multiplier_datapath:datapath|product_reg[6]       ; multiplier_datapath:datapath|product_reg[5]  ; clk          ; clk         ; 0.000        ; 0.081      ; 0.969      ;
; 0.702 ; multiplier_datapath:datapath|product_reg[7]       ; multiplier_datapath:datapath|product_reg[6]  ; clk          ; clk         ; 0.000        ; 0.081      ; 0.969      ;
; 0.702 ; multiplier_datapath:datapath|product_reg[22]      ; multiplier_datapath:datapath|product_reg[21] ; clk          ; clk         ; 0.000        ; 0.081      ; 0.969      ;
; 0.702 ; multiplier_datapath:datapath|product_reg[26]      ; multiplier_datapath:datapath|product_reg[25] ; clk          ; clk         ; 0.000        ; 0.081      ; 0.969      ;
; 0.703 ; multiplier_datapath:datapath|product_reg[9]       ; multiplier_datapath:datapath|product_reg[8]  ; clk          ; clk         ; 0.000        ; 0.081      ; 0.970      ;
; 0.703 ; multiplier_datapath:datapath|product_reg[18]      ; multiplier_datapath:datapath|product_reg[17] ; clk          ; clk         ; 0.000        ; 0.081      ; 0.970      ;
; 0.704 ; multiplier_datapath:datapath|product_reg[3]       ; multiplier_datapath:datapath|product_reg[2]  ; clk          ; clk         ; 0.000        ; 0.081      ; 0.971      ;
; 0.704 ; multiplier_datapath:datapath|product_reg[12]      ; multiplier_datapath:datapath|product_reg[11] ; clk          ; clk         ; 0.000        ; 0.081      ; 0.971      ;
; 0.704 ; multiplier_datapath:datapath|product_reg[20]      ; multiplier_datapath:datapath|product_reg[19] ; clk          ; clk         ; 0.000        ; 0.081      ; 0.971      ;
; 0.706 ; multiplier_datapath:datapath|product_reg[13]      ; multiplier_datapath:datapath|product_reg[12] ; clk          ; clk         ; 0.000        ; 0.081      ; 0.973      ;
; 0.706 ; multiplier_datapath:datapath|product_reg[23]      ; multiplier_datapath:datapath|product_reg[22] ; clk          ; clk         ; 0.000        ; 0.081      ; 0.973      ;
; 0.707 ; multiplier_datapath:datapath|product_reg[4]       ; multiplier_datapath:datapath|product_reg[3]  ; clk          ; clk         ; 0.000        ; 0.081      ; 0.974      ;
; 0.707 ; multiplier_datapath:datapath|product_reg[10]      ; multiplier_datapath:datapath|product_reg[9]  ; clk          ; clk         ; 0.000        ; 0.081      ; 0.974      ;
; 0.728 ; multiplier_control:control|state.ADD_OR_SKIP      ; multiplier_datapath:datapath|product_reg[61] ; clk          ; clk         ; 0.000        ; 0.080      ; 0.994      ;
; 0.729 ; multiplier_control:control|state.ADD_OR_SKIP      ; multiplier_datapath:datapath|product_reg[63] ; clk          ; clk         ; 0.000        ; 0.080      ; 0.995      ;
; 0.733 ; multiplier_datapath:datapath|product_reg[46]      ; multiplier_datapath:datapath|product_reg[45] ; clk          ; clk         ; 0.000        ; 0.080      ; 0.999      ;
; 0.735 ; multiplier_control:control|state.DONE             ; multiplier_control:control|state.IDLE        ; clk          ; clk         ; 0.000        ; 0.081      ; 1.002      ;
; 0.737 ; multiplier_datapath:datapath|product_reg[42]      ; multiplier_datapath:datapath|product_reg[41] ; clk          ; clk         ; 0.000        ; 0.080      ; 1.003      ;
; 0.740 ; multiplier_control:control|state.ADD_OR_SKIP      ; multiplier_datapath:datapath|product_reg[57] ; clk          ; clk         ; 0.000        ; 0.080      ; 1.006      ;
; 0.741 ; multiplier_control:control|state.ADD_OR_SKIP      ; multiplier_datapath:datapath|product_reg[62] ; clk          ; clk         ; 0.000        ; 0.080      ; 1.007      ;
; 0.742 ; multiplier_control:control|state.ADD_OR_SKIP      ; multiplier_datapath:datapath|product_reg[60] ; clk          ; clk         ; 0.000        ; 0.080      ; 1.008      ;
; 0.761 ; multiplier_control:control|state.ADD_OR_SKIP      ; multiplier_datapath:datapath|product_reg[56] ; clk          ; clk         ; 0.000        ; 0.080      ; 1.027      ;
; 0.769 ; multiplier_control:control|state.ADD_OR_SKIP      ; multiplier_datapath:datapath|product_reg[59] ; clk          ; clk         ; 0.000        ; 0.080      ; 1.035      ;
; 0.831 ; multiplier_datapath:datapath|product_reg[35]      ; multiplier_datapath:datapath|product_reg[34] ; clk          ; clk         ; 0.000        ; 0.080      ; 1.097      ;
; 0.831 ; multiplier_datapath:datapath|product_reg[58]      ; multiplier_datapath:datapath|product_reg[57] ; clk          ; clk         ; 0.000        ; 0.080      ; 1.097      ;
; 0.834 ; multiplier_datapath:datapath|product_reg[0]       ; multiplier_datapath:datapath|product_reg[33] ; clk          ; clk         ; 0.000        ; 0.081      ; 1.101      ;
; 0.834 ; multiplier_datapath:datapath|product_reg[0]       ; multiplier_datapath:datapath|product_reg[32] ; clk          ; clk         ; 0.000        ; 0.081      ; 1.101      ;
; 0.849 ; multiplier_datapath:datapath|product_reg[44]      ; multiplier_datapath:datapath|product_reg[43] ; clk          ; clk         ; 0.000        ; 0.080      ; 1.115      ;
; 0.852 ; multiplier_datapath:datapath|product_reg[30]      ; multiplier_datapath:datapath|product_reg[29] ; clk          ; clk         ; 0.000        ; 0.082      ; 1.120      ;
; 0.853 ; multiplier_control:control|state.ADD_OR_SKIP      ; multiplier_datapath:datapath|product_reg[64] ; clk          ; clk         ; 0.000        ; 0.080      ; 1.119      ;
; 0.860 ; multiplier_datapath:datapath|multiplicand_reg[19] ; multiplier_datapath:datapath|product_reg[51] ; clk          ; clk         ; 0.000        ; 0.514      ; 1.560      ;
; 0.880 ; multiplier_datapath:datapath|product_reg[56]      ; multiplier_datapath:datapath|product_reg[55] ; clk          ; clk         ; 0.000        ; 0.081      ; 1.147      ;
; 0.951 ; multiplier_control:control|state.ADD_OR_SKIP      ; multiplier_datapath:datapath|product_reg[48] ; clk          ; clk         ; 0.000        ; 0.082      ; 1.219      ;
; 0.951 ; multiplier_control:control|state.ADD_OR_SKIP      ; multiplier_datapath:datapath|product_reg[43] ; clk          ; clk         ; 0.000        ; 0.082      ; 1.219      ;
; 0.952 ; multiplier_control:control|state.ADD_OR_SKIP      ; multiplier_datapath:datapath|product_reg[40] ; clk          ; clk         ; 0.000        ; 0.082      ; 1.220      ;
; 0.953 ; multiplier_control:control|state.ADD_OR_SKIP      ; multiplier_datapath:datapath|product_reg[41] ; clk          ; clk         ; 0.000        ; 0.082      ; 1.221      ;
; 0.960 ; multiplier_control:control|count[1]               ; multiplier_control:control|count[2]          ; clk          ; clk         ; 0.000        ; 0.081      ; 1.227      ;
; 0.962 ; multiplier_control:control|count[3]               ; multiplier_control:control|count[4]          ; clk          ; clk         ; 0.000        ; 0.081      ; 1.229      ;
; 0.971 ; multiplier_control:control|count[0]               ; multiplier_control:control|count[1]          ; clk          ; clk         ; 0.000        ; 0.081      ; 1.238      ;
; 0.971 ; multiplier_datapath:datapath|product_reg[34]      ; multiplier_datapath:datapath|product_reg[33] ; clk          ; clk         ; 0.000        ; 0.079      ; 1.236      ;
; 0.975 ; multiplier_control:control|count[4]               ; multiplier_control:control|count[5]          ; clk          ; clk         ; 0.000        ; 0.081      ; 1.242      ;
; 0.975 ; multiplier_control:control|count[2]               ; multiplier_control:control|count[3]          ; clk          ; clk         ; 0.000        ; 0.081      ; 1.242      ;
; 0.976 ; multiplier_control:control|count[0]               ; multiplier_control:control|count[2]          ; clk          ; clk         ; 0.000        ; 0.081      ; 1.243      ;
; 0.980 ; multiplier_control:control|count[2]               ; multiplier_control:control|count[4]          ; clk          ; clk         ; 0.000        ; 0.081      ; 1.247      ;
; 0.992 ; multiplier_control:control|state.ADD_OR_SKIP      ; multiplier_datapath:datapath|product_reg[37] ; clk          ; clk         ; 0.000        ; 0.084      ; 1.262      ;
; 0.995 ; multiplier_control:control|state.LOAD             ; multiplier_control:control|state.ADD_OR_SKIP ; clk          ; clk         ; 0.000        ; 0.075      ; 1.256      ;
; 1.002 ; multiplier_control:control|state.ADD_OR_SKIP      ; multiplier_control:control|state.SHIFT       ; clk          ; clk         ; 0.000        ; 0.084      ; 1.272      ;
; 1.016 ; multiplier_control:control|state.ADD_OR_SKIP      ; multiplier_datapath:datapath|product_reg[51] ; clk          ; clk         ; 0.000        ; 0.514      ; 1.716      ;
; 1.024 ; multiplier_datapath:datapath|product_reg[40]      ; multiplier_datapath:datapath|product_reg[39] ; clk          ; clk         ; 0.000        ; 0.082      ; 1.292      ;
; 1.057 ; multiplier_datapath:datapath|product_reg[0]       ; multiplier_datapath:datapath|product_reg[38] ; clk          ; clk         ; 0.000        ; 0.082      ; 1.325      ;
; 1.059 ; multiplier_datapath:datapath|product_reg[0]       ; multiplier_datapath:datapath|product_reg[34] ; clk          ; clk         ; 0.000        ; 0.082      ; 1.327      ;
; 1.074 ; multiplier_datapath:datapath|product_reg[51]      ; multiplier_datapath:datapath|product_reg[50] ; clk          ; clk         ; 0.000        ; -0.335     ; 0.925      ;
; 1.081 ; multiplier_control:control|count[1]               ; multiplier_control:control|count[3]          ; clk          ; clk         ; 0.000        ; 0.081      ; 1.348      ;
; 1.083 ; multiplier_control:control|count[3]               ; multiplier_control:control|count[5]          ; clk          ; clk         ; 0.000        ; 0.081      ; 1.350      ;
+-------+---------------------------------------------------+----------------------------------------------+--------------+-------------+--------------+------------+------------+


-----------------------------------------------
; Slow 1200mV 85C Model Metastability Summary ;
-----------------------------------------------
No synchronizer chains to report.


+--------------------------------------------------+
; Slow 1200mV 0C Model Fmax Summary                ;
+------------+-----------------+------------+------+
; Fmax       ; Restricted Fmax ; Clock Name ; Note ;
+------------+-----------------+------------+------+
; 237.64 MHz ; 237.64 MHz      ; clk        ;      ;
+------------+-----------------+------------+------+
This panel reports FMAX for every clock in the design, regardless of the user-specified clock periods.  FMAX is only computed for paths where the source and destination registers or ports are driven by the same clock.  Paths of different clocks, including generated clocks, are ignored.  For paths between a clock and its inversion, FMAX is computed as if the rising and falling edges are scaled along with FMAX, such that the duty cycle (in terms of a percentage) is maintained. Altera recommends that you always use clock constraints and other slack reports for sign-off analysis.


+------------------------------------+
; Slow 1200mV 0C Model Setup Summary ;
+-------+--------+-------------------+
; Clock ; Slack  ; End Point TNS     ;
+-------+--------+-------------------+
; clk   ; -3.208 ; -179.598          ;
+-------+--------+-------------------+


+-----------------------------------+
; Slow 1200mV 0C Model Hold Summary ;
+-------+-------+-------------------+
; Clock ; Slack ; End Point TNS     ;
+-------+-------+-------------------+
; clk   ; 0.354 ; 0.000             ;
+-------+-------+-------------------+


-----------------------------------------
; Slow 1200mV 0C Model Recovery Summary ;
-----------------------------------------
No paths to report.


----------------------------------------
; Slow 1200mV 0C Model Removal Summary ;
----------------------------------------
No paths to report.


+--------------------------------------------------+
; Slow 1200mV 0C Model Minimum Pulse Width Summary ;
+-------+--------+---------------------------------+
; Clock ; Slack  ; End Point TNS                   ;
+-------+--------+---------------------------------+
; clk   ; -3.000 ; -141.780                        ;
+-------+--------+---------------------------------+


+---------------------------------------------------------------------------------------------------------------------------------------------------------------------------------+
; Slow 1200mV 0C Model Setup: 'clk'                                                                                                                                               ;
+--------+---------------------------------------------------+----------------------------------------------+--------------+-------------+--------------+------------+------------+
; Slack  ; From Node                                         ; To Node                                      ; Launch Clock ; Latch Clock ; Relationship ; Clock Skew ; Data Delay ;
+--------+---------------------------------------------------+----------------------------------------------+--------------+-------------+--------------+------------+------------+
; -3.208 ; multiplier_datapath:datapath|product_reg[33]      ; multiplier_datapath:datapath|product_reg[64] ; clk          ; clk         ; 1.000        ; -0.075     ; 4.132      ;
; -3.119 ; multiplier_datapath:datapath|product_reg[32]      ; multiplier_datapath:datapath|product_reg[64] ; clk          ; clk         ; 1.000        ; -0.075     ; 4.043      ;
; -3.107 ; multiplier_datapath:datapath|product_reg[35]      ; multiplier_datapath:datapath|product_reg[64] ; clk          ; clk         ; 1.000        ; -0.076     ; 4.030      ;
; -3.049 ; multiplier_datapath:datapath|product_reg[34]      ; multiplier_datapath:datapath|product_reg[64] ; clk          ; clk         ; 1.000        ; -0.076     ; 3.972      ;
; -3.047 ; multiplier_datapath:datapath|multiplicand_reg[1]  ; multiplier_datapath:datapath|product_reg[64] ; clk          ; clk         ; 1.000        ; -0.075     ; 3.971      ;
; -3.009 ; multiplier_datapath:datapath|product_reg[37]      ; multiplier_datapath:datapath|product_reg[64] ; clk          ; clk         ; 1.000        ; -0.076     ; 3.932      ;
; -2.980 ; multiplier_datapath:datapath|multiplicand_reg[2]  ; multiplier_datapath:datapath|product_reg[64] ; clk          ; clk         ; 1.000        ; -0.075     ; 3.904      ;
; -2.969 ; multiplier_datapath:datapath|multiplicand_reg[0]  ; multiplier_datapath:datapath|product_reg[64] ; clk          ; clk         ; 1.000        ; -0.075     ; 3.893      ;
; -2.960 ; multiplier_datapath:datapath|product_reg[32]      ; multiplier_datapath:datapath|product_reg[63] ; clk          ; clk         ; 1.000        ; -0.075     ; 3.884      ;
; -2.956 ; multiplier_datapath:datapath|product_reg[36]      ; multiplier_datapath:datapath|product_reg[64] ; clk          ; clk         ; 1.000        ; -0.076     ; 3.879      ;
; -2.928 ; multiplier_datapath:datapath|multiplicand_reg[3]  ; multiplier_datapath:datapath|product_reg[64] ; clk          ; clk         ; 1.000        ; -0.075     ; 3.852      ;
; -2.926 ; multiplier_datapath:datapath|product_reg[33]      ; multiplier_datapath:datapath|product_reg[62] ; clk          ; clk         ; 1.000        ; -0.075     ; 3.850      ;
; -2.890 ; multiplier_datapath:datapath|product_reg[34]      ; multiplier_datapath:datapath|product_reg[63] ; clk          ; clk         ; 1.000        ; -0.076     ; 3.813      ;
; -2.881 ; multiplier_datapath:datapath|product_reg[39]      ; multiplier_datapath:datapath|product_reg[64] ; clk          ; clk         ; 1.000        ; -0.076     ; 3.804      ;
; -2.858 ; multiplier_datapath:datapath|product_reg[32]      ; multiplier_datapath:datapath|product_reg[61] ; clk          ; clk         ; 1.000        ; -0.075     ; 3.782      ;
; -2.853 ; multiplier_datapath:datapath|product_reg[33]      ; multiplier_datapath:datapath|product_reg[63] ; clk          ; clk         ; 1.000        ; -0.075     ; 3.777      ;
; -2.844 ; multiplier_datapath:datapath|product_reg[32]      ; multiplier_datapath:datapath|product_reg[59] ; clk          ; clk         ; 1.000        ; -0.075     ; 3.768      ;
; -2.836 ; multiplier_datapath:datapath|product_reg[32]      ; multiplier_datapath:datapath|product_reg[62] ; clk          ; clk         ; 1.000        ; -0.075     ; 3.760      ;
; -2.825 ; multiplier_datapath:datapath|product_reg[35]      ; multiplier_datapath:datapath|product_reg[62] ; clk          ; clk         ; 1.000        ; -0.076     ; 3.748      ;
; -2.821 ; multiplier_datapath:datapath|multiplicand_reg[2]  ; multiplier_datapath:datapath|product_reg[63] ; clk          ; clk         ; 1.000        ; -0.075     ; 3.745      ;
; -2.811 ; multiplier_datapath:datapath|multiplicand_reg[5]  ; multiplier_datapath:datapath|product_reg[64] ; clk          ; clk         ; 1.000        ; -0.075     ; 3.735      ;
; -2.797 ; multiplier_datapath:datapath|product_reg[36]      ; multiplier_datapath:datapath|product_reg[63] ; clk          ; clk         ; 1.000        ; -0.076     ; 3.720      ;
; -2.788 ; multiplier_datapath:datapath|product_reg[33]      ; multiplier_datapath:datapath|product_reg[58] ; clk          ; clk         ; 1.000        ; -0.075     ; 3.712      ;
; -2.788 ; multiplier_datapath:datapath|product_reg[34]      ; multiplier_datapath:datapath|product_reg[61] ; clk          ; clk         ; 1.000        ; -0.076     ; 3.711      ;
; -2.787 ; multiplier_datapath:datapath|product_reg[38]      ; multiplier_datapath:datapath|product_reg[64] ; clk          ; clk         ; 1.000        ; -0.076     ; 3.710      ;
; -2.785 ; multiplier_datapath:datapath|product_reg[33]      ; multiplier_datapath:datapath|product_reg[60] ; clk          ; clk         ; 1.000        ; -0.075     ; 3.709      ;
; -2.774 ; multiplier_datapath:datapath|product_reg[34]      ; multiplier_datapath:datapath|product_reg[59] ; clk          ; clk         ; 1.000        ; -0.076     ; 3.697      ;
; -2.773 ; multiplier_datapath:datapath|multiplicand_reg[0]  ; multiplier_datapath:datapath|product_reg[63] ; clk          ; clk         ; 1.000        ; -0.075     ; 3.697      ;
; -2.765 ; multiplier_datapath:datapath|multiplicand_reg[1]  ; multiplier_datapath:datapath|product_reg[62] ; clk          ; clk         ; 1.000        ; -0.075     ; 3.689      ;
; -2.752 ; multiplier_datapath:datapath|product_reg[35]      ; multiplier_datapath:datapath|product_reg[63] ; clk          ; clk         ; 1.000        ; -0.076     ; 3.675      ;
; -2.751 ; multiplier_datapath:datapath|product_reg[33]      ; multiplier_datapath:datapath|product_reg[61] ; clk          ; clk         ; 1.000        ; -0.075     ; 3.675      ;
; -2.746 ; multiplier_datapath:datapath|product_reg[34]      ; multiplier_datapath:datapath|product_reg[62] ; clk          ; clk         ; 1.000        ; -0.076     ; 3.669      ;
; -2.737 ; multiplier_datapath:datapath|product_reg[33]      ; multiplier_datapath:datapath|product_reg[59] ; clk          ; clk         ; 1.000        ; -0.075     ; 3.661      ;
; -2.736 ; multiplier_datapath:datapath|multiplicand_reg[4]  ; multiplier_datapath:datapath|product_reg[64] ; clk          ; clk         ; 1.000        ; -0.075     ; 3.660      ;
; -2.727 ; multiplier_datapath:datapath|product_reg[37]      ; multiplier_datapath:datapath|product_reg[62] ; clk          ; clk         ; 1.000        ; -0.076     ; 3.650      ;
; -2.724 ; multiplier_datapath:datapath|product_reg[41]      ; multiplier_datapath:datapath|product_reg[64] ; clk          ; clk         ; 1.000        ; -0.074     ; 3.649      ;
; -2.719 ; multiplier_datapath:datapath|multiplicand_reg[2]  ; multiplier_datapath:datapath|product_reg[61] ; clk          ; clk         ; 1.000        ; -0.075     ; 3.643      ;
; -2.714 ; multiplier_datapath:datapath|product_reg[32]      ; multiplier_datapath:datapath|product_reg[53] ; clk          ; clk         ; 1.000        ; -0.074     ; 3.639      ;
; -2.705 ; multiplier_datapath:datapath|multiplicand_reg[2]  ; multiplier_datapath:datapath|product_reg[59] ; clk          ; clk         ; 1.000        ; -0.075     ; 3.629      ;
; -2.703 ; multiplier_datapath:datapath|product_reg[33]      ; multiplier_datapath:datapath|product_reg[56] ; clk          ; clk         ; 1.000        ; -0.075     ; 3.627      ;
; -2.698 ; multiplier_datapath:datapath|product_reg[32]      ; multiplier_datapath:datapath|product_reg[58] ; clk          ; clk         ; 1.000        ; -0.075     ; 3.622      ;
; -2.697 ; multiplier_datapath:datapath|multiplicand_reg[2]  ; multiplier_datapath:datapath|product_reg[62] ; clk          ; clk         ; 1.000        ; -0.075     ; 3.621      ;
; -2.695 ; multiplier_datapath:datapath|product_reg[36]      ; multiplier_datapath:datapath|product_reg[61] ; clk          ; clk         ; 1.000        ; -0.076     ; 3.618      ;
; -2.695 ; multiplier_datapath:datapath|product_reg[32]      ; multiplier_datapath:datapath|product_reg[60] ; clk          ; clk         ; 1.000        ; -0.075     ; 3.619      ;
; -2.694 ; multiplier_datapath:datapath|multiplicand_reg[7]  ; multiplier_datapath:datapath|product_reg[64] ; clk          ; clk         ; 1.000        ; -0.075     ; 3.618      ;
; -2.692 ; multiplier_datapath:datapath|multiplicand_reg[1]  ; multiplier_datapath:datapath|product_reg[63] ; clk          ; clk         ; 1.000        ; -0.075     ; 3.616      ;
; -2.687 ; multiplier_datapath:datapath|multiplicand_reg[0]  ; multiplier_datapath:datapath|product_reg[62] ; clk          ; clk         ; 1.000        ; -0.075     ; 3.611      ;
; -2.687 ; multiplier_datapath:datapath|product_reg[35]      ; multiplier_datapath:datapath|product_reg[58] ; clk          ; clk         ; 1.000        ; -0.076     ; 3.610      ;
; -2.686 ; multiplier_datapath:datapath|product_reg[40]      ; multiplier_datapath:datapath|product_reg[64] ; clk          ; clk         ; 1.000        ; -0.074     ; 3.611      ;
; -2.684 ; multiplier_datapath:datapath|product_reg[35]      ; multiplier_datapath:datapath|product_reg[60] ; clk          ; clk         ; 1.000        ; -0.076     ; 3.607      ;
; -2.681 ; multiplier_datapath:datapath|product_reg[36]      ; multiplier_datapath:datapath|product_reg[59] ; clk          ; clk         ; 1.000        ; -0.076     ; 3.604      ;
; -2.671 ; multiplier_datapath:datapath|multiplicand_reg[0]  ; multiplier_datapath:datapath|product_reg[61] ; clk          ; clk         ; 1.000        ; -0.075     ; 3.595      ;
; -2.659 ; multiplier_datapath:datapath|product_reg[36]      ; multiplier_datapath:datapath|product_reg[62] ; clk          ; clk         ; 1.000        ; -0.076     ; 3.582      ;
; -2.657 ; multiplier_datapath:datapath|multiplicand_reg[0]  ; multiplier_datapath:datapath|product_reg[59] ; clk          ; clk         ; 1.000        ; -0.075     ; 3.581      ;
; -2.654 ; multiplier_datapath:datapath|product_reg[37]      ; multiplier_datapath:datapath|product_reg[63] ; clk          ; clk         ; 1.000        ; -0.076     ; 3.577      ;
; -2.652 ; multiplier_datapath:datapath|product_reg[32]      ; multiplier_datapath:datapath|product_reg[55] ; clk          ; clk         ; 1.000        ; -0.074     ; 3.577      ;
; -2.650 ; multiplier_datapath:datapath|product_reg[43]      ; multiplier_datapath:datapath|product_reg[64] ; clk          ; clk         ; 1.000        ; -0.074     ; 3.575      ;
; -2.650 ; multiplier_datapath:datapath|product_reg[35]      ; multiplier_datapath:datapath|product_reg[61] ; clk          ; clk         ; 1.000        ; -0.076     ; 3.573      ;
; -2.646 ; multiplier_datapath:datapath|multiplicand_reg[3]  ; multiplier_datapath:datapath|product_reg[62] ; clk          ; clk         ; 1.000        ; -0.075     ; 3.570      ;
; -2.644 ; multiplier_datapath:datapath|product_reg[34]      ; multiplier_datapath:datapath|product_reg[53] ; clk          ; clk         ; 1.000        ; -0.075     ; 3.568      ;
; -2.636 ; multiplier_datapath:datapath|product_reg[35]      ; multiplier_datapath:datapath|product_reg[59] ; clk          ; clk         ; 1.000        ; -0.076     ; 3.559      ;
; -2.630 ; multiplier_datapath:datapath|multiplicand_reg[15] ; multiplier_datapath:datapath|product_reg[64] ; clk          ; clk         ; 1.000        ; -0.472     ; 3.157      ;
; -2.627 ; multiplier_datapath:datapath|multiplicand_reg[1]  ; multiplier_datapath:datapath|product_reg[58] ; clk          ; clk         ; 1.000        ; -0.075     ; 3.551      ;
; -2.624 ; multiplier_datapath:datapath|multiplicand_reg[1]  ; multiplier_datapath:datapath|product_reg[60] ; clk          ; clk         ; 1.000        ; -0.075     ; 3.548      ;
; -2.623 ; multiplier_datapath:datapath|product_reg[32]      ; multiplier_datapath:datapath|product_reg[57] ; clk          ; clk         ; 1.000        ; -0.075     ; 3.547      ;
; -2.619 ; multiplier_datapath:datapath|multiplicand_reg[6]  ; multiplier_datapath:datapath|product_reg[64] ; clk          ; clk         ; 1.000        ; -0.075     ; 3.543      ;
; -2.616 ; multiplier_datapath:datapath|product_reg[38]      ; multiplier_datapath:datapath|product_reg[63] ; clk          ; clk         ; 1.000        ; -0.076     ; 3.539      ;
; -2.613 ; multiplier_datapath:datapath|product_reg[32]      ; multiplier_datapath:datapath|product_reg[56] ; clk          ; clk         ; 1.000        ; -0.075     ; 3.537      ;
; -2.610 ; multiplier_datapath:datapath|multiplicand_reg[11] ; multiplier_datapath:datapath|product_reg[64] ; clk          ; clk         ; 1.000        ; -0.073     ; 3.536      ;
; -2.608 ; multiplier_datapath:datapath|product_reg[34]      ; multiplier_datapath:datapath|product_reg[58] ; clk          ; clk         ; 1.000        ; -0.076     ; 3.531      ;
; -2.607 ; multiplier_datapath:datapath|product_reg[33]      ; multiplier_datapath:datapath|product_reg[53] ; clk          ; clk         ; 1.000        ; -0.074     ; 3.532      ;
; -2.605 ; multiplier_datapath:datapath|product_reg[34]      ; multiplier_datapath:datapath|product_reg[60] ; clk          ; clk         ; 1.000        ; -0.076     ; 3.528      ;
; -2.602 ; multiplier_datapath:datapath|product_reg[35]      ; multiplier_datapath:datapath|product_reg[56] ; clk          ; clk         ; 1.000        ; -0.076     ; 3.525      ;
; -2.599 ; multiplier_datapath:datapath|product_reg[39]      ; multiplier_datapath:datapath|product_reg[62] ; clk          ; clk         ; 1.000        ; -0.076     ; 3.522      ;
; -2.590 ; multiplier_datapath:datapath|multiplicand_reg[1]  ; multiplier_datapath:datapath|product_reg[61] ; clk          ; clk         ; 1.000        ; -0.075     ; 3.514      ;
; -2.589 ; multiplier_datapath:datapath|product_reg[37]      ; multiplier_datapath:datapath|product_reg[58] ; clk          ; clk         ; 1.000        ; -0.076     ; 3.512      ;
; -2.586 ; multiplier_datapath:datapath|product_reg[37]      ; multiplier_datapath:datapath|product_reg[60] ; clk          ; clk         ; 1.000        ; -0.076     ; 3.509      ;
; -2.584 ; multiplier_datapath:datapath|multiplicand_reg[9]  ; multiplier_datapath:datapath|product_reg[64] ; clk          ; clk         ; 1.000        ; -0.073     ; 3.510      ;
; -2.582 ; multiplier_datapath:datapath|product_reg[34]      ; multiplier_datapath:datapath|product_reg[55] ; clk          ; clk         ; 1.000        ; -0.075     ; 3.506      ;
; -2.576 ; multiplier_datapath:datapath|multiplicand_reg[1]  ; multiplier_datapath:datapath|product_reg[59] ; clk          ; clk         ; 1.000        ; -0.075     ; 3.500      ;
; -2.575 ; multiplier_datapath:datapath|multiplicand_reg[2]  ; multiplier_datapath:datapath|product_reg[53] ; clk          ; clk         ; 1.000        ; -0.074     ; 3.500      ;
; -2.573 ; multiplier_datapath:datapath|multiplicand_reg[3]  ; multiplier_datapath:datapath|product_reg[63] ; clk          ; clk         ; 1.000        ; -0.075     ; 3.497      ;
; -2.563 ; multiplier_datapath:datapath|product_reg[51]      ; multiplier_datapath:datapath|product_reg[64] ; clk          ; clk         ; 1.000        ; -0.472     ; 3.090      ;
; -2.559 ; multiplier_datapath:datapath|multiplicand_reg[2]  ; multiplier_datapath:datapath|product_reg[58] ; clk          ; clk         ; 1.000        ; -0.075     ; 3.483      ;
; -2.556 ; multiplier_datapath:datapath|multiplicand_reg[2]  ; multiplier_datapath:datapath|product_reg[60] ; clk          ; clk         ; 1.000        ; -0.075     ; 3.480      ;
; -2.554 ; multiplier_datapath:datapath|multiplicand_reg[14] ; multiplier_datapath:datapath|product_reg[64] ; clk          ; clk         ; 1.000        ; -0.472     ; 3.081      ;
; -2.553 ; multiplier_datapath:datapath|product_reg[34]      ; multiplier_datapath:datapath|product_reg[57] ; clk          ; clk         ; 1.000        ; -0.076     ; 3.476      ;
; -2.552 ; multiplier_datapath:datapath|product_reg[37]      ; multiplier_datapath:datapath|product_reg[61] ; clk          ; clk         ; 1.000        ; -0.076     ; 3.475      ;
; -2.551 ; multiplier_datapath:datapath|product_reg[36]      ; multiplier_datapath:datapath|product_reg[53] ; clk          ; clk         ; 1.000        ; -0.075     ; 3.475      ;
; -2.549 ; multiplier_datapath:datapath|multiplicand_reg[0]  ; multiplier_datapath:datapath|product_reg[58] ; clk          ; clk         ; 1.000        ; -0.075     ; 3.473      ;
; -2.546 ; multiplier_datapath:datapath|multiplicand_reg[0]  ; multiplier_datapath:datapath|product_reg[60] ; clk          ; clk         ; 1.000        ; -0.075     ; 3.470      ;
; -2.545 ; multiplier_datapath:datapath|product_reg[33]      ; multiplier_datapath:datapath|product_reg[55] ; clk          ; clk         ; 1.000        ; -0.074     ; 3.470      ;
; -2.542 ; multiplier_datapath:datapath|multiplicand_reg[1]  ; multiplier_datapath:datapath|product_reg[56] ; clk          ; clk         ; 1.000        ; -0.075     ; 3.466      ;
; -2.540 ; multiplier_datapath:datapath|multiplicand_reg[4]  ; multiplier_datapath:datapath|product_reg[63] ; clk          ; clk         ; 1.000        ; -0.075     ; 3.464      ;
; -2.539 ; multiplier_datapath:datapath|product_reg[45]      ; multiplier_datapath:datapath|product_reg[64] ; clk          ; clk         ; 1.000        ; -0.074     ; 3.464      ;
; -2.539 ; multiplier_datapath:datapath|product_reg[42]      ; multiplier_datapath:datapath|product_reg[64] ; clk          ; clk         ; 1.000        ; -0.074     ; 3.464      ;
; -2.538 ; multiplier_datapath:datapath|product_reg[37]      ; multiplier_datapath:datapath|product_reg[59] ; clk          ; clk         ; 1.000        ; -0.076     ; 3.461      ;
; -2.529 ; multiplier_datapath:datapath|multiplicand_reg[5]  ; multiplier_datapath:datapath|product_reg[62] ; clk          ; clk         ; 1.000        ; -0.075     ; 3.453      ;
; -2.527 ; multiplier_datapath:datapath|product_reg[40]      ; multiplier_datapath:datapath|product_reg[63] ; clk          ; clk         ; 1.000        ; -0.074     ; 3.452      ;
; -2.527 ; multiplier_datapath:datapath|multiplicand_reg[0]  ; multiplier_datapath:datapath|product_reg[53] ; clk          ; clk         ; 1.000        ; -0.074     ; 3.452      ;
+--------+---------------------------------------------------+----------------------------------------------+--------------+-------------+--------------+------------+------------+


+--------------------------------------------------------------------------------------------------------------------------------------------------------------------------------+
; Slow 1200mV 0C Model Hold: 'clk'                                                                                                                                               ;
+-------+---------------------------------------------------+----------------------------------------------+--------------+-------------+--------------+------------+------------+
; Slack ; From Node                                         ; To Node                                      ; Launch Clock ; Latch Clock ; Relationship ; Clock Skew ; Data Delay ;
+-------+---------------------------------------------------+----------------------------------------------+--------------+-------------+--------------+------------+------------+
; 0.354 ; multiplier_datapath:datapath|product_reg[64]      ; multiplier_datapath:datapath|product_reg[64] ; clk          ; clk         ; 0.000        ; 0.072      ; 0.597      ;
; 0.354 ; multiplier_control:control|state.IDLE             ; multiplier_control:control|state.IDLE        ; clk          ; clk         ; 0.000        ; 0.072      ; 0.597      ;
; 0.354 ; multiplier_control:control|state.DONE             ; multiplier_control:control|state.DONE        ; clk          ; clk         ; 0.000        ; 0.072      ; 0.597      ;
; 0.387 ; multiplier_control:control|count[5]               ; multiplier_control:control|count[5]          ; clk          ; clk         ; 0.000        ; 0.072      ; 0.630      ;
; 0.415 ; multiplier_datapath:datapath|product_reg[54]      ; multiplier_datapath:datapath|product_reg[53] ; clk          ; clk         ; 0.000        ; 0.072      ; 0.658      ;
; 0.416 ; multiplier_datapath:datapath|product_reg[43]      ; multiplier_datapath:datapath|product_reg[42] ; clk          ; clk         ; 0.000        ; 0.072      ; 0.659      ;
; 0.416 ; multiplier_datapath:datapath|product_reg[31]      ; multiplier_datapath:datapath|product_reg[30] ; clk          ; clk         ; 0.000        ; 0.073      ; 0.660      ;
; 0.417 ; multiplier_datapath:datapath|product_reg[60]      ; multiplier_datapath:datapath|product_reg[59] ; clk          ; clk         ; 0.000        ; 0.072      ; 0.660      ;
; 0.434 ; multiplier_datapath:datapath|product_reg[57]      ; multiplier_datapath:datapath|product_reg[56] ; clk          ; clk         ; 0.000        ; 0.072      ; 0.677      ;
; 0.435 ; multiplier_datapath:datapath|product_reg[48]      ; multiplier_datapath:datapath|product_reg[47] ; clk          ; clk         ; 0.000        ; 0.072      ; 0.678      ;
; 0.459 ; multiplier_control:control|state.ADD_OR_SKIP      ; multiplier_datapath:datapath|product_reg[58] ; clk          ; clk         ; 0.000        ; 0.072      ; 0.702      ;
; 0.509 ; multiplier_datapath:datapath|product_reg[64]      ; multiplier_datapath:datapath|product_reg[63] ; clk          ; clk         ; 0.000        ; 0.072      ; 0.752      ;
; 0.527 ; multiplier_datapath:datapath|product_reg[47]      ; multiplier_datapath:datapath|product_reg[46] ; clk          ; clk         ; 0.000        ; 0.072      ; 0.770      ;
; 0.527 ; multiplier_datapath:datapath|product_reg[16]      ; multiplier_datapath:datapath|product_reg[15] ; clk          ; clk         ; 0.000        ; 0.072      ; 0.770      ;
; 0.528 ; multiplier_datapath:datapath|product_reg[62]      ; multiplier_datapath:datapath|product_reg[61] ; clk          ; clk         ; 0.000        ; 0.072      ; 0.771      ;
; 0.529 ; multiplier_datapath:datapath|product_reg[1]       ; multiplier_datapath:datapath|product_reg[0]  ; clk          ; clk         ; 0.000        ; 0.072      ; 0.772      ;
; 0.529 ; multiplier_datapath:datapath|product_reg[8]       ; multiplier_datapath:datapath|product_reg[7]  ; clk          ; clk         ; 0.000        ; 0.072      ; 0.772      ;
; 0.530 ; multiplier_datapath:datapath|product_reg[45]      ; multiplier_datapath:datapath|product_reg[44] ; clk          ; clk         ; 0.000        ; 0.072      ; 0.773      ;
; 0.530 ; multiplier_datapath:datapath|product_reg[52]      ; multiplier_datapath:datapath|product_reg[51] ; clk          ; clk         ; 0.000        ; 0.471      ; 1.172      ;
; 0.531 ; multiplier_datapath:datapath|product_reg[2]       ; multiplier_datapath:datapath|product_reg[1]  ; clk          ; clk         ; 0.000        ; 0.072      ; 0.774      ;
; 0.533 ; multiplier_datapath:datapath|product_reg[11]      ; multiplier_datapath:datapath|product_reg[10] ; clk          ; clk         ; 0.000        ; 0.072      ; 0.776      ;
; 0.546 ; multiplier_datapath:datapath|product_reg[33]      ; multiplier_datapath:datapath|product_reg[32] ; clk          ; clk         ; 0.000        ; 0.072      ; 0.789      ;
; 0.547 ; multiplier_datapath:datapath|product_reg[36]      ; multiplier_datapath:datapath|product_reg[35] ; clk          ; clk         ; 0.000        ; 0.072      ; 0.790      ;
; 0.548 ; multiplier_datapath:datapath|product_reg[37]      ; multiplier_datapath:datapath|product_reg[36] ; clk          ; clk         ; 0.000        ; 0.072      ; 0.791      ;
; 0.588 ; multiplier_control:control|count[1]               ; multiplier_control:control|count[1]          ; clk          ; clk         ; 0.000        ; 0.072      ; 0.831      ;
; 0.590 ; multiplier_control:control|count[3]               ; multiplier_control:control|count[3]          ; clk          ; clk         ; 0.000        ; 0.072      ; 0.833      ;
; 0.593 ; multiplier_control:control|count[2]               ; multiplier_control:control|count[2]          ; clk          ; clk         ; 0.000        ; 0.072      ; 0.836      ;
; 0.593 ; multiplier_control:control|count[4]               ; multiplier_control:control|count[4]          ; clk          ; clk         ; 0.000        ; 0.072      ; 0.836      ;
; 0.601 ; multiplier_datapath:datapath|product_reg[39]      ; multiplier_datapath:datapath|product_reg[38] ; clk          ; clk         ; 0.000        ; 0.072      ; 0.844      ;
; 0.602 ; multiplier_datapath:datapath|product_reg[55]      ; multiplier_datapath:datapath|product_reg[54] ; clk          ; clk         ; 0.000        ; 0.072      ; 0.845      ;
; 0.602 ; multiplier_datapath:datapath|product_reg[61]      ; multiplier_datapath:datapath|product_reg[60] ; clk          ; clk         ; 0.000        ; 0.072      ; 0.845      ;
; 0.603 ; multiplier_datapath:datapath|product_reg[63]      ; multiplier_datapath:datapath|product_reg[62] ; clk          ; clk         ; 0.000        ; 0.072      ; 0.846      ;
; 0.605 ; multiplier_datapath:datapath|product_reg[15]      ; multiplier_datapath:datapath|product_reg[14] ; clk          ; clk         ; 0.000        ; 0.072      ; 0.848      ;
; 0.607 ; multiplier_control:control|count[0]               ; multiplier_control:control|count[0]          ; clk          ; clk         ; 0.000        ; 0.072      ; 0.850      ;
; 0.621 ; multiplier_datapath:datapath|product_reg[19]      ; multiplier_datapath:datapath|product_reg[18] ; clk          ; clk         ; 0.000        ; 0.072      ; 0.864      ;
; 0.622 ; multiplier_datapath:datapath|product_reg[38]      ; multiplier_datapath:datapath|product_reg[37] ; clk          ; clk         ; 0.000        ; 0.072      ; 0.865      ;
; 0.622 ; multiplier_datapath:datapath|product_reg[21]      ; multiplier_datapath:datapath|product_reg[20] ; clk          ; clk         ; 0.000        ; 0.072      ; 0.865      ;
; 0.622 ; multiplier_datapath:datapath|product_reg[24]      ; multiplier_datapath:datapath|product_reg[23] ; clk          ; clk         ; 0.000        ; 0.072      ; 0.865      ;
; 0.622 ; multiplier_datapath:datapath|product_reg[25]      ; multiplier_datapath:datapath|product_reg[24] ; clk          ; clk         ; 0.000        ; 0.072      ; 0.865      ;
; 0.622 ; multiplier_datapath:datapath|product_reg[27]      ; multiplier_datapath:datapath|product_reg[26] ; clk          ; clk         ; 0.000        ; 0.072      ; 0.865      ;
; 0.622 ; multiplier_datapath:datapath|product_reg[59]      ; multiplier_datapath:datapath|product_reg[58] ; clk          ; clk         ; 0.000        ; 0.072      ; 0.865      ;
; 0.623 ; multiplier_datapath:datapath|product_reg[49]      ; multiplier_datapath:datapath|product_reg[48] ; clk          ; clk         ; 0.000        ; 0.072      ; 0.866      ;
; 0.623 ; multiplier_datapath:datapath|product_reg[53]      ; multiplier_datapath:datapath|product_reg[52] ; clk          ; clk         ; 0.000        ; 0.072      ; 0.866      ;
; 0.626 ; multiplier_datapath:datapath|product_reg[29]      ; multiplier_datapath:datapath|product_reg[28] ; clk          ; clk         ; 0.000        ; 0.072      ; 0.869      ;
; 0.627 ; multiplier_control:control|state.IDLE             ; multiplier_control:control|state.LOAD        ; clk          ; clk         ; 0.000        ; 0.072      ; 0.870      ;
; 0.641 ; multiplier_datapath:datapath|product_reg[28]      ; multiplier_datapath:datapath|product_reg[27] ; clk          ; clk         ; 0.000        ; 0.072      ; 0.884      ;
; 0.642 ; multiplier_datapath:datapath|product_reg[6]       ; multiplier_datapath:datapath|product_reg[5]  ; clk          ; clk         ; 0.000        ; 0.072      ; 0.885      ;
; 0.642 ; multiplier_datapath:datapath|product_reg[7]       ; multiplier_datapath:datapath|product_reg[6]  ; clk          ; clk         ; 0.000        ; 0.072      ; 0.885      ;
; 0.642 ; multiplier_datapath:datapath|product_reg[22]      ; multiplier_datapath:datapath|product_reg[21] ; clk          ; clk         ; 0.000        ; 0.072      ; 0.885      ;
; 0.642 ; multiplier_datapath:datapath|product_reg[26]      ; multiplier_datapath:datapath|product_reg[25] ; clk          ; clk         ; 0.000        ; 0.072      ; 0.885      ;
; 0.643 ; multiplier_datapath:datapath|product_reg[3]       ; multiplier_datapath:datapath|product_reg[2]  ; clk          ; clk         ; 0.000        ; 0.072      ; 0.886      ;
; 0.643 ; multiplier_datapath:datapath|product_reg[9]       ; multiplier_datapath:datapath|product_reg[8]  ; clk          ; clk         ; 0.000        ; 0.072      ; 0.886      ;
; 0.643 ; multiplier_datapath:datapath|product_reg[12]      ; multiplier_datapath:datapath|product_reg[11] ; clk          ; clk         ; 0.000        ; 0.072      ; 0.886      ;
; 0.643 ; multiplier_datapath:datapath|product_reg[18]      ; multiplier_datapath:datapath|product_reg[17] ; clk          ; clk         ; 0.000        ; 0.072      ; 0.886      ;
; 0.644 ; multiplier_datapath:datapath|product_reg[13]      ; multiplier_datapath:datapath|product_reg[12] ; clk          ; clk         ; 0.000        ; 0.072      ; 0.887      ;
; 0.644 ; multiplier_datapath:datapath|product_reg[20]      ; multiplier_datapath:datapath|product_reg[19] ; clk          ; clk         ; 0.000        ; 0.072      ; 0.887      ;
; 0.645 ; multiplier_datapath:datapath|product_reg[23]      ; multiplier_datapath:datapath|product_reg[22] ; clk          ; clk         ; 0.000        ; 0.072      ; 0.888      ;
; 0.646 ; multiplier_datapath:datapath|product_reg[4]       ; multiplier_datapath:datapath|product_reg[3]  ; clk          ; clk         ; 0.000        ; 0.072      ; 0.889      ;
; 0.646 ; multiplier_datapath:datapath|product_reg[10]      ; multiplier_datapath:datapath|product_reg[9]  ; clk          ; clk         ; 0.000        ; 0.072      ; 0.889      ;
; 0.664 ; multiplier_control:control|state.ADD_OR_SKIP      ; multiplier_datapath:datapath|product_reg[61] ; clk          ; clk         ; 0.000        ; 0.072      ; 0.907      ;
; 0.665 ; multiplier_control:control|state.ADD_OR_SKIP      ; multiplier_datapath:datapath|product_reg[63] ; clk          ; clk         ; 0.000        ; 0.072      ; 0.908      ;
; 0.673 ; multiplier_control:control|state.DONE             ; multiplier_control:control|state.IDLE        ; clk          ; clk         ; 0.000        ; 0.072      ; 0.916      ;
; 0.677 ; multiplier_control:control|state.ADD_OR_SKIP      ; multiplier_datapath:datapath|product_reg[57] ; clk          ; clk         ; 0.000        ; 0.072      ; 0.920      ;
; 0.678 ; multiplier_control:control|state.ADD_OR_SKIP      ; multiplier_datapath:datapath|product_reg[62] ; clk          ; clk         ; 0.000        ; 0.072      ; 0.921      ;
; 0.679 ; multiplier_control:control|state.ADD_OR_SKIP      ; multiplier_datapath:datapath|product_reg[60] ; clk          ; clk         ; 0.000        ; 0.072      ; 0.922      ;
; 0.682 ; multiplier_datapath:datapath|product_reg[46]      ; multiplier_datapath:datapath|product_reg[45] ; clk          ; clk         ; 0.000        ; 0.072      ; 0.925      ;
; 0.686 ; multiplier_datapath:datapath|product_reg[42]      ; multiplier_datapath:datapath|product_reg[41] ; clk          ; clk         ; 0.000        ; 0.072      ; 0.929      ;
; 0.686 ; multiplier_control:control|state.ADD_OR_SKIP      ; multiplier_datapath:datapath|product_reg[56] ; clk          ; clk         ; 0.000        ; 0.072      ; 0.929      ;
; 0.694 ; multiplier_control:control|state.ADD_OR_SKIP      ; multiplier_datapath:datapath|product_reg[59] ; clk          ; clk         ; 0.000        ; 0.072      ; 0.937      ;
; 0.770 ; multiplier_datapath:datapath|product_reg[35]      ; multiplier_datapath:datapath|product_reg[34] ; clk          ; clk         ; 0.000        ; 0.072      ; 1.013      ;
; 0.770 ; multiplier_datapath:datapath|product_reg[58]      ; multiplier_datapath:datapath|product_reg[57] ; clk          ; clk         ; 0.000        ; 0.072      ; 1.013      ;
; 0.774 ; multiplier_datapath:datapath|product_reg[0]       ; multiplier_datapath:datapath|product_reg[33] ; clk          ; clk         ; 0.000        ; 0.072      ; 1.017      ;
; 0.774 ; multiplier_datapath:datapath|product_reg[0]       ; multiplier_datapath:datapath|product_reg[32] ; clk          ; clk         ; 0.000        ; 0.072      ; 1.017      ;
; 0.778 ; multiplier_control:control|state.ADD_OR_SKIP      ; multiplier_datapath:datapath|product_reg[64] ; clk          ; clk         ; 0.000        ; 0.072      ; 1.021      ;
; 0.781 ; multiplier_datapath:datapath|multiplicand_reg[19] ; multiplier_datapath:datapath|product_reg[51] ; clk          ; clk         ; 0.000        ; 0.471      ; 1.423      ;
; 0.790 ; multiplier_datapath:datapath|product_reg[30]      ; multiplier_datapath:datapath|product_reg[29] ; clk          ; clk         ; 0.000        ; 0.073      ; 1.034      ;
; 0.791 ; multiplier_datapath:datapath|product_reg[44]      ; multiplier_datapath:datapath|product_reg[43] ; clk          ; clk         ; 0.000        ; 0.072      ; 1.034      ;
; 0.792 ; multiplier_datapath:datapath|product_reg[56]      ; multiplier_datapath:datapath|product_reg[55] ; clk          ; clk         ; 0.000        ; 0.073      ; 1.036      ;
; 0.874 ; multiplier_control:control|count[1]               ; multiplier_control:control|count[2]          ; clk          ; clk         ; 0.000        ; 0.072      ; 1.117      ;
; 0.876 ; multiplier_control:control|count[0]               ; multiplier_control:control|count[1]          ; clk          ; clk         ; 0.000        ; 0.072      ; 1.119      ;
; 0.877 ; multiplier_control:control|count[3]               ; multiplier_control:control|count[4]          ; clk          ; clk         ; 0.000        ; 0.072      ; 1.120      ;
; 0.881 ; multiplier_control:control|count[4]               ; multiplier_control:control|count[5]          ; clk          ; clk         ; 0.000        ; 0.072      ; 1.124      ;
; 0.881 ; multiplier_control:control|count[2]               ; multiplier_control:control|count[3]          ; clk          ; clk         ; 0.000        ; 0.072      ; 1.124      ;
; 0.883 ; multiplier_control:control|state.ADD_OR_SKIP      ; multiplier_datapath:datapath|product_reg[48] ; clk          ; clk         ; 0.000        ; 0.074      ; 1.128      ;
; 0.883 ; multiplier_control:control|state.ADD_OR_SKIP      ; multiplier_datapath:datapath|product_reg[43] ; clk          ; clk         ; 0.000        ; 0.074      ; 1.128      ;
; 0.885 ; multiplier_control:control|state.ADD_OR_SKIP      ; multiplier_datapath:datapath|product_reg[40] ; clk          ; clk         ; 0.000        ; 0.074      ; 1.130      ;
; 0.886 ; multiplier_control:control|state.ADD_OR_SKIP      ; multiplier_datapath:datapath|product_reg[41] ; clk          ; clk         ; 0.000        ; 0.074      ; 1.131      ;
; 0.887 ; multiplier_control:control|count[0]               ; multiplier_control:control|count[2]          ; clk          ; clk         ; 0.000        ; 0.072      ; 1.130      ;
; 0.892 ; multiplier_control:control|count[2]               ; multiplier_control:control|count[4]          ; clk          ; clk         ; 0.000        ; 0.072      ; 1.135      ;
; 0.901 ; multiplier_datapath:datapath|product_reg[34]      ; multiplier_datapath:datapath|product_reg[33] ; clk          ; clk         ; 0.000        ; 0.071      ; 1.143      ;
; 0.911 ; multiplier_control:control|state.LOAD             ; multiplier_control:control|state.ADD_OR_SKIP ; clk          ; clk         ; 0.000        ; 0.066      ; 1.148      ;
; 0.920 ; multiplier_control:control|state.ADD_OR_SKIP      ; multiplier_datapath:datapath|product_reg[37] ; clk          ; clk         ; 0.000        ; 0.076      ; 1.167      ;
; 0.937 ; multiplier_control:control|state.ADD_OR_SKIP      ; multiplier_control:control|state.SHIFT       ; clk          ; clk         ; 0.000        ; 0.076      ; 1.184      ;
; 0.950 ; multiplier_control:control|state.ADD_OR_SKIP      ; multiplier_datapath:datapath|product_reg[51] ; clk          ; clk         ; 0.000        ; 0.472      ; 1.593      ;
; 0.953 ; multiplier_datapath:datapath|product_reg[40]      ; multiplier_datapath:datapath|product_reg[39] ; clk          ; clk         ; 0.000        ; 0.074      ; 1.198      ;
; 0.973 ; multiplier_control:control|count[1]               ; multiplier_control:control|count[3]          ; clk          ; clk         ; 0.000        ; 0.072      ; 1.216      ;
; 0.976 ; multiplier_control:control|count[3]               ; multiplier_control:control|count[5]          ; clk          ; clk         ; 0.000        ; 0.072      ; 1.219      ;
; 0.979 ; multiplier_datapath:datapath|product_reg[0]       ; multiplier_datapath:datapath|product_reg[38] ; clk          ; clk         ; 0.000        ; 0.073      ; 1.223      ;
; 0.981 ; multiplier_datapath:datapath|product_reg[0]       ; multiplier_datapath:datapath|product_reg[34] ; clk          ; clk         ; 0.000        ; 0.073      ; 1.225      ;
; 0.984 ; multiplier_control:control|count[1]               ; multiplier_control:control|count[4]          ; clk          ; clk         ; 0.000        ; 0.072      ; 1.227      ;
+-------+---------------------------------------------------+----------------------------------------------+--------------+-------------+--------------+------------+------------+


----------------------------------------------
; Slow 1200mV 0C Model Metastability Summary ;
----------------------------------------------
No synchronizer chains to report.


+------------------------------------+
; Fast 1200mV 0C Model Setup Summary ;
+-------+--------+-------------------+
; Clock ; Slack  ; End Point TNS     ;
+-------+--------+-------------------+
; clk   ; -1.386 ; -52.957           ;
+-------+--------+-------------------+


+-----------------------------------+
; Fast 1200mV 0C Model Hold Summary ;
+-------+-------+-------------------+
; Clock ; Slack ; End Point TNS     ;
+-------+-------+-------------------+
; clk   ; 0.181 ; 0.000             ;
+-------+-------+-------------------+


-----------------------------------------
; Fast 1200mV 0C Model Recovery Summary ;
-----------------------------------------
No paths to report.


----------------------------------------
; Fast 1200mV 0C Model Removal Summary ;
----------------------------------------
No paths to report.


+--------------------------------------------------+
; Fast 1200mV 0C Model Minimum Pulse Width Summary ;
+-------+--------+---------------------------------+
; Clock ; Slack  ; End Point TNS                   ;
+-------+--------+---------------------------------+
; clk   ; -3.000 ; -117.944                        ;
+-------+--------+---------------------------------+


+---------------------------------------------------------------------------------------------------------------------------------------------------------------------------------+
; Fast 1200mV 0C Model Setup: 'clk'                                                                                                                                               ;
+--------+---------------------------------------------------+----------------------------------------------+--------------+-------------+--------------+------------+------------+
; Slack  ; From Node                                         ; To Node                                      ; Launch Clock ; Latch Clock ; Relationship ; Clock Skew ; Data Delay ;
+--------+---------------------------------------------------+----------------------------------------------+--------------+-------------+--------------+------------+------------+
; -1.386 ; multiplier_datapath:datapath|product_reg[33]      ; multiplier_datapath:datapath|product_reg[64] ; clk          ; clk         ; 1.000        ; -0.045     ; 2.328      ;
; -1.330 ; multiplier_datapath:datapath|product_reg[32]      ; multiplier_datapath:datapath|product_reg[64] ; clk          ; clk         ; 1.000        ; -0.045     ; 2.272      ;
; -1.329 ; multiplier_datapath:datapath|product_reg[35]      ; multiplier_datapath:datapath|product_reg[64] ; clk          ; clk         ; 1.000        ; -0.046     ; 2.270      ;
; -1.291 ; multiplier_datapath:datapath|multiplicand_reg[1]  ; multiplier_datapath:datapath|product_reg[64] ; clk          ; clk         ; 1.000        ; -0.046     ; 2.232      ;
; -1.282 ; multiplier_datapath:datapath|product_reg[34]      ; multiplier_datapath:datapath|product_reg[64] ; clk          ; clk         ; 1.000        ; -0.046     ; 2.223      ;
; -1.272 ; multiplier_datapath:datapath|product_reg[37]      ; multiplier_datapath:datapath|product_reg[64] ; clk          ; clk         ; 1.000        ; -0.046     ; 2.213      ;
; -1.251 ; multiplier_datapath:datapath|multiplicand_reg[2]  ; multiplier_datapath:datapath|product_reg[64] ; clk          ; clk         ; 1.000        ; -0.046     ; 2.192      ;
; -1.243 ; multiplier_datapath:datapath|multiplicand_reg[0]  ; multiplier_datapath:datapath|product_reg[64] ; clk          ; clk         ; 1.000        ; -0.046     ; 2.184      ;
; -1.227 ; multiplier_datapath:datapath|product_reg[36]      ; multiplier_datapath:datapath|product_reg[64] ; clk          ; clk         ; 1.000        ; -0.046     ; 2.168      ;
; -1.218 ; multiplier_datapath:datapath|multiplicand_reg[3]  ; multiplier_datapath:datapath|product_reg[64] ; clk          ; clk         ; 1.000        ; -0.046     ; 2.159      ;
; -1.198 ; multiplier_datapath:datapath|product_reg[39]      ; multiplier_datapath:datapath|product_reg[64] ; clk          ; clk         ; 1.000        ; -0.046     ; 2.139      ;
; -1.187 ; multiplier_datapath:datapath|product_reg[33]      ; multiplier_datapath:datapath|product_reg[62] ; clk          ; clk         ; 1.000        ; -0.045     ; 2.129      ;
; -1.180 ; multiplier_datapath:datapath|product_reg[33]      ; multiplier_datapath:datapath|product_reg[63] ; clk          ; clk         ; 1.000        ; -0.045     ; 2.122      ;
; -1.154 ; multiplier_datapath:datapath|product_reg[32]      ; multiplier_datapath:datapath|product_reg[63] ; clk          ; clk         ; 1.000        ; -0.045     ; 2.096      ;
; -1.151 ; multiplier_datapath:datapath|multiplicand_reg[5]  ; multiplier_datapath:datapath|product_reg[64] ; clk          ; clk         ; 1.000        ; -0.046     ; 2.092      ;
; -1.138 ; multiplier_datapath:datapath|product_reg[38]      ; multiplier_datapath:datapath|product_reg[64] ; clk          ; clk         ; 1.000        ; -0.046     ; 2.079      ;
; -1.131 ; multiplier_datapath:datapath|product_reg[32]      ; multiplier_datapath:datapath|product_reg[62] ; clk          ; clk         ; 1.000        ; -0.045     ; 2.073      ;
; -1.130 ; multiplier_datapath:datapath|product_reg[35]      ; multiplier_datapath:datapath|product_reg[62] ; clk          ; clk         ; 1.000        ; -0.046     ; 2.071      ;
; -1.124 ; multiplier_datapath:datapath|product_reg[33]      ; multiplier_datapath:datapath|product_reg[61] ; clk          ; clk         ; 1.000        ; -0.045     ; 2.066      ;
; -1.123 ; multiplier_datapath:datapath|product_reg[35]      ; multiplier_datapath:datapath|product_reg[63] ; clk          ; clk         ; 1.000        ; -0.046     ; 2.064      ;
; -1.117 ; multiplier_datapath:datapath|product_reg[33]      ; multiplier_datapath:datapath|product_reg[59] ; clk          ; clk         ; 1.000        ; -0.045     ; 2.059      ;
; -1.115 ; multiplier_datapath:datapath|product_reg[33]      ; multiplier_datapath:datapath|product_reg[58] ; clk          ; clk         ; 1.000        ; -0.045     ; 2.057      ;
; -1.107 ; multiplier_datapath:datapath|product_reg[41]      ; multiplier_datapath:datapath|product_reg[64] ; clk          ; clk         ; 1.000        ; -0.045     ; 2.049      ;
; -1.106 ; multiplier_datapath:datapath|product_reg[33]      ; multiplier_datapath:datapath|product_reg[60] ; clk          ; clk         ; 1.000        ; -0.045     ; 2.048      ;
; -1.106 ; multiplier_datapath:datapath|multiplicand_reg[4]  ; multiplier_datapath:datapath|product_reg[64] ; clk          ; clk         ; 1.000        ; -0.046     ; 2.047      ;
; -1.102 ; multiplier_datapath:datapath|product_reg[34]      ; multiplier_datapath:datapath|product_reg[63] ; clk          ; clk         ; 1.000        ; -0.046     ; 2.043      ;
; -1.098 ; multiplier_datapath:datapath|product_reg[32]      ; multiplier_datapath:datapath|product_reg[61] ; clk          ; clk         ; 1.000        ; -0.045     ; 2.040      ;
; -1.092 ; multiplier_datapath:datapath|multiplicand_reg[1]  ; multiplier_datapath:datapath|product_reg[62] ; clk          ; clk         ; 1.000        ; -0.046     ; 2.033      ;
; -1.091 ; multiplier_datapath:datapath|product_reg[32]      ; multiplier_datapath:datapath|product_reg[59] ; clk          ; clk         ; 1.000        ; -0.045     ; 2.033      ;
; -1.085 ; multiplier_datapath:datapath|multiplicand_reg[1]  ; multiplier_datapath:datapath|product_reg[63] ; clk          ; clk         ; 1.000        ; -0.046     ; 2.026      ;
; -1.083 ; multiplier_datapath:datapath|product_reg[34]      ; multiplier_datapath:datapath|product_reg[62] ; clk          ; clk         ; 1.000        ; -0.046     ; 2.024      ;
; -1.082 ; multiplier_datapath:datapath|multiplicand_reg[7]  ; multiplier_datapath:datapath|product_reg[64] ; clk          ; clk         ; 1.000        ; -0.046     ; 2.023      ;
; -1.075 ; multiplier_datapath:datapath|product_reg[40]      ; multiplier_datapath:datapath|product_reg[64] ; clk          ; clk         ; 1.000        ; -0.045     ; 2.017      ;
; -1.073 ; multiplier_datapath:datapath|product_reg[37]      ; multiplier_datapath:datapath|product_reg[62] ; clk          ; clk         ; 1.000        ; -0.046     ; 2.014      ;
; -1.073 ; multiplier_datapath:datapath|multiplicand_reg[2]  ; multiplier_datapath:datapath|product_reg[63] ; clk          ; clk         ; 1.000        ; -0.046     ; 2.014      ;
; -1.071 ; multiplier_datapath:datapath|multiplicand_reg[0]  ; multiplier_datapath:datapath|product_reg[63] ; clk          ; clk         ; 1.000        ; -0.046     ; 2.012      ;
; -1.067 ; multiplier_datapath:datapath|product_reg[35]      ; multiplier_datapath:datapath|product_reg[61] ; clk          ; clk         ; 1.000        ; -0.046     ; 2.008      ;
; -1.066 ; multiplier_datapath:datapath|product_reg[37]      ; multiplier_datapath:datapath|product_reg[63] ; clk          ; clk         ; 1.000        ; -0.046     ; 2.007      ;
; -1.063 ; multiplier_datapath:datapath|product_reg[43]      ; multiplier_datapath:datapath|product_reg[64] ; clk          ; clk         ; 1.000        ; -0.045     ; 2.005      ;
; -1.060 ; multiplier_datapath:datapath|product_reg[35]      ; multiplier_datapath:datapath|product_reg[59] ; clk          ; clk         ; 1.000        ; -0.046     ; 2.001      ;
; -1.059 ; multiplier_datapath:datapath|product_reg[32]      ; multiplier_datapath:datapath|product_reg[58] ; clk          ; clk         ; 1.000        ; -0.045     ; 2.001      ;
; -1.058 ; multiplier_datapath:datapath|product_reg[35]      ; multiplier_datapath:datapath|product_reg[58] ; clk          ; clk         ; 1.000        ; -0.046     ; 1.999      ;
; -1.056 ; multiplier_datapath:datapath|product_reg[33]      ; multiplier_datapath:datapath|product_reg[56] ; clk          ; clk         ; 1.000        ; -0.045     ; 1.998      ;
; -1.052 ; multiplier_datapath:datapath|multiplicand_reg[2]  ; multiplier_datapath:datapath|product_reg[62] ; clk          ; clk         ; 1.000        ; -0.046     ; 1.993      ;
; -1.050 ; multiplier_datapath:datapath|product_reg[36]      ; multiplier_datapath:datapath|product_reg[63] ; clk          ; clk         ; 1.000        ; -0.046     ; 1.991      ;
; -1.050 ; multiplier_datapath:datapath|product_reg[32]      ; multiplier_datapath:datapath|product_reg[60] ; clk          ; clk         ; 1.000        ; -0.045     ; 1.992      ;
; -1.049 ; multiplier_datapath:datapath|product_reg[35]      ; multiplier_datapath:datapath|product_reg[60] ; clk          ; clk         ; 1.000        ; -0.046     ; 1.990      ;
; -1.046 ; multiplier_datapath:datapath|product_reg[34]      ; multiplier_datapath:datapath|product_reg[61] ; clk          ; clk         ; 1.000        ; -0.046     ; 1.987      ;
; -1.044 ; multiplier_datapath:datapath|multiplicand_reg[0]  ; multiplier_datapath:datapath|product_reg[62] ; clk          ; clk         ; 1.000        ; -0.046     ; 1.985      ;
; -1.039 ; multiplier_datapath:datapath|product_reg[34]      ; multiplier_datapath:datapath|product_reg[59] ; clk          ; clk         ; 1.000        ; -0.046     ; 1.980      ;
; -1.038 ; multiplier_datapath:datapath|multiplicand_reg[6]  ; multiplier_datapath:datapath|product_reg[64] ; clk          ; clk         ; 1.000        ; -0.046     ; 1.979      ;
; -1.037 ; multiplier_datapath:datapath|multiplicand_reg[11] ; multiplier_datapath:datapath|product_reg[64] ; clk          ; clk         ; 1.000        ; -0.043     ; 1.981      ;
; -1.029 ; multiplier_datapath:datapath|multiplicand_reg[1]  ; multiplier_datapath:datapath|product_reg[61] ; clk          ; clk         ; 1.000        ; -0.046     ; 1.970      ;
; -1.028 ; multiplier_datapath:datapath|product_reg[36]      ; multiplier_datapath:datapath|product_reg[62] ; clk          ; clk         ; 1.000        ; -0.046     ; 1.969      ;
; -1.024 ; multiplier_datapath:datapath|product_reg[33]      ; multiplier_datapath:datapath|product_reg[53] ; clk          ; clk         ; 1.000        ; -0.044     ; 1.967      ;
; -1.022 ; multiplier_datapath:datapath|multiplicand_reg[1]  ; multiplier_datapath:datapath|product_reg[59] ; clk          ; clk         ; 1.000        ; -0.046     ; 1.963      ;
; -1.020 ; multiplier_datapath:datapath|multiplicand_reg[9]  ; multiplier_datapath:datapath|product_reg[64] ; clk          ; clk         ; 1.000        ; -0.044     ; 1.963      ;
; -1.020 ; multiplier_datapath:datapath|multiplicand_reg[1]  ; multiplier_datapath:datapath|product_reg[58] ; clk          ; clk         ; 1.000        ; -0.046     ; 1.961      ;
; -1.019 ; multiplier_datapath:datapath|multiplicand_reg[3]  ; multiplier_datapath:datapath|product_reg[62] ; clk          ; clk         ; 1.000        ; -0.046     ; 1.960      ;
; -1.017 ; multiplier_datapath:datapath|multiplicand_reg[2]  ; multiplier_datapath:datapath|product_reg[61] ; clk          ; clk         ; 1.000        ; -0.046     ; 1.958      ;
; -1.015 ; multiplier_datapath:datapath|multiplicand_reg[15] ; multiplier_datapath:datapath|product_reg[64] ; clk          ; clk         ; 1.000        ; -0.247     ; 1.755      ;
; -1.015 ; multiplier_datapath:datapath|multiplicand_reg[0]  ; multiplier_datapath:datapath|product_reg[61] ; clk          ; clk         ; 1.000        ; -0.046     ; 1.956      ;
; -1.012 ; multiplier_datapath:datapath|multiplicand_reg[3]  ; multiplier_datapath:datapath|product_reg[63] ; clk          ; clk         ; 1.000        ; -0.046     ; 1.953      ;
; -1.011 ; multiplier_datapath:datapath|product_reg[34]      ; multiplier_datapath:datapath|product_reg[58] ; clk          ; clk         ; 1.000        ; -0.046     ; 1.952      ;
; -1.011 ; multiplier_datapath:datapath|multiplicand_reg[1]  ; multiplier_datapath:datapath|product_reg[60] ; clk          ; clk         ; 1.000        ; -0.046     ; 1.952      ;
; -1.010 ; multiplier_datapath:datapath|product_reg[37]      ; multiplier_datapath:datapath|product_reg[61] ; clk          ; clk         ; 1.000        ; -0.046     ; 1.951      ;
; -1.010 ; multiplier_datapath:datapath|multiplicand_reg[2]  ; multiplier_datapath:datapath|product_reg[59] ; clk          ; clk         ; 1.000        ; -0.046     ; 1.951      ;
; -1.008 ; multiplier_datapath:datapath|multiplicand_reg[0]  ; multiplier_datapath:datapath|product_reg[59] ; clk          ; clk         ; 1.000        ; -0.046     ; 1.949      ;
; -1.005 ; multiplier_datapath:datapath|product_reg[33]      ; multiplier_datapath:datapath|product_reg[55] ; clk          ; clk         ; 1.000        ; -0.044     ; 1.948      ;
; -1.003 ; multiplier_datapath:datapath|product_reg[37]      ; multiplier_datapath:datapath|product_reg[59] ; clk          ; clk         ; 1.000        ; -0.046     ; 1.944      ;
; -1.002 ; multiplier_datapath:datapath|product_reg[34]      ; multiplier_datapath:datapath|product_reg[60] ; clk          ; clk         ; 1.000        ; -0.046     ; 1.943      ;
; -1.001 ; multiplier_datapath:datapath|product_reg[37]      ; multiplier_datapath:datapath|product_reg[58] ; clk          ; clk         ; 1.000        ; -0.046     ; 1.942      ;
; -1.000 ; multiplier_datapath:datapath|product_reg[32]      ; multiplier_datapath:datapath|product_reg[56] ; clk          ; clk         ; 1.000        ; -0.045     ; 1.942      ;
; -0.999 ; multiplier_datapath:datapath|product_reg[42]      ; multiplier_datapath:datapath|product_reg[64] ; clk          ; clk         ; 1.000        ; -0.045     ; 1.941      ;
; -0.999 ; multiplier_datapath:datapath|product_reg[39]      ; multiplier_datapath:datapath|product_reg[62] ; clk          ; clk         ; 1.000        ; -0.046     ; 1.940      ;
; -0.999 ; multiplier_datapath:datapath|product_reg[35]      ; multiplier_datapath:datapath|product_reg[56] ; clk          ; clk         ; 1.000        ; -0.046     ; 1.940      ;
; -0.998 ; multiplier_datapath:datapath|product_reg[32]      ; multiplier_datapath:datapath|product_reg[53] ; clk          ; clk         ; 1.000        ; -0.044     ; 1.941      ;
; -0.996 ; multiplier_datapath:datapath|product_reg[45]      ; multiplier_datapath:datapath|product_reg[64] ; clk          ; clk         ; 1.000        ; -0.045     ; 1.938      ;
; -0.994 ; multiplier_datapath:datapath|product_reg[36]      ; multiplier_datapath:datapath|product_reg[61] ; clk          ; clk         ; 1.000        ; -0.046     ; 1.935      ;
; -0.992 ; multiplier_datapath:datapath|product_reg[39]      ; multiplier_datapath:datapath|product_reg[63] ; clk          ; clk         ; 1.000        ; -0.046     ; 1.933      ;
; -0.992 ; multiplier_datapath:datapath|product_reg[37]      ; multiplier_datapath:datapath|product_reg[60] ; clk          ; clk         ; 1.000        ; -0.046     ; 1.933      ;
; -0.987 ; multiplier_datapath:datapath|product_reg[36]      ; multiplier_datapath:datapath|product_reg[59] ; clk          ; clk         ; 1.000        ; -0.046     ; 1.928      ;
; -0.985 ; multiplier_datapath:datapath|product_reg[33]      ; multiplier_datapath:datapath|product_reg[57] ; clk          ; clk         ; 1.000        ; -0.045     ; 1.927      ;
; -0.982 ; multiplier_datapath:datapath|product_reg[51]      ; multiplier_datapath:datapath|product_reg[64] ; clk          ; clk         ; 1.000        ; -0.248     ; 1.721      ;
; -0.980 ; multiplier_datapath:datapath|multiplicand_reg[2]  ; multiplier_datapath:datapath|product_reg[58] ; clk          ; clk         ; 1.000        ; -0.046     ; 1.921      ;
; -0.979 ; multiplier_datapath:datapath|product_reg[32]      ; multiplier_datapath:datapath|product_reg[55] ; clk          ; clk         ; 1.000        ; -0.044     ; 1.922      ;
; -0.973 ; multiplier_datapath:datapath|multiplicand_reg[8]  ; multiplier_datapath:datapath|product_reg[64] ; clk          ; clk         ; 1.000        ; -0.044     ; 1.916      ;
; -0.972 ; multiplier_datapath:datapath|multiplicand_reg[0]  ; multiplier_datapath:datapath|product_reg[58] ; clk          ; clk         ; 1.000        ; -0.046     ; 1.913      ;
; -0.971 ; multiplier_datapath:datapath|multiplicand_reg[2]  ; multiplier_datapath:datapath|product_reg[60] ; clk          ; clk         ; 1.000        ; -0.046     ; 1.912      ;
; -0.967 ; multiplier_datapath:datapath|multiplicand_reg[14] ; multiplier_datapath:datapath|product_reg[64] ; clk          ; clk         ; 1.000        ; -0.247     ; 1.707      ;
; -0.967 ; multiplier_datapath:datapath|product_reg[35]      ; multiplier_datapath:datapath|product_reg[53] ; clk          ; clk         ; 1.000        ; -0.045     ; 1.909      ;
; -0.963 ; multiplier_datapath:datapath|multiplicand_reg[0]  ; multiplier_datapath:datapath|product_reg[60] ; clk          ; clk         ; 1.000        ; -0.046     ; 1.904      ;
; -0.961 ; multiplier_datapath:datapath|multiplicand_reg[1]  ; multiplier_datapath:datapath|product_reg[56] ; clk          ; clk         ; 1.000        ; -0.046     ; 1.902      ;
; -0.959 ; multiplier_datapath:datapath|product_reg[32]      ; multiplier_datapath:datapath|product_reg[57] ; clk          ; clk         ; 1.000        ; -0.045     ; 1.901      ;
; -0.956 ; multiplier_datapath:datapath|multiplicand_reg[3]  ; multiplier_datapath:datapath|product_reg[61] ; clk          ; clk         ; 1.000        ; -0.046     ; 1.897      ;
; -0.956 ; multiplier_datapath:datapath|product_reg[36]      ; multiplier_datapath:datapath|product_reg[58] ; clk          ; clk         ; 1.000        ; -0.046     ; 1.897      ;
; -0.954 ; multiplier_datapath:datapath|product_reg[38]      ; multiplier_datapath:datapath|product_reg[63] ; clk          ; clk         ; 1.000        ; -0.046     ; 1.895      ;
; -0.952 ; multiplier_datapath:datapath|multiplicand_reg[5]  ; multiplier_datapath:datapath|product_reg[62] ; clk          ; clk         ; 1.000        ; -0.046     ; 1.893      ;
; -0.952 ; multiplier_datapath:datapath|product_reg[34]      ; multiplier_datapath:datapath|product_reg[56] ; clk          ; clk         ; 1.000        ; -0.046     ; 1.893      ;
; -0.949 ; multiplier_datapath:datapath|multiplicand_reg[3]  ; multiplier_datapath:datapath|product_reg[59] ; clk          ; clk         ; 1.000        ; -0.046     ; 1.890      ;
+--------+---------------------------------------------------+----------------------------------------------+--------------+-------------+--------------+------------+------------+


+--------------------------------------------------------------------------------------------------------------------------------------------------------------------------------+
; Fast 1200mV 0C Model Hold: 'clk'                                                                                                                                               ;
+-------+---------------------------------------------------+----------------------------------------------+--------------+-------------+--------------+------------+------------+
; Slack ; From Node                                         ; To Node                                      ; Launch Clock ; Latch Clock ; Relationship ; Clock Skew ; Data Delay ;
+-------+---------------------------------------------------+----------------------------------------------+--------------+-------------+--------------+------------+------------+
; 0.181 ; multiplier_datapath:datapath|product_reg[64]      ; multiplier_datapath:datapath|product_reg[64] ; clk          ; clk         ; 0.000        ; 0.042      ; 0.307      ;
; 0.182 ; multiplier_control:control|state.IDLE             ; multiplier_control:control|state.IDLE        ; clk          ; clk         ; 0.000        ; 0.041      ; 0.307      ;
; 0.182 ; multiplier_control:control|state.DONE             ; multiplier_control:control|state.DONE        ; clk          ; clk         ; 0.000        ; 0.041      ; 0.307      ;
; 0.193 ; multiplier_control:control|count[5]               ; multiplier_control:control|count[5]          ; clk          ; clk         ; 0.000        ; 0.041      ; 0.318      ;
; 0.198 ; multiplier_datapath:datapath|product_reg[54]      ; multiplier_datapath:datapath|product_reg[53] ; clk          ; clk         ; 0.000        ; 0.042      ; 0.324      ;
; 0.199 ; multiplier_datapath:datapath|product_reg[60]      ; multiplier_datapath:datapath|product_reg[59] ; clk          ; clk         ; 0.000        ; 0.042      ; 0.325      ;
; 0.200 ; multiplier_datapath:datapath|product_reg[43]      ; multiplier_datapath:datapath|product_reg[42] ; clk          ; clk         ; 0.000        ; 0.042      ; 0.326      ;
; 0.200 ; multiplier_datapath:datapath|product_reg[31]      ; multiplier_datapath:datapath|product_reg[30] ; clk          ; clk         ; 0.000        ; 0.042      ; 0.326      ;
; 0.210 ; multiplier_datapath:datapath|product_reg[57]      ; multiplier_datapath:datapath|product_reg[56] ; clk          ; clk         ; 0.000        ; 0.042      ; 0.336      ;
; 0.211 ; multiplier_datapath:datapath|product_reg[48]      ; multiplier_datapath:datapath|product_reg[47] ; clk          ; clk         ; 0.000        ; 0.042      ; 0.337      ;
; 0.240 ; multiplier_control:control|state.ADD_OR_SKIP      ; multiplier_datapath:datapath|product_reg[58] ; clk          ; clk         ; 0.000        ; 0.042      ; 0.366      ;
; 0.243 ; multiplier_datapath:datapath|product_reg[52]      ; multiplier_datapath:datapath|product_reg[51] ; clk          ; clk         ; 0.000        ; 0.247      ; 0.574      ;
; 0.249 ; multiplier_datapath:datapath|product_reg[64]      ; multiplier_datapath:datapath|product_reg[63] ; clk          ; clk         ; 0.000        ; 0.042      ; 0.375      ;
; 0.258 ; multiplier_datapath:datapath|product_reg[1]       ; multiplier_datapath:datapath|product_reg[0]  ; clk          ; clk         ; 0.000        ; 0.042      ; 0.384      ;
; 0.258 ; multiplier_datapath:datapath|product_reg[8]       ; multiplier_datapath:datapath|product_reg[7]  ; clk          ; clk         ; 0.000        ; 0.042      ; 0.384      ;
; 0.259 ; multiplier_datapath:datapath|product_reg[47]      ; multiplier_datapath:datapath|product_reg[46] ; clk          ; clk         ; 0.000        ; 0.042      ; 0.385      ;
; 0.259 ; multiplier_datapath:datapath|product_reg[16]      ; multiplier_datapath:datapath|product_reg[15] ; clk          ; clk         ; 0.000        ; 0.041      ; 0.384      ;
; 0.260 ; multiplier_datapath:datapath|product_reg[62]      ; multiplier_datapath:datapath|product_reg[61] ; clk          ; clk         ; 0.000        ; 0.042      ; 0.386      ;
; 0.261 ; multiplier_datapath:datapath|product_reg[45]      ; multiplier_datapath:datapath|product_reg[44] ; clk          ; clk         ; 0.000        ; 0.042      ; 0.387      ;
; 0.261 ; multiplier_datapath:datapath|product_reg[2]       ; multiplier_datapath:datapath|product_reg[1]  ; clk          ; clk         ; 0.000        ; 0.042      ; 0.387      ;
; 0.262 ; multiplier_datapath:datapath|product_reg[11]      ; multiplier_datapath:datapath|product_reg[10] ; clk          ; clk         ; 0.000        ; 0.042      ; 0.388      ;
; 0.270 ; multiplier_datapath:datapath|product_reg[33]      ; multiplier_datapath:datapath|product_reg[32] ; clk          ; clk         ; 0.000        ; 0.042      ; 0.396      ;
; 0.272 ; multiplier_datapath:datapath|product_reg[36]      ; multiplier_datapath:datapath|product_reg[35] ; clk          ; clk         ; 0.000        ; 0.041      ; 0.397      ;
; 0.273 ; multiplier_datapath:datapath|product_reg[37]      ; multiplier_datapath:datapath|product_reg[36] ; clk          ; clk         ; 0.000        ; 0.041      ; 0.398      ;
; 0.294 ; multiplier_control:control|count[1]               ; multiplier_control:control|count[1]          ; clk          ; clk         ; 0.000        ; 0.041      ; 0.419      ;
; 0.295 ; multiplier_control:control|count[3]               ; multiplier_control:control|count[3]          ; clk          ; clk         ; 0.000        ; 0.041      ; 0.420      ;
; 0.296 ; multiplier_control:control|count[2]               ; multiplier_control:control|count[2]          ; clk          ; clk         ; 0.000        ; 0.041      ; 0.421      ;
; 0.296 ; multiplier_control:control|count[4]               ; multiplier_control:control|count[4]          ; clk          ; clk         ; 0.000        ; 0.041      ; 0.421      ;
; 0.300 ; multiplier_datapath:datapath|product_reg[55]      ; multiplier_datapath:datapath|product_reg[54] ; clk          ; clk         ; 0.000        ; 0.042      ; 0.426      ;
; 0.300 ; multiplier_datapath:datapath|product_reg[61]      ; multiplier_datapath:datapath|product_reg[60] ; clk          ; clk         ; 0.000        ; 0.042      ; 0.426      ;
; 0.301 ; multiplier_datapath:datapath|product_reg[39]      ; multiplier_datapath:datapath|product_reg[38] ; clk          ; clk         ; 0.000        ; 0.041      ; 0.426      ;
; 0.301 ; multiplier_datapath:datapath|product_reg[63]      ; multiplier_datapath:datapath|product_reg[62] ; clk          ; clk         ; 0.000        ; 0.042      ; 0.427      ;
; 0.302 ; multiplier_datapath:datapath|product_reg[15]      ; multiplier_datapath:datapath|product_reg[14] ; clk          ; clk         ; 0.000        ; 0.041      ; 0.427      ;
; 0.303 ; multiplier_control:control|count[0]               ; multiplier_control:control|count[0]          ; clk          ; clk         ; 0.000        ; 0.041      ; 0.428      ;
; 0.307 ; multiplier_datapath:datapath|product_reg[49]      ; multiplier_datapath:datapath|product_reg[48] ; clk          ; clk         ; 0.000        ; 0.042      ; 0.433      ;
; 0.307 ; multiplier_datapath:datapath|product_reg[19]      ; multiplier_datapath:datapath|product_reg[18] ; clk          ; clk         ; 0.000        ; 0.041      ; 0.432      ;
; 0.307 ; multiplier_datapath:datapath|product_reg[25]      ; multiplier_datapath:datapath|product_reg[24] ; clk          ; clk         ; 0.000        ; 0.041      ; 0.432      ;
; 0.307 ; multiplier_datapath:datapath|product_reg[59]      ; multiplier_datapath:datapath|product_reg[58] ; clk          ; clk         ; 0.000        ; 0.042      ; 0.433      ;
; 0.308 ; multiplier_datapath:datapath|product_reg[38]      ; multiplier_datapath:datapath|product_reg[37] ; clk          ; clk         ; 0.000        ; 0.041      ; 0.433      ;
; 0.308 ; multiplier_datapath:datapath|product_reg[21]      ; multiplier_datapath:datapath|product_reg[20] ; clk          ; clk         ; 0.000        ; 0.041      ; 0.433      ;
; 0.308 ; multiplier_datapath:datapath|product_reg[24]      ; multiplier_datapath:datapath|product_reg[23] ; clk          ; clk         ; 0.000        ; 0.041      ; 0.433      ;
; 0.308 ; multiplier_datapath:datapath|product_reg[27]      ; multiplier_datapath:datapath|product_reg[26] ; clk          ; clk         ; 0.000        ; 0.041      ; 0.433      ;
; 0.311 ; multiplier_datapath:datapath|product_reg[29]      ; multiplier_datapath:datapath|product_reg[28] ; clk          ; clk         ; 0.000        ; 0.041      ; 0.436      ;
; 0.312 ; multiplier_datapath:datapath|product_reg[53]      ; multiplier_datapath:datapath|product_reg[52] ; clk          ; clk         ; 0.000        ; 0.042      ; 0.438      ;
; 0.316 ; multiplier_control:control|state.IDLE             ; multiplier_control:control|state.LOAD        ; clk          ; clk         ; 0.000        ; 0.041      ; 0.441      ;
; 0.321 ; multiplier_datapath:datapath|product_reg[3]       ; multiplier_datapath:datapath|product_reg[2]  ; clk          ; clk         ; 0.000        ; 0.042      ; 0.447      ;
; 0.321 ; multiplier_datapath:datapath|product_reg[6]       ; multiplier_datapath:datapath|product_reg[5]  ; clk          ; clk         ; 0.000        ; 0.042      ; 0.447      ;
; 0.321 ; multiplier_datapath:datapath|product_reg[7]       ; multiplier_datapath:datapath|product_reg[6]  ; clk          ; clk         ; 0.000        ; 0.042      ; 0.447      ;
; 0.321 ; multiplier_datapath:datapath|product_reg[12]      ; multiplier_datapath:datapath|product_reg[11] ; clk          ; clk         ; 0.000        ; 0.042      ; 0.447      ;
; 0.322 ; multiplier_datapath:datapath|product_reg[13]      ; multiplier_datapath:datapath|product_reg[12] ; clk          ; clk         ; 0.000        ; 0.042      ; 0.448      ;
; 0.322 ; multiplier_datapath:datapath|product_reg[22]      ; multiplier_datapath:datapath|product_reg[21] ; clk          ; clk         ; 0.000        ; 0.041      ; 0.447      ;
; 0.323 ; multiplier_datapath:datapath|product_reg[46]      ; multiplier_datapath:datapath|product_reg[45] ; clk          ; clk         ; 0.000        ; 0.042      ; 0.449      ;
; 0.323 ; multiplier_datapath:datapath|product_reg[4]       ; multiplier_datapath:datapath|product_reg[3]  ; clk          ; clk         ; 0.000        ; 0.042      ; 0.449      ;
; 0.323 ; multiplier_datapath:datapath|product_reg[9]       ; multiplier_datapath:datapath|product_reg[8]  ; clk          ; clk         ; 0.000        ; 0.042      ; 0.449      ;
; 0.323 ; multiplier_datapath:datapath|product_reg[26]      ; multiplier_datapath:datapath|product_reg[25] ; clk          ; clk         ; 0.000        ; 0.041      ; 0.448      ;
; 0.323 ; multiplier_datapath:datapath|product_reg[28]      ; multiplier_datapath:datapath|product_reg[27] ; clk          ; clk         ; 0.000        ; 0.041      ; 0.448      ;
; 0.324 ; multiplier_datapath:datapath|product_reg[10]      ; multiplier_datapath:datapath|product_reg[9]  ; clk          ; clk         ; 0.000        ; 0.042      ; 0.450      ;
; 0.324 ; multiplier_datapath:datapath|product_reg[18]      ; multiplier_datapath:datapath|product_reg[17] ; clk          ; clk         ; 0.000        ; 0.041      ; 0.449      ;
; 0.324 ; multiplier_datapath:datapath|product_reg[23]      ; multiplier_datapath:datapath|product_reg[22] ; clk          ; clk         ; 0.000        ; 0.041      ; 0.449      ;
; 0.325 ; multiplier_datapath:datapath|product_reg[20]      ; multiplier_datapath:datapath|product_reg[19] ; clk          ; clk         ; 0.000        ; 0.041      ; 0.450      ;
; 0.326 ; multiplier_datapath:datapath|product_reg[42]      ; multiplier_datapath:datapath|product_reg[41] ; clk          ; clk         ; 0.000        ; 0.042      ; 0.452      ;
; 0.337 ; multiplier_control:control|state.DONE             ; multiplier_control:control|state.IDLE        ; clk          ; clk         ; 0.000        ; 0.041      ; 0.462      ;
; 0.342 ; multiplier_control:control|state.ADD_OR_SKIP      ; multiplier_datapath:datapath|product_reg[57] ; clk          ; clk         ; 0.000        ; 0.042      ; 0.468      ;
; 0.342 ; multiplier_control:control|state.ADD_OR_SKIP      ; multiplier_datapath:datapath|product_reg[61] ; clk          ; clk         ; 0.000        ; 0.042      ; 0.468      ;
; 0.343 ; multiplier_control:control|state.ADD_OR_SKIP      ; multiplier_datapath:datapath|product_reg[63] ; clk          ; clk         ; 0.000        ; 0.042      ; 0.469      ;
; 0.343 ; multiplier_control:control|state.ADD_OR_SKIP      ; multiplier_datapath:datapath|product_reg[62] ; clk          ; clk         ; 0.000        ; 0.042      ; 0.469      ;
; 0.345 ; multiplier_control:control|state.ADD_OR_SKIP      ; multiplier_datapath:datapath|product_reg[60] ; clk          ; clk         ; 0.000        ; 0.042      ; 0.471      ;
; 0.353 ; multiplier_control:control|state.ADD_OR_SKIP      ; multiplier_datapath:datapath|product_reg[56] ; clk          ; clk         ; 0.000        ; 0.042      ; 0.479      ;
; 0.362 ; multiplier_control:control|state.ADD_OR_SKIP      ; multiplier_datapath:datapath|product_reg[59] ; clk          ; clk         ; 0.000        ; 0.042      ; 0.488      ;
; 0.368 ; multiplier_datapath:datapath|multiplicand_reg[19] ; multiplier_datapath:datapath|product_reg[51] ; clk          ; clk         ; 0.000        ; 0.247      ; 0.699      ;
; 0.372 ; multiplier_datapath:datapath|product_reg[58]      ; multiplier_datapath:datapath|product_reg[57] ; clk          ; clk         ; 0.000        ; 0.042      ; 0.498      ;
; 0.373 ; multiplier_datapath:datapath|product_reg[35]      ; multiplier_datapath:datapath|product_reg[34] ; clk          ; clk         ; 0.000        ; 0.041      ; 0.498      ;
; 0.373 ; multiplier_datapath:datapath|product_reg[0]       ; multiplier_datapath:datapath|product_reg[32] ; clk          ; clk         ; 0.000        ; 0.042      ; 0.499      ;
; 0.374 ; multiplier_datapath:datapath|product_reg[0]       ; multiplier_datapath:datapath|product_reg[33] ; clk          ; clk         ; 0.000        ; 0.042      ; 0.500      ;
; 0.380 ; multiplier_datapath:datapath|product_reg[44]      ; multiplier_datapath:datapath|product_reg[43] ; clk          ; clk         ; 0.000        ; 0.042      ; 0.506      ;
; 0.383 ; multiplier_datapath:datapath|product_reg[30]      ; multiplier_datapath:datapath|product_reg[29] ; clk          ; clk         ; 0.000        ; 0.042      ; 0.509      ;
; 0.391 ; multiplier_control:control|state.ADD_OR_SKIP      ; multiplier_datapath:datapath|product_reg[64] ; clk          ; clk         ; 0.000        ; 0.042      ; 0.517      ;
; 0.392 ; multiplier_datapath:datapath|product_reg[56]      ; multiplier_datapath:datapath|product_reg[55] ; clk          ; clk         ; 0.000        ; 0.043      ; 0.519      ;
; 0.433 ; multiplier_control:control|state.ADD_OR_SKIP      ; multiplier_datapath:datapath|product_reg[43] ; clk          ; clk         ; 0.000        ; 0.045      ; 0.562      ;
; 0.434 ; multiplier_control:control|state.ADD_OR_SKIP      ; multiplier_datapath:datapath|product_reg[48] ; clk          ; clk         ; 0.000        ; 0.045      ; 0.563      ;
; 0.435 ; multiplier_control:control|state.ADD_OR_SKIP      ; multiplier_datapath:datapath|product_reg[40] ; clk          ; clk         ; 0.000        ; 0.045      ; 0.564      ;
; 0.436 ; multiplier_control:control|state.ADD_OR_SKIP      ; multiplier_datapath:datapath|product_reg[41] ; clk          ; clk         ; 0.000        ; 0.045      ; 0.565      ;
; 0.437 ; multiplier_datapath:datapath|product_reg[34]      ; multiplier_datapath:datapath|product_reg[33] ; clk          ; clk         ; 0.000        ; 0.040      ; 0.561      ;
; 0.443 ; multiplier_control:control|count[1]               ; multiplier_control:control|count[2]          ; clk          ; clk         ; 0.000        ; 0.041      ; 0.568      ;
; 0.444 ; multiplier_control:control|count[3]               ; multiplier_control:control|count[4]          ; clk          ; clk         ; 0.000        ; 0.041      ; 0.569      ;
; 0.452 ; multiplier_control:control|count[0]               ; multiplier_control:control|count[1]          ; clk          ; clk         ; 0.000        ; 0.041      ; 0.577      ;
; 0.454 ; multiplier_control:control|count[4]               ; multiplier_control:control|count[5]          ; clk          ; clk         ; 0.000        ; 0.041      ; 0.579      ;
; 0.454 ; multiplier_control:control|count[2]               ; multiplier_control:control|count[3]          ; clk          ; clk         ; 0.000        ; 0.041      ; 0.579      ;
; 0.455 ; multiplier_control:control|count[0]               ; multiplier_control:control|count[2]          ; clk          ; clk         ; 0.000        ; 0.041      ; 0.580      ;
; 0.457 ; multiplier_control:control|state.LOAD             ; multiplier_control:control|state.ADD_OR_SKIP ; clk          ; clk         ; 0.000        ; 0.039      ; 0.580      ;
; 0.457 ; multiplier_control:control|count[2]               ; multiplier_control:control|count[4]          ; clk          ; clk         ; 0.000        ; 0.041      ; 0.582      ;
; 0.458 ; multiplier_control:control|state.ADD_OR_SKIP      ; multiplier_datapath:datapath|product_reg[51] ; clk          ; clk         ; 0.000        ; 0.248      ; 0.790      ;
; 0.463 ; multiplier_control:control|state.ADD_OR_SKIP      ; multiplier_datapath:datapath|product_reg[37] ; clk          ; clk         ; 0.000        ; 0.046      ; 0.593      ;
; 0.464 ; multiplier_control:control|state.ADD_OR_SKIP      ; multiplier_control:control|state.SHIFT       ; clk          ; clk         ; 0.000        ; 0.046      ; 0.594      ;
; 0.465 ; multiplier_datapath:datapath|product_reg[40]      ; multiplier_datapath:datapath|product_reg[39] ; clk          ; clk         ; 0.000        ; 0.043      ; 0.592      ;
; 0.484 ; multiplier_datapath:datapath|product_reg[0]       ; multiplier_datapath:datapath|product_reg[38] ; clk          ; clk         ; 0.000        ; 0.043      ; 0.611      ;
; 0.486 ; multiplier_datapath:datapath|product_reg[0]       ; multiplier_datapath:datapath|product_reg[34] ; clk          ; clk         ; 0.000        ; 0.043      ; 0.613      ;
; 0.495 ; multiplier_datapath:datapath|product_reg[51]      ; multiplier_datapath:datapath|product_reg[50] ; clk          ; clk         ; 0.000        ; -0.153     ; 0.426      ;
; 0.501 ; multiplier_datapath:datapath|multiplicand_reg[7]  ; multiplier_datapath:datapath|product_reg[39] ; clk          ; clk         ; 0.000        ; 0.042      ; 0.627      ;
; 0.504 ; multiplier_datapath:datapath|multiplicand_reg[12] ; multiplier_datapath:datapath|product_reg[44] ; clk          ; clk         ; 0.000        ; 0.042      ; 0.630      ;
+-------+---------------------------------------------------+----------------------------------------------+--------------+-------------+--------------+------------+------------+


----------------------------------------------
; Fast 1200mV 0C Model Metastability Summary ;
----------------------------------------------
No synchronizer chains to report.


+--------------------------------------------------------------------------------+
; Multicorner Timing Analysis Summary                                            ;
+------------------+----------+-------+----------+---------+---------------------+
; Clock            ; Setup    ; Hold  ; Recovery ; Removal ; Minimum Pulse Width ;
+------------------+----------+-------+----------+---------+---------------------+
; Worst-case Slack ; -3.750   ; 0.181 ; N/A      ; N/A     ; -3.000              ;
;  clk             ; -3.750   ; 0.181 ; N/A      ; N/A     ; -3.000              ;
; Design-wide TNS  ; -205.388 ; 0.0   ; 0.0      ; 0.0     ; -141.78             ;
;  clk             ; -205.388 ; 0.000 ; N/A      ; N/A     ; -141.780            ;
+------------------+----------+-------+----------+---------+---------------------+


+------------------------------------------------------------------------------------------------------------------------------------------------------------------------------------------------------------------------------------------------------------------------------------------------------------------------------------------------------------------------------------------------------------------+
; Board Trace Model Assignments                                                                                                                                                                                                                                                                                                                                                                                    ;
+---------------+--------------+-------------------+-------------------------+-------------------------+---------------+---------------------+----------------+------------------+--------+------------------+------------------------+------------------------+--------------+---------------+-----------------+-------+---------------------+--------------------+---------------+-----------------+-------------+
; Pin           ; I/O Standard ; Near Tline Length ; Near Tline L per Length ; Near Tline C per Length ; Near Series R ; Near Differential R ; Near Pull-up R ; Near Pull-down R ; Near C ; Far Tline Length ; Far Tline L per Length ; Far Tline C per Length ; Far Series R ; Far Pull-up R ; Far Pull-down R ; Far C ; Termination Voltage ; Far Differential R ; EBD File Name ; EBD Signal Name ; EBD Far-end ;
+---------------+--------------+-------------------+-------------------------+-------------------------+---------------+---------------------+----------------+------------------+--------+------------------+------------------------+------------------------+--------------+---------------+-----------------+-------+---------------------+--------------------+---------------+-----------------+-------------+
; product[0]    ; 2.5 V        ; 0 in              ; 0 H/in                  ; 0 F/in                  ; short         ; -                   ; open           ; open             ; open   ; 0 in             ; 0 H/in                 ; 0 F/in                 ; short        ; open          ; open            ; open  ; 0 V                 ; -                  ; n/a           ; n/a             ; n/a         ;
; product[1]    ; 2.5 V        ; 0 in              ; 0 H/in                  ; 0 F/in                  ; short         ; -                   ; open           ; open             ; open   ; 0 in             ; 0 H/in                 ; 0 F/in                 ; short        ; open          ; open            ; open  ; 0 V                 ; -                  ; n/a           ; n/a             ; n/a         ;
; product[2]    ; 2.5 V        ; 0 in              ; 0 H/in                  ; 0 F/in                  ; short         ; -                   ; open           ; open             ; open   ; 0 in             ; 0 H/in                 ; 0 F/in                 ; short        ; open          ; open            ; open  ; 0 V                 ; -                  ; n/a           ; n/a             ; n/a         ;
; product[3]    ; 2.5 V        ; 0 in              ; 0 H/in                  ; 0 F/in                  ; short         ; -                   ; open           ; open             ; open   ; 0 in             ; 0 H/in                 ; 0 F/in                 ; short        ; open          ; open            ; open  ; 0 V                 ; -                  ; n/a           ; n/a             ; n/a         ;
; product[4]    ; 2.5 V        ; 0 in              ; 0 H/in                  ; 0 F/in                  ; short         ; -                   ; open           ; open             ; open   ; 0 in             ; 0 H/in                 ; 0 F/in                 ; short        ; open          ; open            ; open  ; 0 V                 ; -                  ; n/a           ; n/a             ; n/a         ;
; product[5]    ; 2.5 V        ; 0 in              ; 0 H/in                  ; 0 F/in                  ; short         ; -                   ; open           ; open             ; open   ; 0 in             ; 0 H/in                 ; 0 F/in                 ; short        ; open          ; open            ; open  ; 0 V                 ; -                  ; n/a           ; n/a             ; n/a         ;
; product[6]    ; 2.5 V        ; 0 in              ; 0 H/in                  ; 0 F/in                  ; short         ; -                   ; open           ; open             ; open   ; 0 in             ; 0 H/in                 ; 0 F/in                 ; short        ; open          ; open            ; open  ; 0 V                 ; -                  ; n/a           ; n/a             ; n/a         ;
; product[7]    ; 2.5 V        ; 0 in              ; 0 H/in                  ; 0 F/in                  ; short         ; -                   ; open           ; open             ; open   ; 0 in             ; 0 H/in                 ; 0 F/in                 ; short        ; open          ; open            ; open  ; 0 V                 ; -                  ; n/a           ; n/a             ; n/a         ;
; product[8]    ; 2.5 V        ; 0 in              ; 0 H/in                  ; 0 F/in                  ; short         ; -                   ; open           ; open             ; open   ; 0 in             ; 0 H/in                 ; 0 F/in                 ; short        ; open          ; open            ; open  ; 0 V                 ; -                  ; n/a           ; n/a             ; n/a         ;
; product[9]    ; 2.5 V        ; 0 in              ; 0 H/in                  ; 0 F/in                  ; short         ; -                   ; open           ; open             ; open   ; 0 in             ; 0 H/in                 ; 0 F/in                 ; short        ; open          ; open            ; open  ; 0 V                 ; -                  ; n/a           ; n/a             ; n/a         ;
; product[10]   ; 2.5 V        ; 0 in              ; 0 H/in                  ; 0 F/in                  ; short         ; -                   ; open           ; open             ; open   ; 0 in             ; 0 H/in                 ; 0 F/in                 ; short        ; open          ; open            ; open  ; 0 V                 ; -                  ; n/a           ; n/a             ; n/a         ;
; product[11]   ; 2.5 V        ; 0 in              ; 0 H/in                  ; 0 F/in                  ; short         ; -                   ; open           ; open             ; open   ; 0 in             ; 0 H/in                 ; 0 F/in                 ; short        ; open          ; open            ; open  ; 0 V                 ; -                  ; n/a           ; n/a             ; n/a         ;
; product[12]   ; 2.5 V        ; 0 in              ; 0 H/in                  ; 0 F/in                  ; short         ; -                   ; open           ; open             ; open   ; 0 in             ; 0 H/in                 ; 0 F/in                 ; short        ; open          ; open            ; open  ; 0 V                 ; -                  ; n/a           ; n/a             ; n/a         ;
; product[13]   ; 2.5 V        ; 0 in              ; 0 H/in                  ; 0 F/in                  ; short         ; -                   ; open           ; open             ; open   ; 0 in             ; 0 H/in                 ; 0 F/in                 ; short        ; open          ; open            ; open  ; 0 V                 ; -                  ; n/a           ; n/a             ; n/a         ;
; product[14]   ; 2.5 V        ; 0 in              ; 0 H/in                  ; 0 F/in                  ; short         ; -                   ; open           ; open             ; open   ; 0 in             ; 0 H/in                 ; 0 F/in                 ; short        ; open          ; open            ; open  ; 0 V                 ; -                  ; n/a           ; n/a             ; n/a         ;
; product[15]   ; 2.5 V        ; 0 in              ; 0 H/in                  ; 0 F/in                  ; short         ; -                   ; open           ; open             ; open   ; 0 in             ; 0 H/in                 ; 0 F/in                 ; short        ; open          ; open            ; open  ; 0 V                 ; -                  ; n/a           ; n/a             ; n/a         ;
; product[16]   ; 2.5 V        ; 0 in              ; 0 H/in                  ; 0 F/in                  ; short         ; -                   ; open           ; open             ; open   ; 0 in             ; 0 H/in                 ; 0 F/in                 ; short        ; open          ; open            ; open  ; 0 V                 ; -                  ; n/a           ; n/a             ; n/a         ;
; product[17]   ; 2.5 V        ; 0 in              ; 0 H/in                  ; 0 F/in                  ; short         ; -                   ; open           ; open             ; open   ; 0 in             ; 0 H/in                 ; 0 F/in                 ; short        ; open          ; open            ; open  ; 0 V                 ; -                  ; n/a           ; n/a             ; n/a         ;
; product[18]   ; 2.5 V        ; 0 in              ; 0 H/in                  ; 0 F/in                  ; short         ; -                   ; open           ; open             ; open   ; 0 in             ; 0 H/in                 ; 0 F/in                 ; short        ; open          ; open            ; open  ; 0 V                 ; -                  ; n/a           ; n/a             ; n/a         ;
; product[19]   ; 2.5 V        ; 0 in              ; 0 H/in                  ; 0 F/in                  ; short         ; -                   ; open           ; open             ; open   ; 0 in             ; 0 H/in                 ; 0 F/in                 ; short        ; open          ; open            ; open  ; 0 V                 ; -                  ; n/a           ; n/a             ; n/a         ;
; product[20]   ; 2.5 V        ; 0 in              ; 0 H/in                  ; 0 F/in                  ; short         ; -                   ; open           ; open             ; open   ; 0 in             ; 0 H/in                 ; 0 F/in                 ; short        ; open          ; open            ; open  ; 0 V                 ; -                  ; n/a           ; n/a             ; n/a         ;
; product[21]   ; 2.5 V        ; 0 in              ; 0 H/in                  ; 0 F/in                  ; short         ; -                   ; open           ; open             ; open   ; 0 in             ; 0 H/in                 ; 0 F/in                 ; short        ; open          ; open            ; open  ; 0 V                 ; -                  ; n/a           ; n/a             ; n/a         ;
; product[22]   ; 2.5 V        ; 0 in              ; 0 H/in                  ; 0 F/in                  ; short         ; -                   ; open           ; open             ; open   ; 0 in             ; 0 H/in                 ; 0 F/in                 ; short        ; open          ; open            ; open  ; 0 V                 ; -                  ; n/a           ; n/a             ; n/a         ;
; product[23]   ; 2.5 V        ; 0 in              ; 0 H/in                  ; 0 F/in                  ; short         ; -                   ; open           ; open             ; open   ; 0 in             ; 0 H/in                 ; 0 F/in                 ; short        ; open          ; open            ; open  ; 0 V                 ; -                  ; n/a           ; n/a             ; n/a         ;
; product[24]   ; 2.5 V        ; 0 in              ; 0 H/in                  ; 0 F/in                  ; short         ; -                   ; open           ; open             ; open   ; 0 in             ; 0 H/in                 ; 0 F/in                 ; short        ; open          ; open            ; open  ; 0 V                 ; -                  ; n/a           ; n/a             ; n/a         ;
; product[25]   ; 2.5 V        ; 0 in              ; 0 H/in                  ; 0 F/in                  ; short         ; -                   ; open           ; open             ; open   ; 0 in             ; 0 H/in                 ; 0 F/in                 ; short        ; open          ; open            ; open  ; 0 V                 ; -                  ; n/a           ; n/a             ; n/a         ;
; product[26]   ; 2.5 V        ; 0 in              ; 0 H/in                  ; 0 F/in                  ; short         ; -                   ; open           ; open             ; open   ; 0 in             ; 0 H/in                 ; 0 F/in                 ; short        ; open          ; open            ; open  ; 0 V                 ; -                  ; n/a           ; n/a             ; n/a         ;
; product[27]   ; 2.5 V        ; 0 in              ; 0 H/in                  ; 0 F/in                  ; short         ; -                   ; open           ; open             ; open   ; 0 in             ; 0 H/in                 ; 0 F/in                 ; short        ; open          ; open            ; open  ; 0 V                 ; -                  ; n/a           ; n/a             ; n/a         ;
; product[28]   ; 2.5 V        ; 0 in              ; 0 H/in                  ; 0 F/in                  ; short         ; -                   ; open           ; open             ; open   ; 0 in             ; 0 H/in                 ; 0 F/in                 ; short        ; open          ; open            ; open  ; 0 V                 ; -                  ; n/a           ; n/a             ; n/a         ;
; product[29]   ; 2.5 V        ; 0 in              ; 0 H/in                  ; 0 F/in                  ; short         ; -                   ; open           ; open             ; open   ; 0 in             ; 0 H/in                 ; 0 F/in                 ; short        ; open          ; open            ; open  ; 0 V                 ; -                  ; n/a           ; n/a             ; n/a         ;
; product[30]   ; 2.5 V        ; 0 in              ; 0 H/in                  ; 0 F/in                  ; short         ; -                   ; open           ; open             ; open   ; 0 in             ; 0 H/in                 ; 0 F/in                 ; short        ; open          ; open            ; open  ; 0 V                 ; -                  ; n/a           ; n/a             ; n/a         ;
; product[31]   ; 2.5 V        ; 0 in              ; 0 H/in                  ; 0 F/in                  ; short         ; -                   ; open           ; open             ; open   ; 0 in             ; 0 H/in                 ; 0 F/in                 ; short        ; open          ; open            ; open  ; 0 V                 ; -                  ; n/a           ; n/a             ; n/a         ;
; product[32]   ; 2.5 V        ; 0 in              ; 0 H/in                  ; 0 F/in                  ; short         ; -                   ; open           ; open             ; open   ; 0 in             ; 0 H/in                 ; 0 F/in                 ; short        ; open          ; open            ; open  ; 0 V                 ; -                  ; n/a           ; n/a             ; n/a         ;
; product[33]   ; 2.5 V        ; 0 in              ; 0 H/in                  ; 0 F/in                  ; short         ; -                   ; open           ; open             ; open   ; 0 in             ; 0 H/in                 ; 0 F/in                 ; short        ; open          ; open            ; open  ; 0 V                 ; -                  ; n/a           ; n/a             ; n/a         ;
; product[34]   ; 2.5 V        ; 0 in              ; 0 H/in                  ; 0 F/in                  ; short         ; -                   ; open           ; open             ; open   ; 0 in             ; 0 H/in                 ; 0 F/in                 ; short        ; open          ; open            ; open  ; 0 V                 ; -                  ; n/a           ; n/a             ; n/a         ;
; product[35]   ; 2.5 V        ; 0 in              ; 0 H/in                  ; 0 F/in                  ; short         ; -                   ; open           ; open             ; open   ; 0 in             ; 0 H/in                 ; 0 F/in                 ; short        ; open          ; open            ; open  ; 0 V                 ; -                  ; n/a           ; n/a             ; n/a         ;
; product[36]   ; 2.5 V        ; 0 in              ; 0 H/in                  ; 0 F/in                  ; short         ; -                   ; open           ; open             ; open   ; 0 in             ; 0 H/in                 ; 0 F/in                 ; short        ; open          ; open            ; open  ; 0 V                 ; -                  ; n/a           ; n/a             ; n/a         ;
; product[37]   ; 2.5 V        ; 0 in              ; 0 H/in                  ; 0 F/in                  ; short         ; -                   ; open           ; open             ; open   ; 0 in             ; 0 H/in                 ; 0 F/in                 ; short        ; open          ; open            ; open  ; 0 V                 ; -                  ; n/a           ; n/a             ; n/a         ;
; product[38]   ; 2.5 V        ; 0 in              ; 0 H/in                  ; 0 F/in                  ; short         ; -                   ; open           ; open             ; open   ; 0 in             ; 0 H/in                 ; 0 F/in                 ; short        ; open          ; open            ; open  ; 0 V                 ; -                  ; n/a           ; n/a             ; n/a         ;
; product[39]   ; 2.5 V        ; 0 in              ; 0 H/in                  ; 0 F/in                  ; short         ; -                   ; open           ; open             ; open   ; 0 in             ; 0 H/in                 ; 0 F/in                 ; short        ; open          ; open            ; open  ; 0 V                 ; -                  ; n/a           ; n/a             ; n/a         ;
; product[40]   ; 2.5 V        ; 0 in              ; 0 H/in                  ; 0 F/in                  ; short         ; -                   ; open           ; open             ; open   ; 0 in             ; 0 H/in                 ; 0 F/in                 ; short        ; open          ; open            ; open  ; 0 V                 ; -                  ; n/a           ; n/a             ; n/a         ;
; product[41]   ; 2.5 V        ; 0 in              ; 0 H/in                  ; 0 F/in                  ; short         ; -                   ; open           ; open             ; open   ; 0 in             ; 0 H/in                 ; 0 F/in                 ; short        ; open          ; open            ; open  ; 0 V                 ; -                  ; n/a           ; n/a             ; n/a         ;
; product[42]   ; 2.5 V        ; 0 in              ; 0 H/in                  ; 0 F/in                  ; short         ; -                   ; open           ; open             ; open   ; 0 in             ; 0 H/in                 ; 0 F/in                 ; short        ; open          ; open            ; open  ; 0 V                 ; -                  ; n/a           ; n/a             ; n/a         ;
; product[43]   ; 2.5 V        ; 0 in              ; 0 H/in                  ; 0 F/in                  ; short         ; -                   ; open           ; open             ; open   ; 0 in             ; 0 H/in                 ; 0 F/in                 ; short        ; open          ; open            ; open  ; 0 V                 ; -                  ; n/a           ; n/a             ; n/a         ;
; product[44]   ; 2.5 V        ; 0 in              ; 0 H/in                  ; 0 F/in                  ; short         ; -                   ; open           ; open             ; open   ; 0 in             ; 0 H/in                 ; 0 F/in                 ; short        ; open          ; open            ; open  ; 0 V                 ; -                  ; n/a           ; n/a             ; n/a         ;
; product[45]   ; 2.5 V        ; 0 in              ; 0 H/in                  ; 0 F/in                  ; short         ; -                   ; open           ; open             ; open   ; 0 in             ; 0 H/in                 ; 0 F/in                 ; short        ; open          ; open            ; open  ; 0 V                 ; -                  ; n/a           ; n/a             ; n/a         ;
; product[46]   ; 2.5 V        ; 0 in              ; 0 H/in                  ; 0 F/in                  ; short         ; -                   ; open           ; open             ; open   ; 0 in             ; 0 H/in                 ; 0 F/in                 ; short        ; open          ; open            ; open  ; 0 V                 ; -                  ; n/a           ; n/a             ; n/a         ;
; product[47]   ; 2.5 V        ; 0 in              ; 0 H/in                  ; 0 F/in                  ; short         ; -                   ; open           ; open             ; open   ; 0 in             ; 0 H/in                 ; 0 F/in                 ; short        ; open          ; open            ; open  ; 0 V                 ; -                  ; n/a           ; n/a             ; n/a         ;
; product[48]   ; 2.5 V        ; 0 in              ; 0 H/in                  ; 0 F/in                  ; short         ; -                   ; open           ; open             ; open   ; 0 in             ; 0 H/in                 ; 0 F/in                 ; short        ; open          ; open            ; open  ; 0 V                 ; -                  ; n/a           ; n/a             ; n/a         ;
; product[49]   ; 2.5 V        ; 0 in              ; 0 H/in                  ; 0 F/in                  ; short         ; -                   ; open           ; open             ; open   ; 0 in             ; 0 H/in                 ; 0 F/in                 ; short        ; open          ; open            ; open  ; 0 V                 ; -                  ; n/a           ; n/a             ; n/a         ;
; product[50]   ; 2.5 V        ; 0 in              ; 0 H/in                  ; 0 F/in                  ; short         ; -                   ; open           ; open             ; open   ; 0 in             ; 0 H/in                 ; 0 F/in                 ; short        ; open          ; open            ; open  ; 0 V                 ; -                  ; n/a           ; n/a             ; n/a         ;
; product[51]   ; 2.5 V        ; 0 in              ; 0 H/in                  ; 0 F/in                  ; short         ; -                   ; open           ; open             ; open   ; 0 in             ; 0 H/in                 ; 0 F/in                 ; short        ; open          ; open            ; open  ; 0 V                 ; -                  ; n/a           ; n/a             ; n/a         ;
; product[52]   ; 2.5 V        ; 0 in              ; 0 H/in                  ; 0 F/in                  ; short         ; -                   ; open           ; open             ; open   ; 0 in             ; 0 H/in                 ; 0 F/in                 ; short        ; open          ; open            ; open  ; 0 V                 ; -                  ; n/a           ; n/a             ; n/a         ;
; product[53]   ; 2.5 V        ; 0 in              ; 0 H/in                  ; 0 F/in                  ; short         ; -                   ; open           ; open             ; open   ; 0 in             ; 0 H/in                 ; 0 F/in                 ; short        ; open          ; open            ; open  ; 0 V                 ; -                  ; n/a           ; n/a             ; n/a         ;
; product[54]   ; 2.5 V        ; 0 in              ; 0 H/in                  ; 0 F/in                  ; short         ; -                   ; open           ; open             ; open   ; 0 in             ; 0 H/in                 ; 0 F/in                 ; short        ; open          ; open            ; open  ; 0 V                 ; -                  ; n/a           ; n/a             ; n/a         ;
; product[55]   ; 2.5 V        ; 0 in              ; 0 H/in                  ; 0 F/in                  ; short         ; -                   ; open           ; open             ; open   ; 0 in             ; 0 H/in                 ; 0 F/in                 ; short        ; open          ; open            ; open  ; 0 V                 ; -                  ; n/a           ; n/a             ; n/a         ;
; product[56]   ; 2.5 V        ; 0 in              ; 0 H/in                  ; 0 F/in                  ; short         ; -                   ; open           ; open             ; open   ; 0 in             ; 0 H/in                 ; 0 F/in                 ; short        ; open          ; open            ; open  ; 0 V                 ; -                  ; n/a           ; n/a             ; n/a         ;
; product[57]   ; 2.5 V        ; 0 in              ; 0 H/in                  ; 0 F/in                  ; short         ; -                   ; open           ; open             ; open   ; 0 in             ; 0 H/in                 ; 0 F/in                 ; short        ; open          ; open            ; open  ; 0 V                 ; -                  ; n/a           ; n/a             ; n/a         ;
; product[58]   ; 2.5 V        ; 0 in              ; 0 H/in                  ; 0 F/in                  ; short         ; -                   ; open           ; open             ; open   ; 0 in             ; 0 H/in                 ; 0 F/in                 ; short        ; open          ; open            ; open  ; 0 V                 ; -                  ; n/a           ; n/a             ; n/a         ;
; product[59]   ; 2.5 V        ; 0 in              ; 0 H/in                  ; 0 F/in                  ; short         ; -                   ; open           ; open             ; open   ; 0 in             ; 0 H/in                 ; 0 F/in                 ; short        ; open          ; open            ; open  ; 0 V                 ; -                  ; n/a           ; n/a             ; n/a         ;
; product[60]   ; 2.5 V        ; 0 in              ; 0 H/in                  ; 0 F/in                  ; short         ; -                   ; open           ; open             ; open   ; 0 in             ; 0 H/in                 ; 0 F/in                 ; short        ; open          ; open            ; open  ; 0 V                 ; -                  ; n/a           ; n/a             ; n/a         ;
; product[61]   ; 2.5 V        ; 0 in              ; 0 H/in                  ; 0 F/in                  ; short         ; -                   ; open           ; open             ; open   ; 0 in             ; 0 H/in                 ; 0 F/in                 ; short        ; open          ; open            ; open  ; 0 V                 ; -                  ; n/a           ; n/a             ; n/a         ;
; product[62]   ; 2.5 V        ; 0 in              ; 0 H/in                  ; 0 F/in                  ; short         ; -                   ; open           ; open             ; open   ; 0 in             ; 0 H/in                 ; 0 F/in                 ; short        ; open          ; open            ; open  ; 0 V                 ; -                  ; n/a           ; n/a             ; n/a         ;
; product[63]   ; 2.5 V        ; 0 in              ; 0 H/in                  ; 0 F/in                  ; short         ; -                   ; open           ; open             ; open   ; 0 in             ; 0 H/in                 ; 0 F/in                 ; short        ; open          ; open            ; open  ; 0 V                 ; -                  ; n/a           ; n/a             ; n/a         ;
; done          ; 2.5 V        ; 0 in              ; 0 H/in                  ; 0 F/in                  ; short         ; -                   ; open           ; open             ; open   ; 0 in             ; 0 H/in                 ; 0 F/in                 ; short        ; open          ; open            ; open  ; 0 V                 ; -                  ; n/a           ; n/a             ; n/a         ;
; ~ALTERA_DCLK~ ; 2.5 V        ; 0 in              ; 0 H/in                  ; 0 F/in                  ; short         ; -                   ; open           ; open             ; open   ; 0 in             ; 0 H/in                 ; 0 F/in                 ; short        ; open          ; open            ; open  ; 0 V                 ; -                  ; n/a           ; n/a             ; n/a         ;
; ~ALTERA_nCEO~ ; 2.5 V        ; 0 in              ; 0 H/in                  ; 0 F/in                  ; short         ; -                   ; open           ; open             ; open   ; 0 in             ; 0 H/in                 ; 0 F/in                 ; short        ; open          ; open            ; open  ; 0 V                 ; -                  ; n/a           ; n/a             ; n/a         ;
+---------------+--------------+-------------------+-------------------------+-------------------------+---------------+---------------------+----------------+------------------+--------+------------------+------------------------+------------------------+--------------+---------------+-----------------+-------+---------------------+--------------------+---------------+-----------------+-------------+


+----------------------------------------------------------------------------+
; Input Transition Times                                                     ;
+-------------------------+--------------+-----------------+-----------------+
; Pin                     ; I/O Standard ; 10-90 Rise Time ; 90-10 Fall Time ;
+-------------------------+--------------+-----------------+-----------------+
; multiplier_in[0]        ; 2.5 V        ; 2000 ps         ; 2000 ps         ;
; clk                     ; 2.5 V        ; 2000 ps         ; 2000 ps         ;
; rst_n                   ; 2.5 V        ; 2000 ps         ; 2000 ps         ;
; multiplier_in[1]        ; 2.5 V        ; 2000 ps         ; 2000 ps         ;
; multiplier_in[2]        ; 2.5 V        ; 2000 ps         ; 2000 ps         ;
; multiplier_in[3]        ; 2.5 V        ; 2000 ps         ; 2000 ps         ;
; multiplier_in[4]        ; 2.5 V        ; 2000 ps         ; 2000 ps         ;
; multiplier_in[5]        ; 2.5 V        ; 2000 ps         ; 2000 ps         ;
; multiplier_in[6]        ; 2.5 V        ; 2000 ps         ; 2000 ps         ;
; multiplier_in[7]        ; 2.5 V        ; 2000 ps         ; 2000 ps         ;
; multiplier_in[8]        ; 2.5 V        ; 2000 ps         ; 2000 ps         ;
; multiplier_in[9]        ; 2.5 V        ; 2000 ps         ; 2000 ps         ;
; multiplier_in[10]       ; 2.5 V        ; 2000 ps         ; 2000 ps         ;
; multiplier_in[11]       ; 2.5 V        ; 2000 ps         ; 2000 ps         ;
; multiplier_in[12]       ; 2.5 V        ; 2000 ps         ; 2000 ps         ;
; multiplier_in[13]       ; 2.5 V        ; 2000 ps         ; 2000 ps         ;
; multiplier_in[14]       ; 2.5 V        ; 2000 ps         ; 2000 ps         ;
; multiplier_in[15]       ; 2.5 V        ; 2000 ps         ; 2000 ps         ;
; multiplier_in[16]       ; 2.5 V        ; 2000 ps         ; 2000 ps         ;
; multiplier_in[17]       ; 2.5 V        ; 2000 ps         ; 2000 ps         ;
; multiplier_in[18]       ; 2.5 V        ; 2000 ps         ; 2000 ps         ;
; multiplier_in[19]       ; 2.5 V        ; 2000 ps         ; 2000 ps         ;
; multiplier_in[20]       ; 2.5 V        ; 2000 ps         ; 2000 ps         ;
; multiplier_in[21]       ; 2.5 V        ; 2000 ps         ; 2000 ps         ;
; multiplier_in[22]       ; 2.5 V        ; 2000 ps         ; 2000 ps         ;
; multiplier_in[23]       ; 2.5 V        ; 2000 ps         ; 2000 ps         ;
; multiplier_in[24]       ; 2.5 V        ; 2000 ps         ; 2000 ps         ;
; multiplier_in[25]       ; 2.5 V        ; 2000 ps         ; 2000 ps         ;
; multiplier_in[26]       ; 2.5 V        ; 2000 ps         ; 2000 ps         ;
; multiplier_in[27]       ; 2.5 V        ; 2000 ps         ; 2000 ps         ;
; multiplier_in[28]       ; 2.5 V        ; 2000 ps         ; 2000 ps         ;
; multiplier_in[29]       ; 2.5 V        ; 2000 ps         ; 2000 ps         ;
; multiplier_in[30]       ; 2.5 V        ; 2000 ps         ; 2000 ps         ;
; multiplier_in[31]       ; 2.5 V        ; 2000 ps         ; 2000 ps         ;
; start                   ; 2.5 V        ; 2000 ps         ; 2000 ps         ;
; multiplicand_in[0]      ; 2.5 V        ; 2000 ps         ; 2000 ps         ;
; multiplicand_in[1]      ; 2.5 V        ; 2000 ps         ; 2000 ps         ;
; multiplicand_in[2]      ; 2.5 V        ; 2000 ps         ; 2000 ps         ;
; multiplicand_in[3]      ; 2.5 V        ; 2000 ps         ; 2000 ps         ;
; multiplicand_in[4]      ; 2.5 V        ; 2000 ps         ; 2000 ps         ;
; multiplicand_in[5]      ; 2.5 V        ; 2000 ps         ; 2000 ps         ;
; multiplicand_in[6]      ; 2.5 V        ; 2000 ps         ; 2000 ps         ;
; multiplicand_in[7]      ; 2.5 V        ; 2000 ps         ; 2000 ps         ;
; multiplicand_in[8]      ; 2.5 V        ; 2000 ps         ; 2000 ps         ;
; multiplicand_in[9]      ; 2.5 V        ; 2000 ps         ; 2000 ps         ;
; multiplicand_in[10]     ; 2.5 V        ; 2000 ps         ; 2000 ps         ;
; multiplicand_in[11]     ; 2.5 V        ; 2000 ps         ; 2000 ps         ;
; multiplicand_in[12]     ; 2.5 V        ; 2000 ps         ; 2000 ps         ;
; multiplicand_in[13]     ; 2.5 V        ; 2000 ps         ; 2000 ps         ;
; multiplicand_in[14]     ; 2.5 V        ; 2000 ps         ; 2000 ps         ;
; multiplicand_in[15]     ; 2.5 V        ; 2000 ps         ; 2000 ps         ;
; multiplicand_in[16]     ; 2.5 V        ; 2000 ps         ; 2000 ps         ;
; multiplicand_in[17]     ; 2.5 V        ; 2000 ps         ; 2000 ps         ;
; multiplicand_in[18]     ; 2.5 V        ; 2000 ps         ; 2000 ps         ;
; multiplicand_in[19]     ; 2.5 V        ; 2000 ps         ; 2000 ps         ;
; multiplicand_in[20]     ; 2.5 V        ; 2000 ps         ; 2000 ps         ;
; multiplicand_in[21]     ; 2.5 V        ; 2000 ps         ; 2000 ps         ;
; multiplicand_in[22]     ; 2.5 V        ; 2000 ps         ; 2000 ps         ;
; multiplicand_in[23]     ; 2.5 V        ; 2000 ps         ; 2000 ps         ;
; multiplicand_in[24]     ; 2.5 V        ; 2000 ps         ; 2000 ps         ;
; multiplicand_in[25]     ; 2.5 V        ; 2000 ps         ; 2000 ps         ;
; multiplicand_in[26]     ; 2.5 V        ; 2000 ps         ; 2000 ps         ;
; multiplicand_in[27]     ; 2.5 V        ; 2000 ps         ; 2000 ps         ;
; multiplicand_in[28]     ; 2.5 V        ; 2000 ps         ; 2000 ps         ;
; multiplicand_in[29]     ; 2.5 V        ; 2000 ps         ; 2000 ps         ;
; multiplicand_in[30]     ; 2.5 V        ; 2000 ps         ; 2000 ps         ;
; multiplicand_in[31]     ; 2.5 V        ; 2000 ps         ; 2000 ps         ;
; ~ALTERA_ASDO_DATA1~     ; 2.5 V        ; 2000 ps         ; 2000 ps         ;
; ~ALTERA_FLASH_nCE_nCSO~ ; 2.5 V        ; 2000 ps         ; 2000 ps         ;
; ~ALTERA_DATA0~          ; 2.5 V        ; 2000 ps         ; 2000 ps         ;
+-------------------------+--------------+-----------------+-----------------+


+--------------------------------------------------------------------------------------------------------------------------------------------------------------------------------------------------------------------------------------------------------------------------------------------------------------------------------------------------------------------------------------------------------------------------------------------------------------------------------------------------------------------------------------------------------------------------------------------------------------------------------------------------------------------------------------------+
; Signal Integrity Metrics (Slow 1200mv 0c Model)                                                                                                                                                                                                                                                                                                                                                                                                                                                                                                                                                                                                                                            ;
+---------------+--------------+---------------------+---------------------+------------------------------+------------------------------+---------------------+---------------------+--------------------------------------+--------------------------------------+-----------------------------+-----------------------------+----------------------------+----------------------------+-----------------------------+-----------------------------+--------------------+--------------------+-------------------------------------+-------------------------------------+----------------------------+----------------------------+---------------------------+---------------------------+
; Pin           ; I/O Standard ; Board Delay on Rise ; Board Delay on Fall ; Steady State Voh at FPGA Pin ; Steady State Vol at FPGA Pin ; Voh Max at FPGA Pin ; Vol Min at FPGA Pin ; Ringback Voltage on Rise at FPGA Pin ; Ringback Voltage on Fall at FPGA Pin ; 10-90 Rise Time at FPGA Pin ; 90-10 Fall Time at FPGA Pin ; Monotonic Rise at FPGA Pin ; Monotonic Fall at FPGA Pin ; Steady State Voh at Far-end ; Steady State Vol at Far-end ; Voh Max at Far-end ; Vol Min at Far-end ; Ringback Voltage on Rise at Far-end ; Ringback Voltage on Fall at Far-end ; 10-90 Rise Time at Far-end ; 90-10 Fall Time at Far-end ; Monotonic Rise at Far-end ; Monotonic Fall at Far-end ;
+---------------+--------------+---------------------+---------------------+------------------------------+------------------------------+---------------------+---------------------+--------------------------------------+--------------------------------------+-----------------------------+-----------------------------+----------------------------+----------------------------+-----------------------------+-----------------------------+--------------------+--------------------+-------------------------------------+-------------------------------------+----------------------------+----------------------------+---------------------------+---------------------------+
; product[0]    ; 2.5 V        ; 0 s                 ; 0 s                 ; 2.32 V                       ; 4.49e-09 V                   ; 2.38 V              ; -0.00552 V          ; 0.096 V                              ; 0.019 V                              ; 4.18e-10 s                  ; 3.59e-10 s                  ; No                         ; Yes                        ; 2.32 V                      ; 4.49e-09 V                  ; 2.38 V             ; -0.00552 V         ; 0.096 V                             ; 0.019 V                             ; 4.18e-10 s                 ; 3.59e-10 s                 ; No                        ; Yes                       ;
; product[1]    ; 2.5 V        ; 0 s                 ; 0 s                 ; 2.32 V                       ; 4.49e-09 V                   ; 2.38 V              ; -0.00552 V          ; 0.096 V                              ; 0.019 V                              ; 4.18e-10 s                  ; 3.59e-10 s                  ; No                         ; Yes                        ; 2.32 V                      ; 4.49e-09 V                  ; 2.38 V             ; -0.00552 V         ; 0.096 V                             ; 0.019 V                             ; 4.18e-10 s                 ; 3.59e-10 s                 ; No                        ; Yes                       ;
; product[2]    ; 2.5 V        ; 0 s                 ; 0 s                 ; 2.32 V                       ; 4.49e-09 V                   ; 2.38 V              ; -0.00552 V          ; 0.096 V                              ; 0.019 V                              ; 4.18e-10 s                  ; 3.59e-10 s                  ; No                         ; Yes                        ; 2.32 V                      ; 4.49e-09 V                  ; 2.38 V             ; -0.00552 V         ; 0.096 V                             ; 0.019 V                             ; 4.18e-10 s                 ; 3.59e-10 s                 ; No                        ; Yes                       ;
; product[3]    ; 2.5 V        ; 0 s                 ; 0 s                 ; 2.32 V                       ; 4.49e-09 V                   ; 2.38 V              ; -0.00552 V          ; 0.096 V                              ; 0.019 V                              ; 4.18e-10 s                  ; 3.59e-10 s                  ; No                         ; Yes                        ; 2.32 V                      ; 4.49e-09 V                  ; 2.38 V             ; -0.00552 V         ; 0.096 V                             ; 0.019 V                             ; 4.18e-10 s                 ; 3.59e-10 s                 ; No                        ; Yes                       ;
; product[4]    ; 2.5 V        ; 0 s                 ; 0 s                 ; 2.32 V                       ; 4.49e-09 V                   ; 2.38 V              ; -0.00552 V          ; 0.096 V                              ; 0.019 V                              ; 4.18e-10 s                  ; 3.59e-10 s                  ; No                         ; Yes                        ; 2.32 V                      ; 4.49e-09 V                  ; 2.38 V             ; -0.00552 V         ; 0.096 V                             ; 0.019 V                             ; 4.18e-10 s                 ; 3.59e-10 s                 ; No                        ; Yes                       ;
; product[5]    ; 2.5 V        ; 0 s                 ; 0 s                 ; 2.32 V                       ; 4.49e-09 V                   ; 2.33 V              ; -0.00467 V          ; 0.226 V                              ; 0.087 V                              ; 2.91e-09 s                  ; 2.74e-09 s                  ; Yes                        ; Yes                        ; 2.32 V                      ; 4.49e-09 V                  ; 2.33 V             ; -0.00467 V         ; 0.226 V                             ; 0.087 V                             ; 2.91e-09 s                 ; 2.74e-09 s                 ; Yes                       ; Yes                       ;
; product[6]    ; 2.5 V        ; 0 s                 ; 0 s                 ; 2.32 V                       ; 4.49e-09 V                   ; 2.38 V              ; -0.00552 V          ; 0.096 V                              ; 0.019 V                              ; 4.18e-10 s                  ; 3.59e-10 s                  ; No                         ; Yes                        ; 2.32 V                      ; 4.49e-09 V                  ; 2.38 V             ; -0.00552 V         ; 0.096 V                             ; 0.019 V                             ; 4.18e-10 s                 ; 3.59e-10 s                 ; No                        ; Yes                       ;
; product[7]    ; 2.5 V        ; 0 s                 ; 0 s                 ; 2.32 V                       ; 4.49e-09 V                   ; 2.38 V              ; -0.00552 V          ; 0.096 V                              ; 0.019 V                              ; 4.18e-10 s                  ; 3.59e-10 s                  ; No                         ; Yes                        ; 2.32 V                      ; 4.49e-09 V                  ; 2.38 V             ; -0.00552 V         ; 0.096 V                             ; 0.019 V                             ; 4.18e-10 s                 ; 3.59e-10 s                 ; No                        ; Yes                       ;
; product[8]    ; 2.5 V        ; 0 s                 ; 0 s                 ; 2.32 V                       ; 4.49e-09 V                   ; 2.38 V              ; -0.00552 V          ; 0.096 V                              ; 0.019 V                              ; 4.18e-10 s                  ; 3.59e-10 s                  ; No                         ; Yes                        ; 2.32 V                      ; 4.49e-09 V                  ; 2.38 V             ; -0.00552 V         ; 0.096 V                             ; 0.019 V                             ; 4.18e-10 s                 ; 3.59e-10 s                 ; No                        ; Yes                       ;
; product[9]    ; 2.5 V        ; 0 s                 ; 0 s                 ; 2.32 V                       ; 4.49e-09 V                   ; 2.38 V              ; -0.00552 V          ; 0.096 V                              ; 0.019 V                              ; 4.18e-10 s                  ; 3.59e-10 s                  ; No                         ; Yes                        ; 2.32 V                      ; 4.49e-09 V                  ; 2.38 V             ; -0.00552 V         ; 0.096 V                             ; 0.019 V                             ; 4.18e-10 s                 ; 3.59e-10 s                 ; No                        ; Yes                       ;
; product[10]   ; 2.5 V        ; 0 s                 ; 0 s                 ; 2.32 V                       ; 4.49e-09 V                   ; 2.38 V              ; -0.00552 V          ; 0.096 V                              ; 0.019 V                              ; 4.18e-10 s                  ; 3.59e-10 s                  ; No                         ; Yes                        ; 2.32 V                      ; 4.49e-09 V                  ; 2.38 V             ; -0.00552 V         ; 0.096 V                             ; 0.019 V                             ; 4.18e-10 s                 ; 3.59e-10 s                 ; No                        ; Yes                       ;
; product[11]   ; 2.5 V        ; 0 s                 ; 0 s                 ; 2.32 V                       ; 4.49e-09 V                   ; 2.38 V              ; -0.00552 V          ; 0.096 V                              ; 0.019 V                              ; 4.18e-10 s                  ; 3.59e-10 s                  ; No                         ; Yes                        ; 2.32 V                      ; 4.49e-09 V                  ; 2.38 V             ; -0.00552 V         ; 0.096 V                             ; 0.019 V                             ; 4.18e-10 s                 ; 3.59e-10 s                 ; No                        ; Yes                       ;
; product[12]   ; 2.5 V        ; 0 s                 ; 0 s                 ; 2.32 V                       ; 3.07e-09 V                   ; 2.37 V              ; -0.00994 V          ; 0.186 V                              ; 0.028 V                              ; 4.98e-10 s                  ; 4.96e-10 s                  ; Yes                        ; Yes                        ; 2.32 V                      ; 3.07e-09 V                  ; 2.37 V             ; -0.00994 V         ; 0.186 V                             ; 0.028 V                             ; 4.98e-10 s                 ; 4.96e-10 s                 ; Yes                       ; Yes                       ;
; product[13]   ; 2.5 V        ; 0 s                 ; 0 s                 ; 2.32 V                       ; 3.07e-09 V                   ; 2.33 V              ; -0.00496 V          ; 0.223 V                              ; 0.086 V                              ; 2.9e-09 s                   ; 2.73e-09 s                  ; Yes                        ; Yes                        ; 2.32 V                      ; 3.07e-09 V                  ; 2.33 V             ; -0.00496 V         ; 0.223 V                             ; 0.086 V                             ; 2.9e-09 s                  ; 2.73e-09 s                 ; Yes                       ; Yes                       ;
; product[14]   ; 2.5 V        ; 0 s                 ; 0 s                 ; 2.32 V                       ; 4.49e-09 V                   ; 2.38 V              ; -0.00552 V          ; 0.096 V                              ; 0.019 V                              ; 4.18e-10 s                  ; 3.59e-10 s                  ; No                         ; Yes                        ; 2.32 V                      ; 4.49e-09 V                  ; 2.38 V             ; -0.00552 V         ; 0.096 V                             ; 0.019 V                             ; 4.18e-10 s                 ; 3.59e-10 s                 ; No                        ; Yes                       ;
; product[15]   ; 2.5 V        ; 0 s                 ; 0 s                 ; 2.32 V                       ; 4.49e-09 V                   ; 2.38 V              ; -0.00552 V          ; 0.096 V                              ; 0.019 V                              ; 4.18e-10 s                  ; 3.59e-10 s                  ; No                         ; Yes                        ; 2.32 V                      ; 4.49e-09 V                  ; 2.38 V             ; -0.00552 V         ; 0.096 V                             ; 0.019 V                             ; 4.18e-10 s                 ; 3.59e-10 s                 ; No                        ; Yes                       ;
; product[16]   ; 2.5 V        ; 0 s                 ; 0 s                 ; 2.32 V                       ; 4.49e-09 V                   ; 2.38 V              ; -0.00552 V          ; 0.096 V                              ; 0.019 V                              ; 4.18e-10 s                  ; 3.59e-10 s                  ; No                         ; Yes                        ; 2.32 V                      ; 4.49e-09 V                  ; 2.38 V             ; -0.00552 V         ; 0.096 V                             ; 0.019 V                             ; 4.18e-10 s                 ; 3.59e-10 s                 ; No                        ; Yes                       ;
; product[17]   ; 2.5 V        ; 0 s                 ; 0 s                 ; 2.32 V                       ; 4.49e-09 V                   ; 2.38 V              ; -0.00552 V          ; 0.096 V                              ; 0.019 V                              ; 4.18e-10 s                  ; 3.59e-10 s                  ; No                         ; Yes                        ; 2.32 V                      ; 4.49e-09 V                  ; 2.38 V             ; -0.00552 V         ; 0.096 V                             ; 0.019 V                             ; 4.18e-10 s                 ; 3.59e-10 s                 ; No                        ; Yes                       ;
; product[18]   ; 2.5 V        ; 0 s                 ; 0 s                 ; 2.32 V                       ; 4.49e-09 V                   ; 2.38 V              ; -0.00552 V          ; 0.096 V                              ; 0.019 V                              ; 4.18e-10 s                  ; 3.59e-10 s                  ; No                         ; Yes                        ; 2.32 V                      ; 4.49e-09 V                  ; 2.38 V             ; -0.00552 V         ; 0.096 V                             ; 0.019 V                             ; 4.18e-10 s                 ; 3.59e-10 s                 ; No                        ; Yes                       ;
; product[19]   ; 2.5 V        ; 0 s                 ; 0 s                 ; 2.32 V                       ; 4.49e-09 V                   ; 2.38 V              ; -0.00552 V          ; 0.096 V                              ; 0.019 V                              ; 4.18e-10 s                  ; 3.59e-10 s                  ; No                         ; Yes                        ; 2.32 V                      ; 4.49e-09 V                  ; 2.38 V             ; -0.00552 V         ; 0.096 V                             ; 0.019 V                             ; 4.18e-10 s                 ; 3.59e-10 s                 ; No                        ; Yes                       ;
; product[20]   ; 2.5 V        ; 0 s                 ; 0 s                 ; 2.32 V                       ; 4.49e-09 V                   ; 2.38 V              ; -0.00552 V          ; 0.096 V                              ; 0.019 V                              ; 4.18e-10 s                  ; 3.59e-10 s                  ; No                         ; Yes                        ; 2.32 V                      ; 4.49e-09 V                  ; 2.38 V             ; -0.00552 V         ; 0.096 V                             ; 0.019 V                             ; 4.18e-10 s                 ; 3.59e-10 s                 ; No                        ; Yes                       ;
; product[21]   ; 2.5 V        ; 0 s                 ; 0 s                 ; 2.32 V                       ; 4.49e-09 V                   ; 2.38 V              ; -0.00552 V          ; 0.096 V                              ; 0.019 V                              ; 4.18e-10 s                  ; 3.59e-10 s                  ; No                         ; Yes                        ; 2.32 V                      ; 4.49e-09 V                  ; 2.38 V             ; -0.00552 V         ; 0.096 V                             ; 0.019 V                             ; 4.18e-10 s                 ; 3.59e-10 s                 ; No                        ; Yes                       ;
; product[22]   ; 2.5 V        ; 0 s                 ; 0 s                 ; 2.32 V                       ; 4.49e-09 V                   ; 2.38 V              ; -0.00552 V          ; 0.096 V                              ; 0.019 V                              ; 4.18e-10 s                  ; 3.59e-10 s                  ; No                         ; Yes                        ; 2.32 V                      ; 4.49e-09 V                  ; 2.38 V             ; -0.00552 V         ; 0.096 V                             ; 0.019 V                             ; 4.18e-10 s                 ; 3.59e-10 s                 ; No                        ; Yes                       ;
; product[23]   ; 2.5 V        ; 0 s                 ; 0 s                 ; 2.32 V                       ; 4.49e-09 V                   ; 2.38 V              ; -0.00552 V          ; 0.096 V                              ; 0.019 V                              ; 4.18e-10 s                  ; 3.59e-10 s                  ; No                         ; Yes                        ; 2.32 V                      ; 4.49e-09 V                  ; 2.38 V             ; -0.00552 V         ; 0.096 V                             ; 0.019 V                             ; 4.18e-10 s                 ; 3.59e-10 s                 ; No                        ; Yes                       ;
; product[24]   ; 2.5 V        ; 0 s                 ; 0 s                 ; 2.32 V                       ; 4.49e-09 V                   ; 2.38 V              ; -0.00552 V          ; 0.096 V                              ; 0.019 V                              ; 4.18e-10 s                  ; 3.59e-10 s                  ; No                         ; Yes                        ; 2.32 V                      ; 4.49e-09 V                  ; 2.38 V             ; -0.00552 V         ; 0.096 V                             ; 0.019 V                             ; 4.18e-10 s                 ; 3.59e-10 s                 ; No                        ; Yes                       ;
; product[25]   ; 2.5 V        ; 0 s                 ; 0 s                 ; 2.32 V                       ; 4.49e-09 V                   ; 2.38 V              ; -0.00552 V          ; 0.096 V                              ; 0.019 V                              ; 4.18e-10 s                  ; 3.59e-10 s                  ; No                         ; Yes                        ; 2.32 V                      ; 4.49e-09 V                  ; 2.38 V             ; -0.00552 V         ; 0.096 V                             ; 0.019 V                             ; 4.18e-10 s                 ; 3.59e-10 s                 ; No                        ; Yes                       ;
; product[26]   ; 2.5 V        ; 0 s                 ; 0 s                 ; 2.32 V                       ; 4.49e-09 V                   ; 2.38 V              ; -0.00552 V          ; 0.096 V                              ; 0.019 V                              ; 4.18e-10 s                  ; 3.59e-10 s                  ; No                         ; Yes                        ; 2.32 V                      ; 4.49e-09 V                  ; 2.38 V             ; -0.00552 V         ; 0.096 V                             ; 0.019 V                             ; 4.18e-10 s                 ; 3.59e-10 s                 ; No                        ; Yes                       ;
; product[27]   ; 2.5 V        ; 0 s                 ; 0 s                 ; 2.32 V                       ; 4.49e-09 V                   ; 2.38 V              ; -0.00552 V          ; 0.096 V                              ; 0.019 V                              ; 4.18e-10 s                  ; 3.59e-10 s                  ; No                         ; Yes                        ; 2.32 V                      ; 4.49e-09 V                  ; 2.38 V             ; -0.00552 V         ; 0.096 V                             ; 0.019 V                             ; 4.18e-10 s                 ; 3.59e-10 s                 ; No                        ; Yes                       ;
; product[28]   ; 2.5 V        ; 0 s                 ; 0 s                 ; 2.32 V                       ; 4.49e-09 V                   ; 2.38 V              ; -0.00552 V          ; 0.096 V                              ; 0.019 V                              ; 4.18e-10 s                  ; 3.59e-10 s                  ; No                         ; Yes                        ; 2.32 V                      ; 4.49e-09 V                  ; 2.38 V             ; -0.00552 V         ; 0.096 V                             ; 0.019 V                             ; 4.18e-10 s                 ; 3.59e-10 s                 ; No                        ; Yes                       ;
; product[29]   ; 2.5 V        ; 0 s                 ; 0 s                 ; 2.32 V                       ; 4.49e-09 V                   ; 2.38 V              ; -0.00552 V          ; 0.096 V                              ; 0.019 V                              ; 4.18e-10 s                  ; 3.59e-10 s                  ; No                         ; Yes                        ; 2.32 V                      ; 4.49e-09 V                  ; 2.38 V             ; -0.00552 V         ; 0.096 V                             ; 0.019 V                             ; 4.18e-10 s                 ; 3.59e-10 s                 ; No                        ; Yes                       ;
; product[30]   ; 2.5 V        ; 0 s                 ; 0 s                 ; 2.32 V                       ; 4.49e-09 V                   ; 2.38 V              ; -0.00552 V          ; 0.096 V                              ; 0.019 V                              ; 4.18e-10 s                  ; 3.59e-10 s                  ; No                         ; Yes                        ; 2.32 V                      ; 4.49e-09 V                  ; 2.38 V             ; -0.00552 V         ; 0.096 V                             ; 0.019 V                             ; 4.18e-10 s                 ; 3.59e-10 s                 ; No                        ; Yes                       ;
; product[31]   ; 2.5 V        ; 0 s                 ; 0 s                 ; 2.32 V                       ; 4.49e-09 V                   ; 2.33 V              ; -0.00467 V          ; 0.226 V                              ; 0.087 V                              ; 2.91e-09 s                  ; 2.74e-09 s                  ; Yes                        ; Yes                        ; 2.32 V                      ; 4.49e-09 V                  ; 2.33 V             ; -0.00467 V         ; 0.226 V                             ; 0.087 V                             ; 2.91e-09 s                 ; 2.74e-09 s                 ; Yes                       ; Yes                       ;
; product[32]   ; 2.5 V        ; 0 s                 ; 0 s                 ; 2.32 V                       ; 4.49e-09 V                   ; 2.38 V              ; -0.00552 V          ; 0.096 V                              ; 0.019 V                              ; 4.18e-10 s                  ; 3.59e-10 s                  ; No                         ; Yes                        ; 2.32 V                      ; 4.49e-09 V                  ; 2.38 V             ; -0.00552 V         ; 0.096 V                             ; 0.019 V                             ; 4.18e-10 s                 ; 3.59e-10 s                 ; No                        ; Yes                       ;
; product[33]   ; 2.5 V        ; 0 s                 ; 0 s                 ; 2.32 V                       ; 4.49e-09 V                   ; 2.38 V              ; -0.00552 V          ; 0.096 V                              ; 0.019 V                              ; 4.18e-10 s                  ; 3.59e-10 s                  ; No                         ; Yes                        ; 2.32 V                      ; 4.49e-09 V                  ; 2.38 V             ; -0.00552 V         ; 0.096 V                             ; 0.019 V                             ; 4.18e-10 s                 ; 3.59e-10 s                 ; No                        ; Yes                       ;
; product[34]   ; 2.5 V        ; 0 s                 ; 0 s                 ; 2.32 V                       ; 4.49e-09 V                   ; 2.38 V              ; -0.00552 V          ; 0.096 V                              ; 0.019 V                              ; 4.18e-10 s                  ; 3.59e-10 s                  ; No                         ; Yes                        ; 2.32 V                      ; 4.49e-09 V                  ; 2.38 V             ; -0.00552 V         ; 0.096 V                             ; 0.019 V                             ; 4.18e-10 s                 ; 3.59e-10 s                 ; No                        ; Yes                       ;
; product[35]   ; 2.5 V        ; 0 s                 ; 0 s                 ; 2.32 V                       ; 4.49e-09 V                   ; 2.38 V              ; -0.00552 V          ; 0.096 V                              ; 0.019 V                              ; 4.18e-10 s                  ; 3.59e-10 s                  ; No                         ; Yes                        ; 2.32 V                      ; 4.49e-09 V                  ; 2.38 V             ; -0.00552 V         ; 0.096 V                             ; 0.019 V                             ; 4.18e-10 s                 ; 3.59e-10 s                 ; No                        ; Yes                       ;
; product[36]   ; 2.5 V        ; 0 s                 ; 0 s                 ; 2.32 V                       ; 4.49e-09 V                   ; 2.38 V              ; -0.00552 V          ; 0.096 V                              ; 0.019 V                              ; 4.18e-10 s                  ; 3.59e-10 s                  ; No                         ; Yes                        ; 2.32 V                      ; 4.49e-09 V                  ; 2.38 V             ; -0.00552 V         ; 0.096 V                             ; 0.019 V                             ; 4.18e-10 s                 ; 3.59e-10 s                 ; No                        ; Yes                       ;
; product[37]   ; 2.5 V        ; 0 s                 ; 0 s                 ; 2.32 V                       ; 4.49e-09 V                   ; 2.38 V              ; -0.00552 V          ; 0.096 V                              ; 0.019 V                              ; 4.18e-10 s                  ; 3.59e-10 s                  ; No                         ; Yes                        ; 2.32 V                      ; 4.49e-09 V                  ; 2.38 V             ; -0.00552 V         ; 0.096 V                             ; 0.019 V                             ; 4.18e-10 s                 ; 3.59e-10 s                 ; No                        ; Yes                       ;
; product[38]   ; 2.5 V        ; 0 s                 ; 0 s                 ; 2.32 V                       ; 4.49e-09 V                   ; 2.38 V              ; -0.00552 V          ; 0.096 V                              ; 0.019 V                              ; 4.18e-10 s                  ; 3.59e-10 s                  ; No                         ; Yes                        ; 2.32 V                      ; 4.49e-09 V                  ; 2.38 V             ; -0.00552 V         ; 0.096 V                             ; 0.019 V                             ; 4.18e-10 s                 ; 3.59e-10 s                 ; No                        ; Yes                       ;
; product[39]   ; 2.5 V        ; 0 s                 ; 0 s                 ; 2.32 V                       ; 4.49e-09 V                   ; 2.38 V              ; -0.00552 V          ; 0.096 V                              ; 0.019 V                              ; 4.18e-10 s                  ; 3.59e-10 s                  ; No                         ; Yes                        ; 2.32 V                      ; 4.49e-09 V                  ; 2.38 V             ; -0.00552 V         ; 0.096 V                             ; 0.019 V                             ; 4.18e-10 s                 ; 3.59e-10 s                 ; No                        ; Yes                       ;
; product[40]   ; 2.5 V        ; 0 s                 ; 0 s                 ; 2.32 V                       ; 4.49e-09 V                   ; 2.38 V              ; -0.00552 V          ; 0.096 V                              ; 0.019 V                              ; 4.18e-10 s                  ; 3.59e-10 s                  ; No                         ; Yes                        ; 2.32 V                      ; 4.49e-09 V                  ; 2.38 V             ; -0.00552 V         ; 0.096 V                             ; 0.019 V                             ; 4.18e-10 s                 ; 3.59e-10 s                 ; No                        ; Yes                       ;
; product[41]   ; 2.5 V        ; 0 s                 ; 0 s                 ; 2.32 V                       ; 4.49e-09 V                   ; 2.38 V              ; -0.00552 V          ; 0.096 V                              ; 0.019 V                              ; 4.18e-10 s                  ; 3.59e-10 s                  ; No                         ; Yes                        ; 2.32 V                      ; 4.49e-09 V                  ; 2.38 V             ; -0.00552 V         ; 0.096 V                             ; 0.019 V                             ; 4.18e-10 s                 ; 3.59e-10 s                 ; No                        ; Yes                       ;
; product[42]   ; 2.5 V        ; 0 s                 ; 0 s                 ; 2.32 V                       ; 4.49e-09 V                   ; 2.38 V              ; -0.00552 V          ; 0.096 V                              ; 0.019 V                              ; 4.18e-10 s                  ; 3.59e-10 s                  ; No                         ; Yes                        ; 2.32 V                      ; 4.49e-09 V                  ; 2.38 V             ; -0.00552 V         ; 0.096 V                             ; 0.019 V                             ; 4.18e-10 s                 ; 3.59e-10 s                 ; No                        ; Yes                       ;
; product[43]   ; 2.5 V        ; 0 s                 ; 0 s                 ; 2.32 V                       ; 4.49e-09 V                   ; 2.38 V              ; -0.00552 V          ; 0.096 V                              ; 0.019 V                              ; 4.18e-10 s                  ; 3.59e-10 s                  ; No                         ; Yes                        ; 2.32 V                      ; 4.49e-09 V                  ; 2.38 V             ; -0.00552 V         ; 0.096 V                             ; 0.019 V                             ; 4.18e-10 s                 ; 3.59e-10 s                 ; No                        ; Yes                       ;
; product[44]   ; 2.5 V        ; 0 s                 ; 0 s                 ; 2.32 V                       ; 4.49e-09 V                   ; 2.38 V              ; -0.00552 V          ; 0.096 V                              ; 0.019 V                              ; 4.18e-10 s                  ; 3.59e-10 s                  ; No                         ; Yes                        ; 2.32 V                      ; 4.49e-09 V                  ; 2.38 V             ; -0.00552 V         ; 0.096 V                             ; 0.019 V                             ; 4.18e-10 s                 ; 3.59e-10 s                 ; No                        ; Yes                       ;
; product[45]   ; 2.5 V        ; 0 s                 ; 0 s                 ; 2.32 V                       ; 4.49e-09 V                   ; 2.38 V              ; -0.00552 V          ; 0.096 V                              ; 0.019 V                              ; 4.18e-10 s                  ; 3.59e-10 s                  ; No                         ; Yes                        ; 2.32 V                      ; 4.49e-09 V                  ; 2.38 V             ; -0.00552 V         ; 0.096 V                             ; 0.019 V                             ; 4.18e-10 s                 ; 3.59e-10 s                 ; No                        ; Yes                       ;
; product[46]   ; 2.5 V        ; 0 s                 ; 0 s                 ; 2.32 V                       ; 4.49e-09 V                   ; 2.38 V              ; -0.00552 V          ; 0.096 V                              ; 0.019 V                              ; 4.18e-10 s                  ; 3.59e-10 s                  ; No                         ; Yes                        ; 2.32 V                      ; 4.49e-09 V                  ; 2.38 V             ; -0.00552 V         ; 0.096 V                             ; 0.019 V                             ; 4.18e-10 s                 ; 3.59e-10 s                 ; No                        ; Yes                       ;
; product[47]   ; 2.5 V        ; 0 s                 ; 0 s                 ; 2.32 V                       ; 4.49e-09 V                   ; 2.38 V              ; -0.00552 V          ; 0.096 V                              ; 0.019 V                              ; 4.18e-10 s                  ; 3.59e-10 s                  ; No                         ; Yes                        ; 2.32 V                      ; 4.49e-09 V                  ; 2.38 V             ; -0.00552 V         ; 0.096 V                             ; 0.019 V                             ; 4.18e-10 s                 ; 3.59e-10 s                 ; No                        ; Yes                       ;
; product[48]   ; 2.5 V        ; 0 s                 ; 0 s                 ; 2.32 V                       ; 4.49e-09 V                   ; 2.38 V              ; -0.00552 V          ; 0.096 V                              ; 0.019 V                              ; 4.18e-10 s                  ; 3.59e-10 s                  ; No                         ; Yes                        ; 2.32 V                      ; 4.49e-09 V                  ; 2.38 V             ; -0.00552 V         ; 0.096 V                             ; 0.019 V                             ; 4.18e-10 s                 ; 3.59e-10 s                 ; No                        ; Yes                       ;
; product[49]   ; 2.5 V        ; 0 s                 ; 0 s                 ; 2.32 V                       ; 4.49e-09 V                   ; 2.38 V              ; -0.00552 V          ; 0.096 V                              ; 0.019 V                              ; 4.18e-10 s                  ; 3.59e-10 s                  ; No                         ; Yes                        ; 2.32 V                      ; 4.49e-09 V                  ; 2.38 V             ; -0.00552 V         ; 0.096 V                             ; 0.019 V                             ; 4.18e-10 s                 ; 3.59e-10 s                 ; No                        ; Yes                       ;
; product[50]   ; 2.5 V        ; 0 s                 ; 0 s                 ; 2.32 V                       ; 4.49e-09 V                   ; 2.38 V              ; -0.00552 V          ; 0.096 V                              ; 0.019 V                              ; 4.18e-10 s                  ; 3.59e-10 s                  ; No                         ; Yes                        ; 2.32 V                      ; 4.49e-09 V                  ; 2.38 V             ; -0.00552 V         ; 0.096 V                             ; 0.019 V                             ; 4.18e-10 s                 ; 3.59e-10 s                 ; No                        ; Yes                       ;
; product[51]   ; 2.5 V        ; 0 s                 ; 0 s                 ; 2.32 V                       ; 4.49e-09 V                   ; 2.38 V              ; -0.00552 V          ; 0.096 V                              ; 0.019 V                              ; 4.18e-10 s                  ; 3.59e-10 s                  ; No                         ; Yes                        ; 2.32 V                      ; 4.49e-09 V                  ; 2.38 V             ; -0.00552 V         ; 0.096 V                             ; 0.019 V                             ; 4.18e-10 s                 ; 3.59e-10 s                 ; No                        ; Yes                       ;
; product[52]   ; 2.5 V        ; 0 s                 ; 0 s                 ; 2.32 V                       ; 4.49e-09 V                   ; 2.38 V              ; -0.00552 V          ; 0.096 V                              ; 0.019 V                              ; 4.18e-10 s                  ; 3.59e-10 s                  ; No                         ; Yes                        ; 2.32 V                      ; 4.49e-09 V                  ; 2.38 V             ; -0.00552 V         ; 0.096 V                             ; 0.019 V                             ; 4.18e-10 s                 ; 3.59e-10 s                 ; No                        ; Yes                       ;
; product[53]   ; 2.5 V        ; 0 s                 ; 0 s                 ; 2.32 V                       ; 4.49e-09 V                   ; 2.38 V              ; -0.00552 V          ; 0.096 V                              ; 0.019 V                              ; 4.18e-10 s                  ; 3.59e-10 s                  ; No                         ; Yes                        ; 2.32 V                      ; 4.49e-09 V                  ; 2.38 V             ; -0.00552 V         ; 0.096 V                             ; 0.019 V                             ; 4.18e-10 s                 ; 3.59e-10 s                 ; No                        ; Yes                       ;
; product[54]   ; 2.5 V        ; 0 s                 ; 0 s                 ; 2.32 V                       ; 4.49e-09 V                   ; 2.38 V              ; -0.00552 V          ; 0.096 V                              ; 0.019 V                              ; 4.18e-10 s                  ; 3.59e-10 s                  ; No                         ; Yes                        ; 2.32 V                      ; 4.49e-09 V                  ; 2.38 V             ; -0.00552 V         ; 0.096 V                             ; 0.019 V                             ; 4.18e-10 s                 ; 3.59e-10 s                 ; No                        ; Yes                       ;
; product[55]   ; 2.5 V        ; 0 s                 ; 0 s                 ; 2.32 V                       ; 4.49e-09 V                   ; 2.38 V              ; -0.00552 V          ; 0.096 V                              ; 0.019 V                              ; 4.18e-10 s                  ; 3.59e-10 s                  ; No                         ; Yes                        ; 2.32 V                      ; 4.49e-09 V                  ; 2.38 V             ; -0.00552 V         ; 0.096 V                             ; 0.019 V                             ; 4.18e-10 s                 ; 3.59e-10 s                 ; No                        ; Yes                       ;
; product[56]   ; 2.5 V        ; 0 s                 ; 0 s                 ; 2.32 V                       ; 4.49e-09 V                   ; 2.38 V              ; -0.00552 V          ; 0.096 V                              ; 0.019 V                              ; 4.18e-10 s                  ; 3.59e-10 s                  ; No                         ; Yes                        ; 2.32 V                      ; 4.49e-09 V                  ; 2.38 V             ; -0.00552 V         ; 0.096 V                             ; 0.019 V                             ; 4.18e-10 s                 ; 3.59e-10 s                 ; No                        ; Yes                       ;
; product[57]   ; 2.5 V        ; 0 s                 ; 0 s                 ; 2.32 V                       ; 4.49e-09 V                   ; 2.38 V              ; -0.00552 V          ; 0.096 V                              ; 0.019 V                              ; 4.18e-10 s                  ; 3.59e-10 s                  ; No                         ; Yes                        ; 2.32 V                      ; 4.49e-09 V                  ; 2.38 V             ; -0.00552 V         ; 0.096 V                             ; 0.019 V                             ; 4.18e-10 s                 ; 3.59e-10 s                 ; No                        ; Yes                       ;
; product[58]   ; 2.5 V        ; 0 s                 ; 0 s                 ; 2.32 V                       ; 4.49e-09 V                   ; 2.38 V              ; -0.00552 V          ; 0.096 V                              ; 0.019 V                              ; 4.18e-10 s                  ; 3.59e-10 s                  ; No                         ; Yes                        ; 2.32 V                      ; 4.49e-09 V                  ; 2.38 V             ; -0.00552 V         ; 0.096 V                             ; 0.019 V                             ; 4.18e-10 s                 ; 3.59e-10 s                 ; No                        ; Yes                       ;
; product[59]   ; 2.5 V        ; 0 s                 ; 0 s                 ; 2.32 V                       ; 4.49e-09 V                   ; 2.38 V              ; -0.00552 V          ; 0.096 V                              ; 0.019 V                              ; 4.18e-10 s                  ; 3.59e-10 s                  ; No                         ; Yes                        ; 2.32 V                      ; 4.49e-09 V                  ; 2.38 V             ; -0.00552 V         ; 0.096 V                             ; 0.019 V                             ; 4.18e-10 s                 ; 3.59e-10 s                 ; No                        ; Yes                       ;
; product[60]   ; 2.5 V        ; 0 s                 ; 0 s                 ; 2.32 V                       ; 4.49e-09 V                   ; 2.38 V              ; -0.00552 V          ; 0.096 V                              ; 0.019 V                              ; 4.18e-10 s                  ; 3.59e-10 s                  ; No                         ; Yes                        ; 2.32 V                      ; 4.49e-09 V                  ; 2.38 V             ; -0.00552 V         ; 0.096 V                             ; 0.019 V                             ; 4.18e-10 s                 ; 3.59e-10 s                 ; No                        ; Yes                       ;
; product[61]   ; 2.5 V        ; 0 s                 ; 0 s                 ; 2.32 V                       ; 4.49e-09 V                   ; 2.38 V              ; -0.00552 V          ; 0.096 V                              ; 0.019 V                              ; 4.18e-10 s                  ; 3.59e-10 s                  ; No                         ; Yes                        ; 2.32 V                      ; 4.49e-09 V                  ; 2.38 V             ; -0.00552 V         ; 0.096 V                             ; 0.019 V                             ; 4.18e-10 s                 ; 3.59e-10 s                 ; No                        ; Yes                       ;
; product[62]   ; 2.5 V        ; 0 s                 ; 0 s                 ; 2.32 V                       ; 3.07e-09 V                   ; 2.37 V              ; -0.00994 V          ; 0.186 V                              ; 0.028 V                              ; 4.98e-10 s                  ; 4.96e-10 s                  ; Yes                        ; Yes                        ; 2.32 V                      ; 3.07e-09 V                  ; 2.37 V             ; -0.00994 V         ; 0.186 V                             ; 0.028 V                             ; 4.98e-10 s                 ; 4.96e-10 s                 ; Yes                       ; Yes                       ;
; product[63]   ; 2.5 V        ; 0 s                 ; 0 s                 ; 2.32 V                       ; 4.49e-09 V                   ; 2.38 V              ; -0.00552 V          ; 0.096 V                              ; 0.019 V                              ; 4.18e-10 s                  ; 3.59e-10 s                  ; No                         ; Yes                        ; 2.32 V                      ; 4.49e-09 V                  ; 2.38 V             ; -0.00552 V         ; 0.096 V                             ; 0.019 V                             ; 4.18e-10 s                 ; 3.59e-10 s                 ; No                        ; Yes                       ;
; done          ; 2.5 V        ; 0 s                 ; 0 s                 ; 2.32 V                       ; 4.49e-09 V                   ; 2.38 V              ; -0.00552 V          ; 0.096 V                              ; 0.019 V                              ; 4.18e-10 s                  ; 3.59e-10 s                  ; No                         ; Yes                        ; 2.32 V                      ; 4.49e-09 V                  ; 2.38 V             ; -0.00552 V         ; 0.096 V                             ; 0.019 V                             ; 4.18e-10 s                 ; 3.59e-10 s                 ; No                        ; Yes                       ;
; ~ALTERA_DCLK~ ; 2.5 V        ; 0 s                 ; 0 s                 ; 2.32 V                       ; 2.67e-09 V                   ; 2.38 V              ; -0.0485 V           ; 0.167 V                              ; 0.096 V                              ; 2.95e-10 s                  ; 2.73e-10 s                  ; Yes                        ; Yes                        ; 2.32 V                      ; 2.67e-09 V                  ; 2.38 V             ; -0.0485 V          ; 0.167 V                             ; 0.096 V                             ; 2.95e-10 s                 ; 2.73e-10 s                 ; Yes                       ; Yes                       ;
; ~ALTERA_nCEO~ ; 2.5 V        ; 0 s                 ; 0 s                 ; 2.32 V                       ; 4.18e-09 V                   ; 2.38 V              ; -0.00483 V          ; 0.152 V                              ; 0.012 V                              ; 4.81e-10 s                  ; 6.29e-10 s                  ; Yes                        ; Yes                        ; 2.32 V                      ; 4.18e-09 V                  ; 2.38 V             ; -0.00483 V         ; 0.152 V                             ; 0.012 V                             ; 4.81e-10 s                 ; 6.29e-10 s                 ; Yes                       ; Yes                       ;
+---------------+--------------+---------------------+---------------------+------------------------------+------------------------------+---------------------+---------------------+--------------------------------------+--------------------------------------+-----------------------------+-----------------------------+----------------------------+----------------------------+-----------------------------+-----------------------------+--------------------+--------------------+-------------------------------------+-------------------------------------+----------------------------+----------------------------+---------------------------+---------------------------+


+--------------------------------------------------------------------------------------------------------------------------------------------------------------------------------------------------------------------------------------------------------------------------------------------------------------------------------------------------------------------------------------------------------------------------------------------------------------------------------------------------------------------------------------------------------------------------------------------------------------------------------------------------------------------------------------------+
; Signal Integrity Metrics (Slow 1200mv 85c Model)                                                                                                                                                                                                                                                                                                                                                                                                                                                                                                                                                                                                                                           ;
+---------------+--------------+---------------------+---------------------+------------------------------+------------------------------+---------------------+---------------------+--------------------------------------+--------------------------------------+-----------------------------+-----------------------------+----------------------------+----------------------------+-----------------------------+-----------------------------+--------------------+--------------------+-------------------------------------+-------------------------------------+----------------------------+----------------------------+---------------------------+---------------------------+
; Pin           ; I/O Standard ; Board Delay on Rise ; Board Delay on Fall ; Steady State Voh at FPGA Pin ; Steady State Vol at FPGA Pin ; Voh Max at FPGA Pin ; Vol Min at FPGA Pin ; Ringback Voltage on Rise at FPGA Pin ; Ringback Voltage on Fall at FPGA Pin ; 10-90 Rise Time at FPGA Pin ; 90-10 Fall Time at FPGA Pin ; Monotonic Rise at FPGA Pin ; Monotonic Fall at FPGA Pin ; Steady State Voh at Far-end ; Steady State Vol at Far-end ; Voh Max at Far-end ; Vol Min at Far-end ; Ringback Voltage on Rise at Far-end ; Ringback Voltage on Fall at Far-end ; 10-90 Rise Time at Far-end ; 90-10 Fall Time at Far-end ; Monotonic Rise at Far-end ; Monotonic Fall at Far-end ;
+---------------+--------------+---------------------+---------------------+------------------------------+------------------------------+---------------------+---------------------+--------------------------------------+--------------------------------------+-----------------------------+-----------------------------+----------------------------+----------------------------+-----------------------------+-----------------------------+--------------------+--------------------+-------------------------------------+-------------------------------------+----------------------------+----------------------------+---------------------------+---------------------------+
; product[0]    ; 2.5 V        ; 0 s                 ; 0 s                 ; 2.32 V                       ; 6.92e-07 V                   ; 2.35 V              ; -0.00996 V          ; 0.121 V                              ; 0.03 V                               ; 4.64e-10 s                  ; 4.47e-10 s                  ; Yes                        ; Yes                        ; 2.32 V                      ; 6.92e-07 V                  ; 2.35 V             ; -0.00996 V         ; 0.121 V                             ; 0.03 V                              ; 4.64e-10 s                 ; 4.47e-10 s                 ; Yes                       ; Yes                       ;
; product[1]    ; 2.5 V        ; 0 s                 ; 0 s                 ; 2.32 V                       ; 6.92e-07 V                   ; 2.35 V              ; -0.00996 V          ; 0.121 V                              ; 0.03 V                               ; 4.64e-10 s                  ; 4.47e-10 s                  ; Yes                        ; Yes                        ; 2.32 V                      ; 6.92e-07 V                  ; 2.35 V             ; -0.00996 V         ; 0.121 V                             ; 0.03 V                              ; 4.64e-10 s                 ; 4.47e-10 s                 ; Yes                       ; Yes                       ;
; product[2]    ; 2.5 V        ; 0 s                 ; 0 s                 ; 2.32 V                       ; 6.92e-07 V                   ; 2.35 V              ; -0.00996 V          ; 0.121 V                              ; 0.03 V                               ; 4.64e-10 s                  ; 4.47e-10 s                  ; Yes                        ; Yes                        ; 2.32 V                      ; 6.92e-07 V                  ; 2.35 V             ; -0.00996 V         ; 0.121 V                             ; 0.03 V                              ; 4.64e-10 s                 ; 4.47e-10 s                 ; Yes                       ; Yes                       ;
; product[3]    ; 2.5 V        ; 0 s                 ; 0 s                 ; 2.32 V                       ; 6.92e-07 V                   ; 2.35 V              ; -0.00996 V          ; 0.121 V                              ; 0.03 V                               ; 4.64e-10 s                  ; 4.47e-10 s                  ; Yes                        ; Yes                        ; 2.32 V                      ; 6.92e-07 V                  ; 2.35 V             ; -0.00996 V         ; 0.121 V                             ; 0.03 V                              ; 4.64e-10 s                 ; 4.47e-10 s                 ; Yes                       ; Yes                       ;
; product[4]    ; 2.5 V        ; 0 s                 ; 0 s                 ; 2.32 V                       ; 6.92e-07 V                   ; 2.35 V              ; -0.00996 V          ; 0.121 V                              ; 0.03 V                               ; 4.64e-10 s                  ; 4.47e-10 s                  ; Yes                        ; Yes                        ; 2.32 V                      ; 6.92e-07 V                  ; 2.35 V             ; -0.00996 V         ; 0.121 V                             ; 0.03 V                              ; 4.64e-10 s                 ; 4.47e-10 s                 ; Yes                       ; Yes                       ;
; product[5]    ; 2.5 V        ; 0 s                 ; 0 s                 ; 2.32 V                       ; 6.92e-07 V                   ; 2.33 V              ; -0.00265 V          ; 0.133 V                              ; 0.056 V                              ; 3.55e-09 s                  ; 3.31e-09 s                  ; Yes                        ; Yes                        ; 2.32 V                      ; 6.92e-07 V                  ; 2.33 V             ; -0.00265 V         ; 0.133 V                             ; 0.056 V                             ; 3.55e-09 s                 ; 3.31e-09 s                 ; Yes                       ; Yes                       ;
; product[6]    ; 2.5 V        ; 0 s                 ; 0 s                 ; 2.32 V                       ; 6.92e-07 V                   ; 2.35 V              ; -0.00996 V          ; 0.121 V                              ; 0.03 V                               ; 4.64e-10 s                  ; 4.47e-10 s                  ; Yes                        ; Yes                        ; 2.32 V                      ; 6.92e-07 V                  ; 2.35 V             ; -0.00996 V         ; 0.121 V                             ; 0.03 V                              ; 4.64e-10 s                 ; 4.47e-10 s                 ; Yes                       ; Yes                       ;
; product[7]    ; 2.5 V        ; 0 s                 ; 0 s                 ; 2.32 V                       ; 6.92e-07 V                   ; 2.35 V              ; -0.00996 V          ; 0.121 V                              ; 0.03 V                               ; 4.64e-10 s                  ; 4.47e-10 s                  ; Yes                        ; Yes                        ; 2.32 V                      ; 6.92e-07 V                  ; 2.35 V             ; -0.00996 V         ; 0.121 V                             ; 0.03 V                              ; 4.64e-10 s                 ; 4.47e-10 s                 ; Yes                       ; Yes                       ;
; product[8]    ; 2.5 V        ; 0 s                 ; 0 s                 ; 2.32 V                       ; 6.92e-07 V                   ; 2.35 V              ; -0.00996 V          ; 0.121 V                              ; 0.03 V                               ; 4.64e-10 s                  ; 4.47e-10 s                  ; Yes                        ; Yes                        ; 2.32 V                      ; 6.92e-07 V                  ; 2.35 V             ; -0.00996 V         ; 0.121 V                             ; 0.03 V                              ; 4.64e-10 s                 ; 4.47e-10 s                 ; Yes                       ; Yes                       ;
; product[9]    ; 2.5 V        ; 0 s                 ; 0 s                 ; 2.32 V                       ; 6.92e-07 V                   ; 2.35 V              ; -0.00996 V          ; 0.121 V                              ; 0.03 V                               ; 4.64e-10 s                  ; 4.47e-10 s                  ; Yes                        ; Yes                        ; 2.32 V                      ; 6.92e-07 V                  ; 2.35 V             ; -0.00996 V         ; 0.121 V                             ; 0.03 V                              ; 4.64e-10 s                 ; 4.47e-10 s                 ; Yes                       ; Yes                       ;
; product[10]   ; 2.5 V        ; 0 s                 ; 0 s                 ; 2.32 V                       ; 6.92e-07 V                   ; 2.35 V              ; -0.00996 V          ; 0.121 V                              ; 0.03 V                               ; 4.64e-10 s                  ; 4.47e-10 s                  ; Yes                        ; Yes                        ; 2.32 V                      ; 6.92e-07 V                  ; 2.35 V             ; -0.00996 V         ; 0.121 V                             ; 0.03 V                              ; 4.64e-10 s                 ; 4.47e-10 s                 ; Yes                       ; Yes                       ;
; product[11]   ; 2.5 V        ; 0 s                 ; 0 s                 ; 2.32 V                       ; 6.92e-07 V                   ; 2.35 V              ; -0.00996 V          ; 0.121 V                              ; 0.03 V                               ; 4.64e-10 s                  ; 4.47e-10 s                  ; Yes                        ; Yes                        ; 2.32 V                      ; 6.92e-07 V                  ; 2.35 V             ; -0.00996 V         ; 0.121 V                             ; 0.03 V                              ; 4.64e-10 s                 ; 4.47e-10 s                 ; Yes                       ; Yes                       ;
; product[12]   ; 2.5 V        ; 0 s                 ; 0 s                 ; 2.32 V                       ; 4.67e-07 V                   ; 2.35 V              ; -0.00942 V          ; 0.116 V                              ; 0.033 V                              ; 6.66e-10 s                  ; 6.27e-10 s                  ; Yes                        ; Yes                        ; 2.32 V                      ; 4.67e-07 V                  ; 2.35 V             ; -0.00942 V         ; 0.116 V                             ; 0.033 V                             ; 6.66e-10 s                 ; 6.27e-10 s                 ; Yes                       ; Yes                       ;
; product[13]   ; 2.5 V        ; 0 s                 ; 0 s                 ; 2.32 V                       ; 4.67e-07 V                   ; 2.33 V              ; -0.00269 V          ; 0.13 V                               ; 0.055 V                              ; 3.54e-09 s                  ; 3.29e-09 s                  ; Yes                        ; Yes                        ; 2.32 V                      ; 4.67e-07 V                  ; 2.33 V             ; -0.00269 V         ; 0.13 V                              ; 0.055 V                             ; 3.54e-09 s                 ; 3.29e-09 s                 ; Yes                       ; Yes                       ;
; product[14]   ; 2.5 V        ; 0 s                 ; 0 s                 ; 2.32 V                       ; 6.92e-07 V                   ; 2.35 V              ; -0.00996 V          ; 0.121 V                              ; 0.03 V                               ; 4.64e-10 s                  ; 4.47e-10 s                  ; Yes                        ; Yes                        ; 2.32 V                      ; 6.92e-07 V                  ; 2.35 V             ; -0.00996 V         ; 0.121 V                             ; 0.03 V                              ; 4.64e-10 s                 ; 4.47e-10 s                 ; Yes                       ; Yes                       ;
; product[15]   ; 2.5 V        ; 0 s                 ; 0 s                 ; 2.32 V                       ; 6.92e-07 V                   ; 2.35 V              ; -0.00996 V          ; 0.121 V                              ; 0.03 V                               ; 4.64e-10 s                  ; 4.47e-10 s                  ; Yes                        ; Yes                        ; 2.32 V                      ; 6.92e-07 V                  ; 2.35 V             ; -0.00996 V         ; 0.121 V                             ; 0.03 V                              ; 4.64e-10 s                 ; 4.47e-10 s                 ; Yes                       ; Yes                       ;
; product[16]   ; 2.5 V        ; 0 s                 ; 0 s                 ; 2.32 V                       ; 6.92e-07 V                   ; 2.35 V              ; -0.00996 V          ; 0.121 V                              ; 0.03 V                               ; 4.64e-10 s                  ; 4.47e-10 s                  ; Yes                        ; Yes                        ; 2.32 V                      ; 6.92e-07 V                  ; 2.35 V             ; -0.00996 V         ; 0.121 V                             ; 0.03 V                              ; 4.64e-10 s                 ; 4.47e-10 s                 ; Yes                       ; Yes                       ;
; product[17]   ; 2.5 V        ; 0 s                 ; 0 s                 ; 2.32 V                       ; 6.92e-07 V                   ; 2.35 V              ; -0.00996 V          ; 0.121 V                              ; 0.03 V                               ; 4.64e-10 s                  ; 4.47e-10 s                  ; Yes                        ; Yes                        ; 2.32 V                      ; 6.92e-07 V                  ; 2.35 V             ; -0.00996 V         ; 0.121 V                             ; 0.03 V                              ; 4.64e-10 s                 ; 4.47e-10 s                 ; Yes                       ; Yes                       ;
; product[18]   ; 2.5 V        ; 0 s                 ; 0 s                 ; 2.32 V                       ; 6.92e-07 V                   ; 2.35 V              ; -0.00996 V          ; 0.121 V                              ; 0.03 V                               ; 4.64e-10 s                  ; 4.47e-10 s                  ; Yes                        ; Yes                        ; 2.32 V                      ; 6.92e-07 V                  ; 2.35 V             ; -0.00996 V         ; 0.121 V                             ; 0.03 V                              ; 4.64e-10 s                 ; 4.47e-10 s                 ; Yes                       ; Yes                       ;
; product[19]   ; 2.5 V        ; 0 s                 ; 0 s                 ; 2.32 V                       ; 6.92e-07 V                   ; 2.35 V              ; -0.00996 V          ; 0.121 V                              ; 0.03 V                               ; 4.64e-10 s                  ; 4.47e-10 s                  ; Yes                        ; Yes                        ; 2.32 V                      ; 6.92e-07 V                  ; 2.35 V             ; -0.00996 V         ; 0.121 V                             ; 0.03 V                              ; 4.64e-10 s                 ; 4.47e-10 s                 ; Yes                       ; Yes                       ;
; product[20]   ; 2.5 V        ; 0 s                 ; 0 s                 ; 2.32 V                       ; 6.92e-07 V                   ; 2.35 V              ; -0.00996 V          ; 0.121 V                              ; 0.03 V                               ; 4.64e-10 s                  ; 4.47e-10 s                  ; Yes                        ; Yes                        ; 2.32 V                      ; 6.92e-07 V                  ; 2.35 V             ; -0.00996 V         ; 0.121 V                             ; 0.03 V                              ; 4.64e-10 s                 ; 4.47e-10 s                 ; Yes                       ; Yes                       ;
; product[21]   ; 2.5 V        ; 0 s                 ; 0 s                 ; 2.32 V                       ; 6.92e-07 V                   ; 2.35 V              ; -0.00996 V          ; 0.121 V                              ; 0.03 V                               ; 4.64e-10 s                  ; 4.47e-10 s                  ; Yes                        ; Yes                        ; 2.32 V                      ; 6.92e-07 V                  ; 2.35 V             ; -0.00996 V         ; 0.121 V                             ; 0.03 V                              ; 4.64e-10 s                 ; 4.47e-10 s                 ; Yes                       ; Yes                       ;
; product[22]   ; 2.5 V        ; 0 s                 ; 0 s                 ; 2.32 V                       ; 6.92e-07 V                   ; 2.35 V              ; -0.00996 V          ; 0.121 V                              ; 0.03 V                               ; 4.64e-10 s                  ; 4.47e-10 s                  ; Yes                        ; Yes                        ; 2.32 V                      ; 6.92e-07 V                  ; 2.35 V             ; -0.00996 V         ; 0.121 V                             ; 0.03 V                              ; 4.64e-10 s                 ; 4.47e-10 s                 ; Yes                       ; Yes                       ;
; product[23]   ; 2.5 V        ; 0 s                 ; 0 s                 ; 2.32 V                       ; 6.92e-07 V                   ; 2.35 V              ; -0.00996 V          ; 0.121 V                              ; 0.03 V                               ; 4.64e-10 s                  ; 4.47e-10 s                  ; Yes                        ; Yes                        ; 2.32 V                      ; 6.92e-07 V                  ; 2.35 V             ; -0.00996 V         ; 0.121 V                             ; 0.03 V                              ; 4.64e-10 s                 ; 4.47e-10 s                 ; Yes                       ; Yes                       ;
; product[24]   ; 2.5 V        ; 0 s                 ; 0 s                 ; 2.32 V                       ; 6.92e-07 V                   ; 2.35 V              ; -0.00996 V          ; 0.121 V                              ; 0.03 V                               ; 4.64e-10 s                  ; 4.47e-10 s                  ; Yes                        ; Yes                        ; 2.32 V                      ; 6.92e-07 V                  ; 2.35 V             ; -0.00996 V         ; 0.121 V                             ; 0.03 V                              ; 4.64e-10 s                 ; 4.47e-10 s                 ; Yes                       ; Yes                       ;
; product[25]   ; 2.5 V        ; 0 s                 ; 0 s                 ; 2.32 V                       ; 6.92e-07 V                   ; 2.35 V              ; -0.00996 V          ; 0.121 V                              ; 0.03 V                               ; 4.64e-10 s                  ; 4.47e-10 s                  ; Yes                        ; Yes                        ; 2.32 V                      ; 6.92e-07 V                  ; 2.35 V             ; -0.00996 V         ; 0.121 V                             ; 0.03 V                              ; 4.64e-10 s                 ; 4.47e-10 s                 ; Yes                       ; Yes                       ;
; product[26]   ; 2.5 V        ; 0 s                 ; 0 s                 ; 2.32 V                       ; 6.92e-07 V                   ; 2.35 V              ; -0.00996 V          ; 0.121 V                              ; 0.03 V                               ; 4.64e-10 s                  ; 4.47e-10 s                  ; Yes                        ; Yes                        ; 2.32 V                      ; 6.92e-07 V                  ; 2.35 V             ; -0.00996 V         ; 0.121 V                             ; 0.03 V                              ; 4.64e-10 s                 ; 4.47e-10 s                 ; Yes                       ; Yes                       ;
; product[27]   ; 2.5 V        ; 0 s                 ; 0 s                 ; 2.32 V                       ; 6.92e-07 V                   ; 2.35 V              ; -0.00996 V          ; 0.121 V                              ; 0.03 V                               ; 4.64e-10 s                  ; 4.47e-10 s                  ; Yes                        ; Yes                        ; 2.32 V                      ; 6.92e-07 V                  ; 2.35 V             ; -0.00996 V         ; 0.121 V                             ; 0.03 V                              ; 4.64e-10 s                 ; 4.47e-10 s                 ; Yes                       ; Yes                       ;
; product[28]   ; 2.5 V        ; 0 s                 ; 0 s                 ; 2.32 V                       ; 6.92e-07 V                   ; 2.35 V              ; -0.00996 V          ; 0.121 V                              ; 0.03 V                               ; 4.64e-10 s                  ; 4.47e-10 s                  ; Yes                        ; Yes                        ; 2.32 V                      ; 6.92e-07 V                  ; 2.35 V             ; -0.00996 V         ; 0.121 V                             ; 0.03 V                              ; 4.64e-10 s                 ; 4.47e-10 s                 ; Yes                       ; Yes                       ;
; product[29]   ; 2.5 V        ; 0 s                 ; 0 s                 ; 2.32 V                       ; 6.92e-07 V                   ; 2.35 V              ; -0.00996 V          ; 0.121 V                              ; 0.03 V                               ; 4.64e-10 s                  ; 4.47e-10 s                  ; Yes                        ; Yes                        ; 2.32 V                      ; 6.92e-07 V                  ; 2.35 V             ; -0.00996 V         ; 0.121 V                             ; 0.03 V                              ; 4.64e-10 s                 ; 4.47e-10 s                 ; Yes                       ; Yes                       ;
; product[30]   ; 2.5 V        ; 0 s                 ; 0 s                 ; 2.32 V                       ; 6.92e-07 V                   ; 2.35 V              ; -0.00996 V          ; 0.121 V                              ; 0.03 V                               ; 4.64e-10 s                  ; 4.47e-10 s                  ; Yes                        ; Yes                        ; 2.32 V                      ; 6.92e-07 V                  ; 2.35 V             ; -0.00996 V         ; 0.121 V                             ; 0.03 V                              ; 4.64e-10 s                 ; 4.47e-10 s                 ; Yes                       ; Yes                       ;
; product[31]   ; 2.5 V        ; 0 s                 ; 0 s                 ; 2.32 V                       ; 6.92e-07 V                   ; 2.33 V              ; -0.00265 V          ; 0.133 V                              ; 0.056 V                              ; 3.55e-09 s                  ; 3.31e-09 s                  ; Yes                        ; Yes                        ; 2.32 V                      ; 6.92e-07 V                  ; 2.33 V             ; -0.00265 V         ; 0.133 V                             ; 0.056 V                             ; 3.55e-09 s                 ; 3.31e-09 s                 ; Yes                       ; Yes                       ;
; product[32]   ; 2.5 V        ; 0 s                 ; 0 s                 ; 2.32 V                       ; 6.92e-07 V                   ; 2.35 V              ; -0.00996 V          ; 0.121 V                              ; 0.03 V                               ; 4.64e-10 s                  ; 4.47e-10 s                  ; Yes                        ; Yes                        ; 2.32 V                      ; 6.92e-07 V                  ; 2.35 V             ; -0.00996 V         ; 0.121 V                             ; 0.03 V                              ; 4.64e-10 s                 ; 4.47e-10 s                 ; Yes                       ; Yes                       ;
; product[33]   ; 2.5 V        ; 0 s                 ; 0 s                 ; 2.32 V                       ; 6.92e-07 V                   ; 2.35 V              ; -0.00996 V          ; 0.121 V                              ; 0.03 V                               ; 4.64e-10 s                  ; 4.47e-10 s                  ; Yes                        ; Yes                        ; 2.32 V                      ; 6.92e-07 V                  ; 2.35 V             ; -0.00996 V         ; 0.121 V                             ; 0.03 V                              ; 4.64e-10 s                 ; 4.47e-10 s                 ; Yes                       ; Yes                       ;
; product[34]   ; 2.5 V        ; 0 s                 ; 0 s                 ; 2.32 V                       ; 6.92e-07 V                   ; 2.35 V              ; -0.00996 V          ; 0.121 V                              ; 0.03 V                               ; 4.64e-10 s                  ; 4.47e-10 s                  ; Yes                        ; Yes                        ; 2.32 V                      ; 6.92e-07 V                  ; 2.35 V             ; -0.00996 V         ; 0.121 V                             ; 0.03 V                              ; 4.64e-10 s                 ; 4.47e-10 s                 ; Yes                       ; Yes                       ;
; product[35]   ; 2.5 V        ; 0 s                 ; 0 s                 ; 2.32 V                       ; 6.92e-07 V                   ; 2.35 V              ; -0.00996 V          ; 0.121 V                              ; 0.03 V                               ; 4.64e-10 s                  ; 4.47e-10 s                  ; Yes                        ; Yes                        ; 2.32 V                      ; 6.92e-07 V                  ; 2.35 V             ; -0.00996 V         ; 0.121 V                             ; 0.03 V                              ; 4.64e-10 s                 ; 4.47e-10 s                 ; Yes                       ; Yes                       ;
; product[36]   ; 2.5 V        ; 0 s                 ; 0 s                 ; 2.32 V                       ; 6.92e-07 V                   ; 2.35 V              ; -0.00996 V          ; 0.121 V                              ; 0.03 V                               ; 4.64e-10 s                  ; 4.47e-10 s                  ; Yes                        ; Yes                        ; 2.32 V                      ; 6.92e-07 V                  ; 2.35 V             ; -0.00996 V         ; 0.121 V                             ; 0.03 V                              ; 4.64e-10 s                 ; 4.47e-10 s                 ; Yes                       ; Yes                       ;
; product[37]   ; 2.5 V        ; 0 s                 ; 0 s                 ; 2.32 V                       ; 6.92e-07 V                   ; 2.35 V              ; -0.00996 V          ; 0.121 V                              ; 0.03 V                               ; 4.64e-10 s                  ; 4.47e-10 s                  ; Yes                        ; Yes                        ; 2.32 V                      ; 6.92e-07 V                  ; 2.35 V             ; -0.00996 V         ; 0.121 V                             ; 0.03 V                              ; 4.64e-10 s                 ; 4.47e-10 s                 ; Yes                       ; Yes                       ;
; product[38]   ; 2.5 V        ; 0 s                 ; 0 s                 ; 2.32 V                       ; 6.92e-07 V                   ; 2.35 V              ; -0.00996 V          ; 0.121 V                              ; 0.03 V                               ; 4.64e-10 s                  ; 4.47e-10 s                  ; Yes                        ; Yes                        ; 2.32 V                      ; 6.92e-07 V                  ; 2.35 V             ; -0.00996 V         ; 0.121 V                             ; 0.03 V                              ; 4.64e-10 s                 ; 4.47e-10 s                 ; Yes                       ; Yes                       ;
; product[39]   ; 2.5 V        ; 0 s                 ; 0 s                 ; 2.32 V                       ; 6.92e-07 V                   ; 2.35 V              ; -0.00996 V          ; 0.121 V                              ; 0.03 V                               ; 4.64e-10 s                  ; 4.47e-10 s                  ; Yes                        ; Yes                        ; 2.32 V                      ; 6.92e-07 V                  ; 2.35 V             ; -0.00996 V         ; 0.121 V                             ; 0.03 V                              ; 4.64e-10 s                 ; 4.47e-10 s                 ; Yes                       ; Yes                       ;
; product[40]   ; 2.5 V        ; 0 s                 ; 0 s                 ; 2.32 V                       ; 6.92e-07 V                   ; 2.35 V              ; -0.00996 V          ; 0.121 V                              ; 0.03 V                               ; 4.64e-10 s                  ; 4.47e-10 s                  ; Yes                        ; Yes                        ; 2.32 V                      ; 6.92e-07 V                  ; 2.35 V             ; -0.00996 V         ; 0.121 V                             ; 0.03 V                              ; 4.64e-10 s                 ; 4.47e-10 s                 ; Yes                       ; Yes                       ;
; product[41]   ; 2.5 V        ; 0 s                 ; 0 s                 ; 2.32 V                       ; 6.92e-07 V                   ; 2.35 V              ; -0.00996 V          ; 0.121 V                              ; 0.03 V                               ; 4.64e-10 s                  ; 4.47e-10 s                  ; Yes                        ; Yes                        ; 2.32 V                      ; 6.92e-07 V                  ; 2.35 V             ; -0.00996 V         ; 0.121 V                             ; 0.03 V                              ; 4.64e-10 s                 ; 4.47e-10 s                 ; Yes                       ; Yes                       ;
; product[42]   ; 2.5 V        ; 0 s                 ; 0 s                 ; 2.32 V                       ; 6.92e-07 V                   ; 2.35 V              ; -0.00996 V          ; 0.121 V                              ; 0.03 V                               ; 4.64e-10 s                  ; 4.47e-10 s                  ; Yes                        ; Yes                        ; 2.32 V                      ; 6.92e-07 V                  ; 2.35 V             ; -0.00996 V         ; 0.121 V                             ; 0.03 V                              ; 4.64e-10 s                 ; 4.47e-10 s                 ; Yes                       ; Yes                       ;
; product[43]   ; 2.5 V        ; 0 s                 ; 0 s                 ; 2.32 V                       ; 6.92e-07 V                   ; 2.35 V              ; -0.00996 V          ; 0.121 V                              ; 0.03 V                               ; 4.64e-10 s                  ; 4.47e-10 s                  ; Yes                        ; Yes                        ; 2.32 V                      ; 6.92e-07 V                  ; 2.35 V             ; -0.00996 V         ; 0.121 V                             ; 0.03 V                              ; 4.64e-10 s                 ; 4.47e-10 s                 ; Yes                       ; Yes                       ;
; product[44]   ; 2.5 V        ; 0 s                 ; 0 s                 ; 2.32 V                       ; 6.92e-07 V                   ; 2.35 V              ; -0.00996 V          ; 0.121 V                              ; 0.03 V                               ; 4.64e-10 s                  ; 4.47e-10 s                  ; Yes                        ; Yes                        ; 2.32 V                      ; 6.92e-07 V                  ; 2.35 V             ; -0.00996 V         ; 0.121 V                             ; 0.03 V                              ; 4.64e-10 s                 ; 4.47e-10 s                 ; Yes                       ; Yes                       ;
; product[45]   ; 2.5 V        ; 0 s                 ; 0 s                 ; 2.32 V                       ; 6.92e-07 V                   ; 2.35 V              ; -0.00996 V          ; 0.121 V                              ; 0.03 V                               ; 4.64e-10 s                  ; 4.47e-10 s                  ; Yes                        ; Yes                        ; 2.32 V                      ; 6.92e-07 V                  ; 2.35 V             ; -0.00996 V         ; 0.121 V                             ; 0.03 V                              ; 4.64e-10 s                 ; 4.47e-10 s                 ; Yes                       ; Yes                       ;
; product[46]   ; 2.5 V        ; 0 s                 ; 0 s                 ; 2.32 V                       ; 6.92e-07 V                   ; 2.35 V              ; -0.00996 V          ; 0.121 V                              ; 0.03 V                               ; 4.64e-10 s                  ; 4.47e-10 s                  ; Yes                        ; Yes                        ; 2.32 V                      ; 6.92e-07 V                  ; 2.35 V             ; -0.00996 V         ; 0.121 V                             ; 0.03 V                              ; 4.64e-10 s                 ; 4.47e-10 s                 ; Yes                       ; Yes                       ;
; product[47]   ; 2.5 V        ; 0 s                 ; 0 s                 ; 2.32 V                       ; 6.92e-07 V                   ; 2.35 V              ; -0.00996 V          ; 0.121 V                              ; 0.03 V                               ; 4.64e-10 s                  ; 4.47e-10 s                  ; Yes                        ; Yes                        ; 2.32 V                      ; 6.92e-07 V                  ; 2.35 V             ; -0.00996 V         ; 0.121 V                             ; 0.03 V                              ; 4.64e-10 s                 ; 4.47e-10 s                 ; Yes                       ; Yes                       ;
; product[48]   ; 2.5 V        ; 0 s                 ; 0 s                 ; 2.32 V                       ; 6.92e-07 V                   ; 2.35 V              ; -0.00996 V          ; 0.121 V                              ; 0.03 V                               ; 4.64e-10 s                  ; 4.47e-10 s                  ; Yes                        ; Yes                        ; 2.32 V                      ; 6.92e-07 V                  ; 2.35 V             ; -0.00996 V         ; 0.121 V                             ; 0.03 V                              ; 4.64e-10 s                 ; 4.47e-10 s                 ; Yes                       ; Yes                       ;
; product[49]   ; 2.5 V        ; 0 s                 ; 0 s                 ; 2.32 V                       ; 6.92e-07 V                   ; 2.35 V              ; -0.00996 V          ; 0.121 V                              ; 0.03 V                               ; 4.64e-10 s                  ; 4.47e-10 s                  ; Yes                        ; Yes                        ; 2.32 V                      ; 6.92e-07 V                  ; 2.35 V             ; -0.00996 V         ; 0.121 V                             ; 0.03 V                              ; 4.64e-10 s                 ; 4.47e-10 s                 ; Yes                       ; Yes                       ;
; product[50]   ; 2.5 V        ; 0 s                 ; 0 s                 ; 2.32 V                       ; 6.92e-07 V                   ; 2.35 V              ; -0.00996 V          ; 0.121 V                              ; 0.03 V                               ; 4.64e-10 s                  ; 4.47e-10 s                  ; Yes                        ; Yes                        ; 2.32 V                      ; 6.92e-07 V                  ; 2.35 V             ; -0.00996 V         ; 0.121 V                             ; 0.03 V                              ; 4.64e-10 s                 ; 4.47e-10 s                 ; Yes                       ; Yes                       ;
; product[51]   ; 2.5 V        ; 0 s                 ; 0 s                 ; 2.32 V                       ; 6.92e-07 V                   ; 2.35 V              ; -0.00996 V          ; 0.121 V                              ; 0.03 V                               ; 4.64e-10 s                  ; 4.47e-10 s                  ; Yes                        ; Yes                        ; 2.32 V                      ; 6.92e-07 V                  ; 2.35 V             ; -0.00996 V         ; 0.121 V                             ; 0.03 V                              ; 4.64e-10 s                 ; 4.47e-10 s                 ; Yes                       ; Yes                       ;
; product[52]   ; 2.5 V        ; 0 s                 ; 0 s                 ; 2.32 V                       ; 6.92e-07 V                   ; 2.35 V              ; -0.00996 V          ; 0.121 V                              ; 0.03 V                               ; 4.64e-10 s                  ; 4.47e-10 s                  ; Yes                        ; Yes                        ; 2.32 V                      ; 6.92e-07 V                  ; 2.35 V             ; -0.00996 V         ; 0.121 V                             ; 0.03 V                              ; 4.64e-10 s                 ; 4.47e-10 s                 ; Yes                       ; Yes                       ;
; product[53]   ; 2.5 V        ; 0 s                 ; 0 s                 ; 2.32 V                       ; 6.92e-07 V                   ; 2.35 V              ; -0.00996 V          ; 0.121 V                              ; 0.03 V                               ; 4.64e-10 s                  ; 4.47e-10 s                  ; Yes                        ; Yes                        ; 2.32 V                      ; 6.92e-07 V                  ; 2.35 V             ; -0.00996 V         ; 0.121 V                             ; 0.03 V                              ; 4.64e-10 s                 ; 4.47e-10 s                 ; Yes                       ; Yes                       ;
; product[54]   ; 2.5 V        ; 0 s                 ; 0 s                 ; 2.32 V                       ; 6.92e-07 V                   ; 2.35 V              ; -0.00996 V          ; 0.121 V                              ; 0.03 V                               ; 4.64e-10 s                  ; 4.47e-10 s                  ; Yes                        ; Yes                        ; 2.32 V                      ; 6.92e-07 V                  ; 2.35 V             ; -0.00996 V         ; 0.121 V                             ; 0.03 V                              ; 4.64e-10 s                 ; 4.47e-10 s                 ; Yes                       ; Yes                       ;
; product[55]   ; 2.5 V        ; 0 s                 ; 0 s                 ; 2.32 V                       ; 6.92e-07 V                   ; 2.35 V              ; -0.00996 V          ; 0.121 V                              ; 0.03 V                               ; 4.64e-10 s                  ; 4.47e-10 s                  ; Yes                        ; Yes                        ; 2.32 V                      ; 6.92e-07 V                  ; 2.35 V             ; -0.00996 V         ; 0.121 V                             ; 0.03 V                              ; 4.64e-10 s                 ; 4.47e-10 s                 ; Yes                       ; Yes                       ;
; product[56]   ; 2.5 V        ; 0 s                 ; 0 s                 ; 2.32 V                       ; 6.92e-07 V                   ; 2.35 V              ; -0.00996 V          ; 0.121 V                              ; 0.03 V                               ; 4.64e-10 s                  ; 4.47e-10 s                  ; Yes                        ; Yes                        ; 2.32 V                      ; 6.92e-07 V                  ; 2.35 V             ; -0.00996 V         ; 0.121 V                             ; 0.03 V                              ; 4.64e-10 s                 ; 4.47e-10 s                 ; Yes                       ; Yes                       ;
; product[57]   ; 2.5 V        ; 0 s                 ; 0 s                 ; 2.32 V                       ; 6.92e-07 V                   ; 2.35 V              ; -0.00996 V          ; 0.121 V                              ; 0.03 V                               ; 4.64e-10 s                  ; 4.47e-10 s                  ; Yes                        ; Yes                        ; 2.32 V                      ; 6.92e-07 V                  ; 2.35 V             ; -0.00996 V         ; 0.121 V                             ; 0.03 V                              ; 4.64e-10 s                 ; 4.47e-10 s                 ; Yes                       ; Yes                       ;
; product[58]   ; 2.5 V        ; 0 s                 ; 0 s                 ; 2.32 V                       ; 6.92e-07 V                   ; 2.35 V              ; -0.00996 V          ; 0.121 V                              ; 0.03 V                               ; 4.64e-10 s                  ; 4.47e-10 s                  ; Yes                        ; Yes                        ; 2.32 V                      ; 6.92e-07 V                  ; 2.35 V             ; -0.00996 V         ; 0.121 V                             ; 0.03 V                              ; 4.64e-10 s                 ; 4.47e-10 s                 ; Yes                       ; Yes                       ;
; product[59]   ; 2.5 V        ; 0 s                 ; 0 s                 ; 2.32 V                       ; 6.92e-07 V                   ; 2.35 V              ; -0.00996 V          ; 0.121 V                              ; 0.03 V                               ; 4.64e-10 s                  ; 4.47e-10 s                  ; Yes                        ; Yes                        ; 2.32 V                      ; 6.92e-07 V                  ; 2.35 V             ; -0.00996 V         ; 0.121 V                             ; 0.03 V                              ; 4.64e-10 s                 ; 4.47e-10 s                 ; Yes                       ; Yes                       ;
; product[60]   ; 2.5 V        ; 0 s                 ; 0 s                 ; 2.32 V                       ; 6.92e-07 V                   ; 2.35 V              ; -0.00996 V          ; 0.121 V                              ; 0.03 V                               ; 4.64e-10 s                  ; 4.47e-10 s                  ; Yes                        ; Yes                        ; 2.32 V                      ; 6.92e-07 V                  ; 2.35 V             ; -0.00996 V         ; 0.121 V                             ; 0.03 V                              ; 4.64e-10 s                 ; 4.47e-10 s                 ; Yes                       ; Yes                       ;
; product[61]   ; 2.5 V        ; 0 s                 ; 0 s                 ; 2.32 V                       ; 6.92e-07 V                   ; 2.35 V              ; -0.00996 V          ; 0.121 V                              ; 0.03 V                               ; 4.64e-10 s                  ; 4.47e-10 s                  ; Yes                        ; Yes                        ; 2.32 V                      ; 6.92e-07 V                  ; 2.35 V             ; -0.00996 V         ; 0.121 V                             ; 0.03 V                              ; 4.64e-10 s                 ; 4.47e-10 s                 ; Yes                       ; Yes                       ;
; product[62]   ; 2.5 V        ; 0 s                 ; 0 s                 ; 2.32 V                       ; 4.67e-07 V                   ; 2.35 V              ; -0.00942 V          ; 0.116 V                              ; 0.033 V                              ; 6.66e-10 s                  ; 6.27e-10 s                  ; Yes                        ; Yes                        ; 2.32 V                      ; 4.67e-07 V                  ; 2.35 V             ; -0.00942 V         ; 0.116 V                             ; 0.033 V                             ; 6.66e-10 s                 ; 6.27e-10 s                 ; Yes                       ; Yes                       ;
; product[63]   ; 2.5 V        ; 0 s                 ; 0 s                 ; 2.32 V                       ; 6.92e-07 V                   ; 2.35 V              ; -0.00996 V          ; 0.121 V                              ; 0.03 V                               ; 4.64e-10 s                  ; 4.47e-10 s                  ; Yes                        ; Yes                        ; 2.32 V                      ; 6.92e-07 V                  ; 2.35 V             ; -0.00996 V         ; 0.121 V                             ; 0.03 V                              ; 4.64e-10 s                 ; 4.47e-10 s                 ; Yes                       ; Yes                       ;
; done          ; 2.5 V        ; 0 s                 ; 0 s                 ; 2.32 V                       ; 6.92e-07 V                   ; 2.35 V              ; -0.00996 V          ; 0.121 V                              ; 0.03 V                               ; 4.64e-10 s                  ; 4.47e-10 s                  ; Yes                        ; Yes                        ; 2.32 V                      ; 6.92e-07 V                  ; 2.35 V             ; -0.00996 V         ; 0.121 V                             ; 0.03 V                              ; 4.64e-10 s                 ; 4.47e-10 s                 ; Yes                       ; Yes                       ;
; ~ALTERA_DCLK~ ; 2.5 V        ; 0 s                 ; 0 s                 ; 2.32 V                       ; 3.75e-07 V                   ; 2.35 V              ; -0.0109 V           ; 0.084 V                              ; 0.027 V                              ; 4.31e-10 s                  ; 3.61e-10 s                  ; Yes                        ; Yes                        ; 2.32 V                      ; 3.75e-07 V                  ; 2.35 V             ; -0.0109 V          ; 0.084 V                             ; 0.027 V                             ; 4.31e-10 s                 ; 3.61e-10 s                 ; Yes                       ; Yes                       ;
; ~ALTERA_nCEO~ ; 2.5 V        ; 0 s                 ; 0 s                 ; 2.32 V                       ; 6.15e-07 V                   ; 2.35 V              ; -0.00712 V          ; 0.093 V                              ; 0.02 V                               ; 6.21e-10 s                  ; 7.9e-10 s                   ; Yes                        ; Yes                        ; 2.32 V                      ; 6.15e-07 V                  ; 2.35 V             ; -0.00712 V         ; 0.093 V                             ; 0.02 V                              ; 6.21e-10 s                 ; 7.9e-10 s                  ; Yes                       ; Yes                       ;
+---------------+--------------+---------------------+---------------------+------------------------------+------------------------------+---------------------+---------------------+--------------------------------------+--------------------------------------+-----------------------------+-----------------------------+----------------------------+----------------------------+-----------------------------+-----------------------------+--------------------+--------------------+-------------------------------------+-------------------------------------+----------------------------+----------------------------+---------------------------+---------------------------+


+--------------------------------------------------------------------------------------------------------------------------------------------------------------------------------------------------------------------------------------------------------------------------------------------------------------------------------------------------------------------------------------------------------------------------------------------------------------------------------------------------------------------------------------------------------------------------------------------------------------------------------------------------------------------------------------------+
; Signal Integrity Metrics (Fast 1200mv 0c Model)                                                                                                                                                                                                                                                                                                                                                                                                                                                                                                                                                                                                                                            ;
+---------------+--------------+---------------------+---------------------+------------------------------+------------------------------+---------------------+---------------------+--------------------------------------+--------------------------------------+-----------------------------+-----------------------------+----------------------------+----------------------------+-----------------------------+-----------------------------+--------------------+--------------------+-------------------------------------+-------------------------------------+----------------------------+----------------------------+---------------------------+---------------------------+
; Pin           ; I/O Standard ; Board Delay on Rise ; Board Delay on Fall ; Steady State Voh at FPGA Pin ; Steady State Vol at FPGA Pin ; Voh Max at FPGA Pin ; Vol Min at FPGA Pin ; Ringback Voltage on Rise at FPGA Pin ; Ringback Voltage on Fall at FPGA Pin ; 10-90 Rise Time at FPGA Pin ; 90-10 Fall Time at FPGA Pin ; Monotonic Rise at FPGA Pin ; Monotonic Fall at FPGA Pin ; Steady State Voh at Far-end ; Steady State Vol at Far-end ; Voh Max at Far-end ; Vol Min at Far-end ; Ringback Voltage on Rise at Far-end ; Ringback Voltage on Fall at Far-end ; 10-90 Rise Time at Far-end ; 90-10 Fall Time at Far-end ; Monotonic Rise at Far-end ; Monotonic Fall at Far-end ;
+---------------+--------------+---------------------+---------------------+------------------------------+------------------------------+---------------------+---------------------+--------------------------------------+--------------------------------------+-----------------------------+-----------------------------+----------------------------+----------------------------+-----------------------------+-----------------------------+--------------------+--------------------+-------------------------------------+-------------------------------------+----------------------------+----------------------------+---------------------------+---------------------------+
; product[0]    ; 2.5 V        ; 0 s                 ; 0 s                 ; 2.62 V                       ; 4.05e-08 V                   ; 2.72 V              ; -0.0349 V           ; 0.173 V                              ; 0.1 V                                ; 2.72e-10 s                  ; 2.69e-10 s                  ; Yes                        ; Yes                        ; 2.62 V                      ; 4.05e-08 V                  ; 2.72 V             ; -0.0349 V          ; 0.173 V                             ; 0.1 V                               ; 2.72e-10 s                 ; 2.69e-10 s                 ; Yes                       ; Yes                       ;
; product[1]    ; 2.5 V        ; 0 s                 ; 0 s                 ; 2.62 V                       ; 4.05e-08 V                   ; 2.72 V              ; -0.0349 V           ; 0.173 V                              ; 0.1 V                                ; 2.72e-10 s                  ; 2.69e-10 s                  ; Yes                        ; Yes                        ; 2.62 V                      ; 4.05e-08 V                  ; 2.72 V             ; -0.0349 V          ; 0.173 V                             ; 0.1 V                               ; 2.72e-10 s                 ; 2.69e-10 s                 ; Yes                       ; Yes                       ;
; product[2]    ; 2.5 V        ; 0 s                 ; 0 s                 ; 2.62 V                       ; 4.05e-08 V                   ; 2.72 V              ; -0.0349 V           ; 0.173 V                              ; 0.1 V                                ; 2.72e-10 s                  ; 2.69e-10 s                  ; Yes                        ; Yes                        ; 2.62 V                      ; 4.05e-08 V                  ; 2.72 V             ; -0.0349 V          ; 0.173 V                             ; 0.1 V                               ; 2.72e-10 s                 ; 2.69e-10 s                 ; Yes                       ; Yes                       ;
; product[3]    ; 2.5 V        ; 0 s                 ; 0 s                 ; 2.62 V                       ; 4.05e-08 V                   ; 2.72 V              ; -0.0349 V           ; 0.173 V                              ; 0.1 V                                ; 2.72e-10 s                  ; 2.69e-10 s                  ; Yes                        ; Yes                        ; 2.62 V                      ; 4.05e-08 V                  ; 2.72 V             ; -0.0349 V          ; 0.173 V                             ; 0.1 V                               ; 2.72e-10 s                 ; 2.69e-10 s                 ; Yes                       ; Yes                       ;
; product[4]    ; 2.5 V        ; 0 s                 ; 0 s                 ; 2.62 V                       ; 4.05e-08 V                   ; 2.72 V              ; -0.0349 V           ; 0.173 V                              ; 0.1 V                                ; 2.72e-10 s                  ; 2.69e-10 s                  ; Yes                        ; Yes                        ; 2.62 V                      ; 4.05e-08 V                  ; 2.72 V             ; -0.0349 V          ; 0.173 V                             ; 0.1 V                               ; 2.72e-10 s                 ; 2.69e-10 s                 ; Yes                       ; Yes                       ;
; product[5]    ; 2.5 V        ; 0 s                 ; 0 s                 ; 2.62 V                       ; 4.05e-08 V                   ; 2.64 V              ; -0.0113 V           ; 0.208 V                              ; 0.179 V                              ; 2.38e-09 s                  ; 2.23e-09 s                  ; No                         ; Yes                        ; 2.62 V                      ; 4.05e-08 V                  ; 2.64 V             ; -0.0113 V          ; 0.208 V                             ; 0.179 V                             ; 2.38e-09 s                 ; 2.23e-09 s                 ; No                        ; Yes                       ;
; product[6]    ; 2.5 V        ; 0 s                 ; 0 s                 ; 2.62 V                       ; 4.05e-08 V                   ; 2.72 V              ; -0.0349 V           ; 0.173 V                              ; 0.1 V                                ; 2.72e-10 s                  ; 2.69e-10 s                  ; Yes                        ; Yes                        ; 2.62 V                      ; 4.05e-08 V                  ; 2.72 V             ; -0.0349 V          ; 0.173 V                             ; 0.1 V                               ; 2.72e-10 s                 ; 2.69e-10 s                 ; Yes                       ; Yes                       ;
; product[7]    ; 2.5 V        ; 0 s                 ; 0 s                 ; 2.62 V                       ; 4.05e-08 V                   ; 2.72 V              ; -0.0349 V           ; 0.173 V                              ; 0.1 V                                ; 2.72e-10 s                  ; 2.69e-10 s                  ; Yes                        ; Yes                        ; 2.62 V                      ; 4.05e-08 V                  ; 2.72 V             ; -0.0349 V          ; 0.173 V                             ; 0.1 V                               ; 2.72e-10 s                 ; 2.69e-10 s                 ; Yes                       ; Yes                       ;
; product[8]    ; 2.5 V        ; 0 s                 ; 0 s                 ; 2.62 V                       ; 4.05e-08 V                   ; 2.72 V              ; -0.0349 V           ; 0.173 V                              ; 0.1 V                                ; 2.72e-10 s                  ; 2.69e-10 s                  ; Yes                        ; Yes                        ; 2.62 V                      ; 4.05e-08 V                  ; 2.72 V             ; -0.0349 V          ; 0.173 V                             ; 0.1 V                               ; 2.72e-10 s                 ; 2.69e-10 s                 ; Yes                       ; Yes                       ;
; product[9]    ; 2.5 V        ; 0 s                 ; 0 s                 ; 2.62 V                       ; 4.05e-08 V                   ; 2.72 V              ; -0.0349 V           ; 0.173 V                              ; 0.1 V                                ; 2.72e-10 s                  ; 2.69e-10 s                  ; Yes                        ; Yes                        ; 2.62 V                      ; 4.05e-08 V                  ; 2.72 V             ; -0.0349 V          ; 0.173 V                             ; 0.1 V                               ; 2.72e-10 s                 ; 2.69e-10 s                 ; Yes                       ; Yes                       ;
; product[10]   ; 2.5 V        ; 0 s                 ; 0 s                 ; 2.62 V                       ; 4.05e-08 V                   ; 2.72 V              ; -0.0349 V           ; 0.173 V                              ; 0.1 V                                ; 2.72e-10 s                  ; 2.69e-10 s                  ; Yes                        ; Yes                        ; 2.62 V                      ; 4.05e-08 V                  ; 2.72 V             ; -0.0349 V          ; 0.173 V                             ; 0.1 V                               ; 2.72e-10 s                 ; 2.69e-10 s                 ; Yes                       ; Yes                       ;
; product[11]   ; 2.5 V        ; 0 s                 ; 0 s                 ; 2.62 V                       ; 4.05e-08 V                   ; 2.72 V              ; -0.0349 V           ; 0.173 V                              ; 0.1 V                                ; 2.72e-10 s                  ; 2.69e-10 s                  ; Yes                        ; Yes                        ; 2.62 V                      ; 4.05e-08 V                  ; 2.72 V             ; -0.0349 V          ; 0.173 V                             ; 0.1 V                               ; 2.72e-10 s                 ; 2.69e-10 s                 ; Yes                       ; Yes                       ;
; product[12]   ; 2.5 V        ; 0 s                 ; 0 s                 ; 2.62 V                       ; 2.74e-08 V                   ; 2.71 V              ; -0.0317 V           ; 0.148 V                              ; 0.064 V                              ; 4.51e-10 s                  ; 4.15e-10 s                  ; No                         ; Yes                        ; 2.62 V                      ; 2.74e-08 V                  ; 2.71 V             ; -0.0317 V          ; 0.148 V                             ; 0.064 V                             ; 4.51e-10 s                 ; 4.15e-10 s                 ; No                        ; Yes                       ;
; product[13]   ; 2.5 V        ; 0 s                 ; 0 s                 ; 2.62 V                       ; 2.74e-08 V                   ; 2.64 V              ; -0.0117 V           ; 0.202 V                              ; 0.176 V                              ; 2.38e-09 s                  ; 2.22e-09 s                  ; No                         ; Yes                        ; 2.62 V                      ; 2.74e-08 V                  ; 2.64 V             ; -0.0117 V          ; 0.202 V                             ; 0.176 V                             ; 2.38e-09 s                 ; 2.22e-09 s                 ; No                        ; Yes                       ;
; product[14]   ; 2.5 V        ; 0 s                 ; 0 s                 ; 2.62 V                       ; 4.05e-08 V                   ; 2.72 V              ; -0.0349 V           ; 0.173 V                              ; 0.1 V                                ; 2.72e-10 s                  ; 2.69e-10 s                  ; Yes                        ; Yes                        ; 2.62 V                      ; 4.05e-08 V                  ; 2.72 V             ; -0.0349 V          ; 0.173 V                             ; 0.1 V                               ; 2.72e-10 s                 ; 2.69e-10 s                 ; Yes                       ; Yes                       ;
; product[15]   ; 2.5 V        ; 0 s                 ; 0 s                 ; 2.62 V                       ; 4.05e-08 V                   ; 2.72 V              ; -0.0349 V           ; 0.173 V                              ; 0.1 V                                ; 2.72e-10 s                  ; 2.69e-10 s                  ; Yes                        ; Yes                        ; 2.62 V                      ; 4.05e-08 V                  ; 2.72 V             ; -0.0349 V          ; 0.173 V                             ; 0.1 V                               ; 2.72e-10 s                 ; 2.69e-10 s                 ; Yes                       ; Yes                       ;
; product[16]   ; 2.5 V        ; 0 s                 ; 0 s                 ; 2.62 V                       ; 4.05e-08 V                   ; 2.72 V              ; -0.0349 V           ; 0.173 V                              ; 0.1 V                                ; 2.72e-10 s                  ; 2.69e-10 s                  ; Yes                        ; Yes                        ; 2.62 V                      ; 4.05e-08 V                  ; 2.72 V             ; -0.0349 V          ; 0.173 V                             ; 0.1 V                               ; 2.72e-10 s                 ; 2.69e-10 s                 ; Yes                       ; Yes                       ;
; product[17]   ; 2.5 V        ; 0 s                 ; 0 s                 ; 2.62 V                       ; 4.05e-08 V                   ; 2.72 V              ; -0.0349 V           ; 0.173 V                              ; 0.1 V                                ; 2.72e-10 s                  ; 2.69e-10 s                  ; Yes                        ; Yes                        ; 2.62 V                      ; 4.05e-08 V                  ; 2.72 V             ; -0.0349 V          ; 0.173 V                             ; 0.1 V                               ; 2.72e-10 s                 ; 2.69e-10 s                 ; Yes                       ; Yes                       ;
; product[18]   ; 2.5 V        ; 0 s                 ; 0 s                 ; 2.62 V                       ; 4.05e-08 V                   ; 2.72 V              ; -0.0349 V           ; 0.173 V                              ; 0.1 V                                ; 2.72e-10 s                  ; 2.69e-10 s                  ; Yes                        ; Yes                        ; 2.62 V                      ; 4.05e-08 V                  ; 2.72 V             ; -0.0349 V          ; 0.173 V                             ; 0.1 V                               ; 2.72e-10 s                 ; 2.69e-10 s                 ; Yes                       ; Yes                       ;
; product[19]   ; 2.5 V        ; 0 s                 ; 0 s                 ; 2.62 V                       ; 4.05e-08 V                   ; 2.72 V              ; -0.0349 V           ; 0.173 V                              ; 0.1 V                                ; 2.72e-10 s                  ; 2.69e-10 s                  ; Yes                        ; Yes                        ; 2.62 V                      ; 4.05e-08 V                  ; 2.72 V             ; -0.0349 V          ; 0.173 V                             ; 0.1 V                               ; 2.72e-10 s                 ; 2.69e-10 s                 ; Yes                       ; Yes                       ;
; product[20]   ; 2.5 V        ; 0 s                 ; 0 s                 ; 2.62 V                       ; 4.05e-08 V                   ; 2.72 V              ; -0.0349 V           ; 0.173 V                              ; 0.1 V                                ; 2.72e-10 s                  ; 2.69e-10 s                  ; Yes                        ; Yes                        ; 2.62 V                      ; 4.05e-08 V                  ; 2.72 V             ; -0.0349 V          ; 0.173 V                             ; 0.1 V                               ; 2.72e-10 s                 ; 2.69e-10 s                 ; Yes                       ; Yes                       ;
; product[21]   ; 2.5 V        ; 0 s                 ; 0 s                 ; 2.62 V                       ; 4.05e-08 V                   ; 2.72 V              ; -0.0349 V           ; 0.173 V                              ; 0.1 V                                ; 2.72e-10 s                  ; 2.69e-10 s                  ; Yes                        ; Yes                        ; 2.62 V                      ; 4.05e-08 V                  ; 2.72 V             ; -0.0349 V          ; 0.173 V                             ; 0.1 V                               ; 2.72e-10 s                 ; 2.69e-10 s                 ; Yes                       ; Yes                       ;
; product[22]   ; 2.5 V        ; 0 s                 ; 0 s                 ; 2.62 V                       ; 4.05e-08 V                   ; 2.72 V              ; -0.0349 V           ; 0.173 V                              ; 0.1 V                                ; 2.72e-10 s                  ; 2.69e-10 s                  ; Yes                        ; Yes                        ; 2.62 V                      ; 4.05e-08 V                  ; 2.72 V             ; -0.0349 V          ; 0.173 V                             ; 0.1 V                               ; 2.72e-10 s                 ; 2.69e-10 s                 ; Yes                       ; Yes                       ;
; product[23]   ; 2.5 V        ; 0 s                 ; 0 s                 ; 2.62 V                       ; 4.05e-08 V                   ; 2.72 V              ; -0.0349 V           ; 0.173 V                              ; 0.1 V                                ; 2.72e-10 s                  ; 2.69e-10 s                  ; Yes                        ; Yes                        ; 2.62 V                      ; 4.05e-08 V                  ; 2.72 V             ; -0.0349 V          ; 0.173 V                             ; 0.1 V                               ; 2.72e-10 s                 ; 2.69e-10 s                 ; Yes                       ; Yes                       ;
; product[24]   ; 2.5 V        ; 0 s                 ; 0 s                 ; 2.62 V                       ; 4.05e-08 V                   ; 2.72 V              ; -0.0349 V           ; 0.173 V                              ; 0.1 V                                ; 2.72e-10 s                  ; 2.69e-10 s                  ; Yes                        ; Yes                        ; 2.62 V                      ; 4.05e-08 V                  ; 2.72 V             ; -0.0349 V          ; 0.173 V                             ; 0.1 V                               ; 2.72e-10 s                 ; 2.69e-10 s                 ; Yes                       ; Yes                       ;
; product[25]   ; 2.5 V        ; 0 s                 ; 0 s                 ; 2.62 V                       ; 4.05e-08 V                   ; 2.72 V              ; -0.0349 V           ; 0.173 V                              ; 0.1 V                                ; 2.72e-10 s                  ; 2.69e-10 s                  ; Yes                        ; Yes                        ; 2.62 V                      ; 4.05e-08 V                  ; 2.72 V             ; -0.0349 V          ; 0.173 V                             ; 0.1 V                               ; 2.72e-10 s                 ; 2.69e-10 s                 ; Yes                       ; Yes                       ;
; product[26]   ; 2.5 V        ; 0 s                 ; 0 s                 ; 2.62 V                       ; 4.05e-08 V                   ; 2.72 V              ; -0.0349 V           ; 0.173 V                              ; 0.1 V                                ; 2.72e-10 s                  ; 2.69e-10 s                  ; Yes                        ; Yes                        ; 2.62 V                      ; 4.05e-08 V                  ; 2.72 V             ; -0.0349 V          ; 0.173 V                             ; 0.1 V                               ; 2.72e-10 s                 ; 2.69e-10 s                 ; Yes                       ; Yes                       ;
; product[27]   ; 2.5 V        ; 0 s                 ; 0 s                 ; 2.62 V                       ; 4.05e-08 V                   ; 2.72 V              ; -0.0349 V           ; 0.173 V                              ; 0.1 V                                ; 2.72e-10 s                  ; 2.69e-10 s                  ; Yes                        ; Yes                        ; 2.62 V                      ; 4.05e-08 V                  ; 2.72 V             ; -0.0349 V          ; 0.173 V                             ; 0.1 V                               ; 2.72e-10 s                 ; 2.69e-10 s                 ; Yes                       ; Yes                       ;
; product[28]   ; 2.5 V        ; 0 s                 ; 0 s                 ; 2.62 V                       ; 4.05e-08 V                   ; 2.72 V              ; -0.0349 V           ; 0.173 V                              ; 0.1 V                                ; 2.72e-10 s                  ; 2.69e-10 s                  ; Yes                        ; Yes                        ; 2.62 V                      ; 4.05e-08 V                  ; 2.72 V             ; -0.0349 V          ; 0.173 V                             ; 0.1 V                               ; 2.72e-10 s                 ; 2.69e-10 s                 ; Yes                       ; Yes                       ;
; product[29]   ; 2.5 V        ; 0 s                 ; 0 s                 ; 2.62 V                       ; 4.05e-08 V                   ; 2.72 V              ; -0.0349 V           ; 0.173 V                              ; 0.1 V                                ; 2.72e-10 s                  ; 2.69e-10 s                  ; Yes                        ; Yes                        ; 2.62 V                      ; 4.05e-08 V                  ; 2.72 V             ; -0.0349 V          ; 0.173 V                             ; 0.1 V                               ; 2.72e-10 s                 ; 2.69e-10 s                 ; Yes                       ; Yes                       ;
; product[30]   ; 2.5 V        ; 0 s                 ; 0 s                 ; 2.62 V                       ; 4.05e-08 V                   ; 2.72 V              ; -0.0349 V           ; 0.173 V                              ; 0.1 V                                ; 2.72e-10 s                  ; 2.69e-10 s                  ; Yes                        ; Yes                        ; 2.62 V                      ; 4.05e-08 V                  ; 2.72 V             ; -0.0349 V          ; 0.173 V                             ; 0.1 V                               ; 2.72e-10 s                 ; 2.69e-10 s                 ; Yes                       ; Yes                       ;
; product[31]   ; 2.5 V        ; 0 s                 ; 0 s                 ; 2.62 V                       ; 4.05e-08 V                   ; 2.64 V              ; -0.0113 V           ; 0.208 V                              ; 0.179 V                              ; 2.38e-09 s                  ; 2.23e-09 s                  ; No                         ; Yes                        ; 2.62 V                      ; 4.05e-08 V                  ; 2.64 V             ; -0.0113 V          ; 0.208 V                             ; 0.179 V                             ; 2.38e-09 s                 ; 2.23e-09 s                 ; No                        ; Yes                       ;
; product[32]   ; 2.5 V        ; 0 s                 ; 0 s                 ; 2.62 V                       ; 4.05e-08 V                   ; 2.72 V              ; -0.0349 V           ; 0.173 V                              ; 0.1 V                                ; 2.72e-10 s                  ; 2.69e-10 s                  ; Yes                        ; Yes                        ; 2.62 V                      ; 4.05e-08 V                  ; 2.72 V             ; -0.0349 V          ; 0.173 V                             ; 0.1 V                               ; 2.72e-10 s                 ; 2.69e-10 s                 ; Yes                       ; Yes                       ;
; product[33]   ; 2.5 V        ; 0 s                 ; 0 s                 ; 2.62 V                       ; 4.05e-08 V                   ; 2.72 V              ; -0.0349 V           ; 0.173 V                              ; 0.1 V                                ; 2.72e-10 s                  ; 2.69e-10 s                  ; Yes                        ; Yes                        ; 2.62 V                      ; 4.05e-08 V                  ; 2.72 V             ; -0.0349 V          ; 0.173 V                             ; 0.1 V                               ; 2.72e-10 s                 ; 2.69e-10 s                 ; Yes                       ; Yes                       ;
; product[34]   ; 2.5 V        ; 0 s                 ; 0 s                 ; 2.62 V                       ; 4.05e-08 V                   ; 2.72 V              ; -0.0349 V           ; 0.173 V                              ; 0.1 V                                ; 2.72e-10 s                  ; 2.69e-10 s                  ; Yes                        ; Yes                        ; 2.62 V                      ; 4.05e-08 V                  ; 2.72 V             ; -0.0349 V          ; 0.173 V                             ; 0.1 V                               ; 2.72e-10 s                 ; 2.69e-10 s                 ; Yes                       ; Yes                       ;
; product[35]   ; 2.5 V        ; 0 s                 ; 0 s                 ; 2.62 V                       ; 4.05e-08 V                   ; 2.72 V              ; -0.0349 V           ; 0.173 V                              ; 0.1 V                                ; 2.72e-10 s                  ; 2.69e-10 s                  ; Yes                        ; Yes                        ; 2.62 V                      ; 4.05e-08 V                  ; 2.72 V             ; -0.0349 V          ; 0.173 V                             ; 0.1 V                               ; 2.72e-10 s                 ; 2.69e-10 s                 ; Yes                       ; Yes                       ;
; product[36]   ; 2.5 V        ; 0 s                 ; 0 s                 ; 2.62 V                       ; 4.05e-08 V                   ; 2.72 V              ; -0.0349 V           ; 0.173 V                              ; 0.1 V                                ; 2.72e-10 s                  ; 2.69e-10 s                  ; Yes                        ; Yes                        ; 2.62 V                      ; 4.05e-08 V                  ; 2.72 V             ; -0.0349 V          ; 0.173 V                             ; 0.1 V                               ; 2.72e-10 s                 ; 2.69e-10 s                 ; Yes                       ; Yes                       ;
; product[37]   ; 2.5 V        ; 0 s                 ; 0 s                 ; 2.62 V                       ; 4.05e-08 V                   ; 2.72 V              ; -0.0349 V           ; 0.173 V                              ; 0.1 V                                ; 2.72e-10 s                  ; 2.69e-10 s                  ; Yes                        ; Yes                        ; 2.62 V                      ; 4.05e-08 V                  ; 2.72 V             ; -0.0349 V          ; 0.173 V                             ; 0.1 V                               ; 2.72e-10 s                 ; 2.69e-10 s                 ; Yes                       ; Yes                       ;
; product[38]   ; 2.5 V        ; 0 s                 ; 0 s                 ; 2.62 V                       ; 4.05e-08 V                   ; 2.72 V              ; -0.0349 V           ; 0.173 V                              ; 0.1 V                                ; 2.72e-10 s                  ; 2.69e-10 s                  ; Yes                        ; Yes                        ; 2.62 V                      ; 4.05e-08 V                  ; 2.72 V             ; -0.0349 V          ; 0.173 V                             ; 0.1 V                               ; 2.72e-10 s                 ; 2.69e-10 s                 ; Yes                       ; Yes                       ;
; product[39]   ; 2.5 V        ; 0 s                 ; 0 s                 ; 2.62 V                       ; 4.05e-08 V                   ; 2.72 V              ; -0.0349 V           ; 0.173 V                              ; 0.1 V                                ; 2.72e-10 s                  ; 2.69e-10 s                  ; Yes                        ; Yes                        ; 2.62 V                      ; 4.05e-08 V                  ; 2.72 V             ; -0.0349 V          ; 0.173 V                             ; 0.1 V                               ; 2.72e-10 s                 ; 2.69e-10 s                 ; Yes                       ; Yes                       ;
; product[40]   ; 2.5 V        ; 0 s                 ; 0 s                 ; 2.62 V                       ; 4.05e-08 V                   ; 2.72 V              ; -0.0349 V           ; 0.173 V                              ; 0.1 V                                ; 2.72e-10 s                  ; 2.69e-10 s                  ; Yes                        ; Yes                        ; 2.62 V                      ; 4.05e-08 V                  ; 2.72 V             ; -0.0349 V          ; 0.173 V                             ; 0.1 V                               ; 2.72e-10 s                 ; 2.69e-10 s                 ; Yes                       ; Yes                       ;
; product[41]   ; 2.5 V        ; 0 s                 ; 0 s                 ; 2.62 V                       ; 4.05e-08 V                   ; 2.72 V              ; -0.0349 V           ; 0.173 V                              ; 0.1 V                                ; 2.72e-10 s                  ; 2.69e-10 s                  ; Yes                        ; Yes                        ; 2.62 V                      ; 4.05e-08 V                  ; 2.72 V             ; -0.0349 V          ; 0.173 V                             ; 0.1 V                               ; 2.72e-10 s                 ; 2.69e-10 s                 ; Yes                       ; Yes                       ;
; product[42]   ; 2.5 V        ; 0 s                 ; 0 s                 ; 2.62 V                       ; 4.05e-08 V                   ; 2.72 V              ; -0.0349 V           ; 0.173 V                              ; 0.1 V                                ; 2.72e-10 s                  ; 2.69e-10 s                  ; Yes                        ; Yes                        ; 2.62 V                      ; 4.05e-08 V                  ; 2.72 V             ; -0.0349 V          ; 0.173 V                             ; 0.1 V                               ; 2.72e-10 s                 ; 2.69e-10 s                 ; Yes                       ; Yes                       ;
; product[43]   ; 2.5 V        ; 0 s                 ; 0 s                 ; 2.62 V                       ; 4.05e-08 V                   ; 2.72 V              ; -0.0349 V           ; 0.173 V                              ; 0.1 V                                ; 2.72e-10 s                  ; 2.69e-10 s                  ; Yes                        ; Yes                        ; 2.62 V                      ; 4.05e-08 V                  ; 2.72 V             ; -0.0349 V          ; 0.173 V                             ; 0.1 V                               ; 2.72e-10 s                 ; 2.69e-10 s                 ; Yes                       ; Yes                       ;
; product[44]   ; 2.5 V        ; 0 s                 ; 0 s                 ; 2.62 V                       ; 4.05e-08 V                   ; 2.72 V              ; -0.0349 V           ; 0.173 V                              ; 0.1 V                                ; 2.72e-10 s                  ; 2.69e-10 s                  ; Yes                        ; Yes                        ; 2.62 V                      ; 4.05e-08 V                  ; 2.72 V             ; -0.0349 V          ; 0.173 V                             ; 0.1 V                               ; 2.72e-10 s                 ; 2.69e-10 s                 ; Yes                       ; Yes                       ;
; product[45]   ; 2.5 V        ; 0 s                 ; 0 s                 ; 2.62 V                       ; 4.05e-08 V                   ; 2.72 V              ; -0.0349 V           ; 0.173 V                              ; 0.1 V                                ; 2.72e-10 s                  ; 2.69e-10 s                  ; Yes                        ; Yes                        ; 2.62 V                      ; 4.05e-08 V                  ; 2.72 V             ; -0.0349 V          ; 0.173 V                             ; 0.1 V                               ; 2.72e-10 s                 ; 2.69e-10 s                 ; Yes                       ; Yes                       ;
; product[46]   ; 2.5 V        ; 0 s                 ; 0 s                 ; 2.62 V                       ; 4.05e-08 V                   ; 2.72 V              ; -0.0349 V           ; 0.173 V                              ; 0.1 V                                ; 2.72e-10 s                  ; 2.69e-10 s                  ; Yes                        ; Yes                        ; 2.62 V                      ; 4.05e-08 V                  ; 2.72 V             ; -0.0349 V          ; 0.173 V                             ; 0.1 V                               ; 2.72e-10 s                 ; 2.69e-10 s                 ; Yes                       ; Yes                       ;
; product[47]   ; 2.5 V        ; 0 s                 ; 0 s                 ; 2.62 V                       ; 4.05e-08 V                   ; 2.72 V              ; -0.0349 V           ; 0.173 V                              ; 0.1 V                                ; 2.72e-10 s                  ; 2.69e-10 s                  ; Yes                        ; Yes                        ; 2.62 V                      ; 4.05e-08 V                  ; 2.72 V             ; -0.0349 V          ; 0.173 V                             ; 0.1 V                               ; 2.72e-10 s                 ; 2.69e-10 s                 ; Yes                       ; Yes                       ;
; product[48]   ; 2.5 V        ; 0 s                 ; 0 s                 ; 2.62 V                       ; 4.05e-08 V                   ; 2.72 V              ; -0.0349 V           ; 0.173 V                              ; 0.1 V                                ; 2.72e-10 s                  ; 2.69e-10 s                  ; Yes                        ; Yes                        ; 2.62 V                      ; 4.05e-08 V                  ; 2.72 V             ; -0.0349 V          ; 0.173 V                             ; 0.1 V                               ; 2.72e-10 s                 ; 2.69e-10 s                 ; Yes                       ; Yes                       ;
; product[49]   ; 2.5 V        ; 0 s                 ; 0 s                 ; 2.62 V                       ; 4.05e-08 V                   ; 2.72 V              ; -0.0349 V           ; 0.173 V                              ; 0.1 V                                ; 2.72e-10 s                  ; 2.69e-10 s                  ; Yes                        ; Yes                        ; 2.62 V                      ; 4.05e-08 V                  ; 2.72 V             ; -0.0349 V          ; 0.173 V                             ; 0.1 V                               ; 2.72e-10 s                 ; 2.69e-10 s                 ; Yes                       ; Yes                       ;
; product[50]   ; 2.5 V        ; 0 s                 ; 0 s                 ; 2.62 V                       ; 4.05e-08 V                   ; 2.72 V              ; -0.0349 V           ; 0.173 V                              ; 0.1 V                                ; 2.72e-10 s                  ; 2.69e-10 s                  ; Yes                        ; Yes                        ; 2.62 V                      ; 4.05e-08 V                  ; 2.72 V             ; -0.0349 V          ; 0.173 V                             ; 0.1 V                               ; 2.72e-10 s                 ; 2.69e-10 s                 ; Yes                       ; Yes                       ;
; product[51]   ; 2.5 V        ; 0 s                 ; 0 s                 ; 2.62 V                       ; 4.05e-08 V                   ; 2.72 V              ; -0.0349 V           ; 0.173 V                              ; 0.1 V                                ; 2.72e-10 s                  ; 2.69e-10 s                  ; Yes                        ; Yes                        ; 2.62 V                      ; 4.05e-08 V                  ; 2.72 V             ; -0.0349 V          ; 0.173 V                             ; 0.1 V                               ; 2.72e-10 s                 ; 2.69e-10 s                 ; Yes                       ; Yes                       ;
; product[52]   ; 2.5 V        ; 0 s                 ; 0 s                 ; 2.62 V                       ; 4.05e-08 V                   ; 2.72 V              ; -0.0349 V           ; 0.173 V                              ; 0.1 V                                ; 2.72e-10 s                  ; 2.69e-10 s                  ; Yes                        ; Yes                        ; 2.62 V                      ; 4.05e-08 V                  ; 2.72 V             ; -0.0349 V          ; 0.173 V                             ; 0.1 V                               ; 2.72e-10 s                 ; 2.69e-10 s                 ; Yes                       ; Yes                       ;
; product[53]   ; 2.5 V        ; 0 s                 ; 0 s                 ; 2.62 V                       ; 4.05e-08 V                   ; 2.72 V              ; -0.0349 V           ; 0.173 V                              ; 0.1 V                                ; 2.72e-10 s                  ; 2.69e-10 s                  ; Yes                        ; Yes                        ; 2.62 V                      ; 4.05e-08 V                  ; 2.72 V             ; -0.0349 V          ; 0.173 V                             ; 0.1 V                               ; 2.72e-10 s                 ; 2.69e-10 s                 ; Yes                       ; Yes                       ;
; product[54]   ; 2.5 V        ; 0 s                 ; 0 s                 ; 2.62 V                       ; 4.05e-08 V                   ; 2.72 V              ; -0.0349 V           ; 0.173 V                              ; 0.1 V                                ; 2.72e-10 s                  ; 2.69e-10 s                  ; Yes                        ; Yes                        ; 2.62 V                      ; 4.05e-08 V                  ; 2.72 V             ; -0.0349 V          ; 0.173 V                             ; 0.1 V                               ; 2.72e-10 s                 ; 2.69e-10 s                 ; Yes                       ; Yes                       ;
; product[55]   ; 2.5 V        ; 0 s                 ; 0 s                 ; 2.62 V                       ; 4.05e-08 V                   ; 2.72 V              ; -0.0349 V           ; 0.173 V                              ; 0.1 V                                ; 2.72e-10 s                  ; 2.69e-10 s                  ; Yes                        ; Yes                        ; 2.62 V                      ; 4.05e-08 V                  ; 2.72 V             ; -0.0349 V          ; 0.173 V                             ; 0.1 V                               ; 2.72e-10 s                 ; 2.69e-10 s                 ; Yes                       ; Yes                       ;
; product[56]   ; 2.5 V        ; 0 s                 ; 0 s                 ; 2.62 V                       ; 4.05e-08 V                   ; 2.72 V              ; -0.0349 V           ; 0.173 V                              ; 0.1 V                                ; 2.72e-10 s                  ; 2.69e-10 s                  ; Yes                        ; Yes                        ; 2.62 V                      ; 4.05e-08 V                  ; 2.72 V             ; -0.0349 V          ; 0.173 V                             ; 0.1 V                               ; 2.72e-10 s                 ; 2.69e-10 s                 ; Yes                       ; Yes                       ;
; product[57]   ; 2.5 V        ; 0 s                 ; 0 s                 ; 2.62 V                       ; 4.05e-08 V                   ; 2.72 V              ; -0.0349 V           ; 0.173 V                              ; 0.1 V                                ; 2.72e-10 s                  ; 2.69e-10 s                  ; Yes                        ; Yes                        ; 2.62 V                      ; 4.05e-08 V                  ; 2.72 V             ; -0.0349 V          ; 0.173 V                             ; 0.1 V                               ; 2.72e-10 s                 ; 2.69e-10 s                 ; Yes                       ; Yes                       ;
; product[58]   ; 2.5 V        ; 0 s                 ; 0 s                 ; 2.62 V                       ; 4.05e-08 V                   ; 2.72 V              ; -0.0349 V           ; 0.173 V                              ; 0.1 V                                ; 2.72e-10 s                  ; 2.69e-10 s                  ; Yes                        ; Yes                        ; 2.62 V                      ; 4.05e-08 V                  ; 2.72 V             ; -0.0349 V          ; 0.173 V                             ; 0.1 V                               ; 2.72e-10 s                 ; 2.69e-10 s                 ; Yes                       ; Yes                       ;
; product[59]   ; 2.5 V        ; 0 s                 ; 0 s                 ; 2.62 V                       ; 4.05e-08 V                   ; 2.72 V              ; -0.0349 V           ; 0.173 V                              ; 0.1 V                                ; 2.72e-10 s                  ; 2.69e-10 s                  ; Yes                        ; Yes                        ; 2.62 V                      ; 4.05e-08 V                  ; 2.72 V             ; -0.0349 V          ; 0.173 V                             ; 0.1 V                               ; 2.72e-10 s                 ; 2.69e-10 s                 ; Yes                       ; Yes                       ;
; product[60]   ; 2.5 V        ; 0 s                 ; 0 s                 ; 2.62 V                       ; 4.05e-08 V                   ; 2.72 V              ; -0.0349 V           ; 0.173 V                              ; 0.1 V                                ; 2.72e-10 s                  ; 2.69e-10 s                  ; Yes                        ; Yes                        ; 2.62 V                      ; 4.05e-08 V                  ; 2.72 V             ; -0.0349 V          ; 0.173 V                             ; 0.1 V                               ; 2.72e-10 s                 ; 2.69e-10 s                 ; Yes                       ; Yes                       ;
; product[61]   ; 2.5 V        ; 0 s                 ; 0 s                 ; 2.62 V                       ; 4.05e-08 V                   ; 2.72 V              ; -0.0349 V           ; 0.173 V                              ; 0.1 V                                ; 2.72e-10 s                  ; 2.69e-10 s                  ; Yes                        ; Yes                        ; 2.62 V                      ; 4.05e-08 V                  ; 2.72 V             ; -0.0349 V          ; 0.173 V                             ; 0.1 V                               ; 2.72e-10 s                 ; 2.69e-10 s                 ; Yes                       ; Yes                       ;
; product[62]   ; 2.5 V        ; 0 s                 ; 0 s                 ; 2.62 V                       ; 2.74e-08 V                   ; 2.71 V              ; -0.0317 V           ; 0.148 V                              ; 0.064 V                              ; 4.51e-10 s                  ; 4.15e-10 s                  ; No                         ; Yes                        ; 2.62 V                      ; 2.74e-08 V                  ; 2.71 V             ; -0.0317 V          ; 0.148 V                             ; 0.064 V                             ; 4.51e-10 s                 ; 4.15e-10 s                 ; No                        ; Yes                       ;
; product[63]   ; 2.5 V        ; 0 s                 ; 0 s                 ; 2.62 V                       ; 4.05e-08 V                   ; 2.72 V              ; -0.0349 V           ; 0.173 V                              ; 0.1 V                                ; 2.72e-10 s                  ; 2.69e-10 s                  ; Yes                        ; Yes                        ; 2.62 V                      ; 4.05e-08 V                  ; 2.72 V             ; -0.0349 V          ; 0.173 V                             ; 0.1 V                               ; 2.72e-10 s                 ; 2.69e-10 s                 ; Yes                       ; Yes                       ;
; done          ; 2.5 V        ; 0 s                 ; 0 s                 ; 2.62 V                       ; 4.05e-08 V                   ; 2.72 V              ; -0.0349 V           ; 0.173 V                              ; 0.1 V                                ; 2.72e-10 s                  ; 2.69e-10 s                  ; Yes                        ; Yes                        ; 2.62 V                      ; 4.05e-08 V                  ; 2.72 V             ; -0.0349 V          ; 0.173 V                             ; 0.1 V                               ; 2.72e-10 s                 ; 2.69e-10 s                 ; Yes                       ; Yes                       ;
; ~ALTERA_DCLK~ ; 2.5 V        ; 0 s                 ; 0 s                 ; 2.62 V                       ; 2.22e-08 V                   ; 2.74 V              ; -0.06 V             ; 0.158 V                              ; 0.08 V                               ; 2.68e-10 s                  ; 2.19e-10 s                  ; Yes                        ; Yes                        ; 2.62 V                      ; 2.22e-08 V                  ; 2.74 V             ; -0.06 V            ; 0.158 V                             ; 0.08 V                              ; 2.68e-10 s                 ; 2.19e-10 s                 ; Yes                       ; Yes                       ;
; ~ALTERA_nCEO~ ; 2.5 V        ; 0 s                 ; 0 s                 ; 2.62 V                       ; 3.54e-08 V                   ; 2.7 V               ; -0.00943 V          ; 0.276 V                              ; 0.035 V                              ; 3.19e-10 s                  ; 4.99e-10 s                  ; No                         ; Yes                        ; 2.62 V                      ; 3.54e-08 V                  ; 2.7 V              ; -0.00943 V         ; 0.276 V                             ; 0.035 V                             ; 3.19e-10 s                 ; 4.99e-10 s                 ; No                        ; Yes                       ;
+---------------+--------------+---------------------+---------------------+------------------------------+------------------------------+---------------------+---------------------+--------------------------------------+--------------------------------------+-----------------------------+-----------------------------+----------------------------+----------------------------+-----------------------------+-----------------------------+--------------------+--------------------+-------------------------------------+-------------------------------------+----------------------------+----------------------------+---------------------------+---------------------------+


+-------------------------------------------------------------------+
; Setup Transfers                                                   ;
+------------+----------+----------+----------+----------+----------+
; From Clock ; To Clock ; RR Paths ; FR Paths ; RF Paths ; FF Paths ;
+------------+----------+----------+----------+----------+----------+
; clk        ; clk      ; 1612     ; 0        ; 0        ; 0        ;
+------------+----------+----------+----------+----------+----------+
Entries labeled "false path" only account for clock-to-clock false paths and not path-based false paths. As a result, actual path counts may be lower than reported.


+-------------------------------------------------------------------+
; Hold Transfers                                                    ;
+------------+----------+----------+----------+----------+----------+
; From Clock ; To Clock ; RR Paths ; FR Paths ; RF Paths ; FF Paths ;
+------------+----------+----------+----------+----------+----------+
; clk        ; clk      ; 1612     ; 0        ; 0        ; 0        ;
+------------+----------+----------+----------+----------+----------+
Entries labeled "false path" only account for clock-to-clock false paths and not path-based false paths. As a result, actual path counts may be lower than reported.


---------------
; Report TCCS ;
---------------
No dedicated SERDES Transmitter circuitry present in device or used in design


---------------
; Report RSKM ;
---------------
No non-DPA dedicated SERDES Receiver circuitry present in device or used in design


+------------------------------------------------+
; Unconstrained Paths Summary                    ;
+---------------------------------+-------+------+
; Property                        ; Setup ; Hold ;
+---------------------------------+-------+------+
; Illegal Clocks                  ; 0     ; 0    ;
; Unconstrained Clocks            ; 0     ; 0    ;
; Unconstrained Input Ports       ; 66    ; 66   ;
; Unconstrained Input Port Paths  ; 175   ; 175  ;
; Unconstrained Output Ports      ; 65    ; 65   ;
; Unconstrained Output Port Paths ; 65    ; 65   ;
+---------------------------------+-------+------+


+-------------------------------------+
; Clock Status Summary                ;
+--------+-------+------+-------------+
; Target ; Clock ; Type ; Status      ;
+--------+-------+------+-------------+
; clk    ; clk   ; Base ; Constrained ;
+--------+-------+------+-------------+


+------------------------------------------------------------------------------------------------------------+
; Unconstrained Input Ports                                                                                  ;
+---------------------+--------------------------------------------------------------------------------------+
; Input Port          ; Comment                                                                              ;
+---------------------+--------------------------------------------------------------------------------------+
; multiplicand_in[0]  ; No input delay, min/max delays, false-path exceptions, or max skew assignments found ;
; multiplicand_in[1]  ; No input delay, min/max delays, false-path exceptions, or max skew assignments found ;
; multiplicand_in[2]  ; No input delay, min/max delays, false-path exceptions, or max skew assignments found ;
; multiplicand_in[3]  ; No input delay, min/max delays, false-path exceptions, or max skew assignments found ;
; multiplicand_in[4]  ; No input delay, min/max delays, false-path exceptions, or max skew assignments found ;
; multiplicand_in[5]  ; No input delay, min/max delays, false-path exceptions, or max skew assignments found ;
; multiplicand_in[6]  ; No input delay, min/max delays, false-path exceptions, or max skew assignments found ;
; multiplicand_in[7]  ; No input delay, min/max delays, false-path exceptions, or max skew assignments found ;
; multiplicand_in[8]  ; No input delay, min/max delays, false-path exceptions, or max skew assignments found ;
; multiplicand_in[9]  ; No input delay, min/max delays, false-path exceptions, or max skew assignments found ;
; multiplicand_in[10] ; No input delay, min/max delays, false-path exceptions, or max skew assignments found ;
; multiplicand_in[11] ; No input delay, min/max delays, false-path exceptions, or max skew assignments found ;
; multiplicand_in[12] ; No input delay, min/max delays, false-path exceptions, or max skew assignments found ;
; multiplicand_in[13] ; No input delay, min/max delays, false-path exceptions, or max skew assignments found ;
; multiplicand_in[14] ; No input delay, min/max delays, false-path exceptions, or max skew assignments found ;
; multiplicand_in[15] ; No input delay, min/max delays, false-path exceptions, or max skew assignments found ;
; multiplicand_in[16] ; No input delay, min/max delays, false-path exceptions, or max skew assignments found ;
; multiplicand_in[17] ; No input delay, min/max delays, false-path exceptions, or max skew assignments found ;
; multiplicand_in[18] ; No input delay, min/max delays, false-path exceptions, or max skew assignments found ;
; multiplicand_in[19] ; No input delay, min/max delays, false-path exceptions, or max skew assignments found ;
; multiplicand_in[20] ; No input delay, min/max delays, false-path exceptions, or max skew assignments found ;
; multiplicand_in[21] ; No input delay, min/max delays, false-path exceptions, or max skew assignments found ;
; multiplicand_in[22] ; No input delay, min/max delays, false-path exceptions, or max skew assignments found ;
; multiplicand_in[23] ; No input delay, min/max delays, false-path exceptions, or max skew assignments found ;
; multiplicand_in[24] ; No input delay, min/max delays, false-path exceptions, or max skew assignments found ;
; multiplicand_in[25] ; No input delay, min/max delays, false-path exceptions, or max skew assignments found ;
; multiplicand_in[26] ; No input delay, min/max delays, false-path exceptions, or max skew assignments found ;
; multiplicand_in[27] ; No input delay, min/max delays, false-path exceptions, or max skew assignments found ;
; multiplicand_in[28] ; No input delay, min/max delays, false-path exceptions, or max skew assignments found ;
; multiplicand_in[29] ; No input delay, min/max delays, false-path exceptions, or max skew assignments found ;
; multiplicand_in[30] ; No input delay, min/max delays, false-path exceptions, or max skew assignments found ;
; multiplicand_in[31] ; No input delay, min/max delays, false-path exceptions, or max skew assignments found ;
; multiplier_in[0]    ; No input delay, min/max delays, false-path exceptions, or max skew assignments found ;
; multiplier_in[1]    ; No input delay, min/max delays, false-path exceptions, or max skew assignments found ;
; multiplier_in[2]    ; No input delay, min/max delays, false-path exceptions, or max skew assignments found ;
; multiplier_in[3]    ; No input delay, min/max delays, false-path exceptions, or max skew assignments found ;
; multiplier_in[4]    ; No input delay, min/max delays, false-path exceptions, or max skew assignments found ;
; multiplier_in[5]    ; No input delay, min/max delays, false-path exceptions, or max skew assignments found ;
; multiplier_in[6]    ; No input delay, min/max delays, false-path exceptions, or max skew assignments found ;
; multiplier_in[7]    ; No input delay, min/max delays, false-path exceptions, or max skew assignments found ;
; multiplier_in[8]    ; No input delay, min/max delays, false-path exceptions, or max skew assignments found ;
; multiplier_in[9]    ; No input delay, min/max delays, false-path exceptions, or max skew assignments found ;
; multiplier_in[10]   ; No input delay, min/max delays, false-path exceptions, or max skew assignments found ;
; multiplier_in[11]   ; No input delay, min/max delays, false-path exceptions, or max skew assignments found ;
; multiplier_in[12]   ; No input delay, min/max delays, false-path exceptions, or max skew assignments found ;
; multiplier_in[13]   ; No input delay, min/max delays, false-path exceptions, or max skew assignments found ;
; multiplier_in[14]   ; No input delay, min/max delays, false-path exceptions, or max skew assignments found ;
; multiplier_in[15]   ; No input delay, min/max delays, false-path exceptions, or max skew assignments found ;
; multiplier_in[16]   ; No input delay, min/max delays, false-path exceptions, or max skew assignments found ;
; multiplier_in[17]   ; No input delay, min/max delays, false-path exceptions, or max skew assignments found ;
; multiplier_in[18]   ; No input delay, min/max delays, false-path exceptions, or max skew assignments found ;
; multiplier_in[19]   ; No input delay, min/max delays, false-path exceptions, or max skew assignments found ;
; multiplier_in[20]   ; No input delay, min/max delays, false-path exceptions, or max skew assignments found ;
; multiplier_in[21]   ; No input delay, min/max delays, false-path exceptions, or max skew assignments found ;
; multiplier_in[22]   ; No input delay, min/max delays, false-path exceptions, or max skew assignments found ;
; multiplier_in[23]   ; No input delay, min/max delays, false-path exceptions, or max skew assignments found ;
; multiplier_in[24]   ; No input delay, min/max delays, false-path exceptions, or max skew assignments found ;
; multiplier_in[25]   ; No input delay, min/max delays, false-path exceptions, or max skew assignments found ;
; multiplier_in[26]   ; No input delay, min/max delays, false-path exceptions, or max skew assignments found ;
; multiplier_in[27]   ; No input delay, min/max delays, false-path exceptions, or max skew assignments found ;
; multiplier_in[28]   ; No input delay, min/max delays, false-path exceptions, or max skew assignments found ;
; multiplier_in[29]   ; No input delay, min/max delays, false-path exceptions, or max skew assignments found ;
; multiplier_in[30]   ; No input delay, min/max delays, false-path exceptions, or max skew assignments found ;
; multiplier_in[31]   ; No input delay, min/max delays, false-path exceptions, or max skew assignments found ;
; rst_n               ; No input delay, min/max delays, false-path exceptions, or max skew assignments found ;
; start               ; No input delay, min/max delays, false-path exceptions, or max skew assignments found ;
+---------------------+--------------------------------------------------------------------------------------+


+-----------------------------------------------------------------------------------------------------+
; Unconstrained Output Ports                                                                          ;
+-------------+---------------------------------------------------------------------------------------+
; Output Port ; Comment                                                                               ;
+-------------+---------------------------------------------------------------------------------------+
; done        ; No output delay, min/max delays, false-path exceptions, or max skew assignments found ;
; product[0]  ; No output delay, min/max delays, false-path exceptions, or max skew assignments found ;
; product[1]  ; No output delay, min/max delays, false-path exceptions, or max skew assignments found ;
; product[2]  ; No output delay, min/max delays, false-path exceptions, or max skew assignments found ;
; product[3]  ; No output delay, min/max delays, false-path exceptions, or max skew assignments found ;
; product[4]  ; No output delay, min/max delays, false-path exceptions, or max skew assignments found ;
; product[5]  ; No output delay, min/max delays, false-path exceptions, or max skew assignments found ;
; product[6]  ; No output delay, min/max delays, false-path exceptions, or max skew assignments found ;
; product[7]  ; No output delay, min/max delays, false-path exceptions, or max skew assignments found ;
; product[8]  ; No output delay, min/max delays, false-path exceptions, or max skew assignments found ;
; product[9]  ; No output delay, min/max delays, false-path exceptions, or max skew assignments found ;
; product[10] ; No output delay, min/max delays, false-path exceptions, or max skew assignments found ;
; product[11] ; No output delay, min/max delays, false-path exceptions, or max skew assignments found ;
; product[12] ; No output delay, min/max delays, false-path exceptions, or max skew assignments found ;
; product[13] ; No output delay, min/max delays, false-path exceptions, or max skew assignments found ;
; product[14] ; No output delay, min/max delays, false-path exceptions, or max skew assignments found ;
; product[15] ; No output delay, min/max delays, false-path exceptions, or max skew assignments found ;
; product[16] ; No output delay, min/max delays, false-path exceptions, or max skew assignments found ;
; product[17] ; No output delay, min/max delays, false-path exceptions, or max skew assignments found ;
; product[18] ; No output delay, min/max delays, false-path exceptions, or max skew assignments found ;
; product[19] ; No output delay, min/max delays, false-path exceptions, or max skew assignments found ;
; product[20] ; No output delay, min/max delays, false-path exceptions, or max skew assignments found ;
; product[21] ; No output delay, min/max delays, false-path exceptions, or max skew assignments found ;
; product[22] ; No output delay, min/max delays, false-path exceptions, or max skew assignments found ;
; product[23] ; No output delay, min/max delays, false-path exceptions, or max skew assignments found ;
; product[24] ; No output delay, min/max delays, false-path exceptions, or max skew assignments found ;
; product[25] ; No output delay, min/max delays, false-path exceptions, or max skew assignments found ;
; product[26] ; No output delay, min/max delays, false-path exceptions, or max skew assignments found ;
; product[27] ; No output delay, min/max delays, false-path exceptions, or max skew assignments found ;
; product[28] ; No output delay, min/max delays, false-path exceptions, or max skew assignments found ;
; product[29] ; No output delay, min/max delays, false-path exceptions, or max skew assignments found ;
; product[30] ; No output delay, min/max delays, false-path exceptions, or max skew assignments found ;
; product[31] ; No output delay, min/max delays, false-path exceptions, or max skew assignments found ;
; product[32] ; No output delay, min/max delays, false-path exceptions, or max skew assignments found ;
; product[33] ; No output delay, min/max delays, false-path exceptions, or max skew assignments found ;
; product[34] ; No output delay, min/max delays, false-path exceptions, or max skew assignments found ;
; product[35] ; No output delay, min/max delays, false-path exceptions, or max skew assignments found ;
; product[36] ; No output delay, min/max delays, false-path exceptions, or max skew assignments found ;
; product[37] ; No output delay, min/max delays, false-path exceptions, or max skew assignments found ;
; product[38] ; No output delay, min/max delays, false-path exceptions, or max skew assignments found ;
; product[39] ; No output delay, min/max delays, false-path exceptions, or max skew assignments found ;
; product[40] ; No output delay, min/max delays, false-path exceptions, or max skew assignments found ;
; product[41] ; No output delay, min/max delays, false-path exceptions, or max skew assignments found ;
; product[42] ; No output delay, min/max delays, false-path exceptions, or max skew assignments found ;
; product[43] ; No output delay, min/max delays, false-path exceptions, or max skew assignments found ;
; product[44] ; No output delay, min/max delays, false-path exceptions, or max skew assignments found ;
; product[45] ; No output delay, min/max delays, false-path exceptions, or max skew assignments found ;
; product[46] ; No output delay, min/max delays, false-path exceptions, or max skew assignments found ;
; product[47] ; No output delay, min/max delays, false-path exceptions, or max skew assignments found ;
; product[48] ; No output delay, min/max delays, false-path exceptions, or max skew assignments found ;
; product[49] ; No output delay, min/max delays, false-path exceptions, or max skew assignments found ;
; product[50] ; No output delay, min/max delays, false-path exceptions, or max skew assignments found ;
; product[51] ; No output delay, min/max delays, false-path exceptions, or max skew assignments found ;
; product[52] ; No output delay, min/max delays, false-path exceptions, or max skew assignments found ;
; product[53] ; No output delay, min/max delays, false-path exceptions, or max skew assignments found ;
; product[54] ; No output delay, min/max delays, false-path exceptions, or max skew assignments found ;
; product[55] ; No output delay, min/max delays, false-path exceptions, or max skew assignments found ;
; product[56] ; No output delay, min/max delays, false-path exceptions, or max skew assignments found ;
; product[57] ; No output delay, min/max delays, false-path exceptions, or max skew assignments found ;
; product[58] ; No output delay, min/max delays, false-path exceptions, or max skew assignments found ;
; product[59] ; No output delay, min/max delays, false-path exceptions, or max skew assignments found ;
; product[60] ; No output delay, min/max delays, false-path exceptions, or max skew assignments found ;
; product[61] ; No output delay, min/max delays, false-path exceptions, or max skew assignments found ;
; product[62] ; No output delay, min/max delays, false-path exceptions, or max skew assignments found ;
; product[63] ; No output delay, min/max delays, false-path exceptions, or max skew assignments found ;
+-------------+---------------------------------------------------------------------------------------+


+------------------------------------------------------------------------------------------------------------+
; Unconstrained Input Ports                                                                                  ;
+---------------------+--------------------------------------------------------------------------------------+
; Input Port          ; Comment                                                                              ;
+---------------------+--------------------------------------------------------------------------------------+
; multiplicand_in[0]  ; No input delay, min/max delays, false-path exceptions, or max skew assignments found ;
; multiplicand_in[1]  ; No input delay, min/max delays, false-path exceptions, or max skew assignments found ;
; multiplicand_in[2]  ; No input delay, min/max delays, false-path exceptions, or max skew assignments found ;
; multiplicand_in[3]  ; No input delay, min/max delays, false-path exceptions, or max skew assignments found ;
; multiplicand_in[4]  ; No input delay, min/max delays, false-path exceptions, or max skew assignments found ;
; multiplicand_in[5]  ; No input delay, min/max delays, false-path exceptions, or max skew assignments found ;
; multiplicand_in[6]  ; No input delay, min/max delays, false-path exceptions, or max skew assignments found ;
; multiplicand_in[7]  ; No input delay, min/max delays, false-path exceptions, or max skew assignments found ;
; multiplicand_in[8]  ; No input delay, min/max delays, false-path exceptions, or max skew assignments found ;
; multiplicand_in[9]  ; No input delay, min/max delays, false-path exceptions, or max skew assignments found ;
; multiplicand_in[10] ; No input delay, min/max delays, false-path exceptions, or max skew assignments found ;
; multiplicand_in[11] ; No input delay, min/max delays, false-path exceptions, or max skew assignments found ;
; multiplicand_in[12] ; No input delay, min/max delays, false-path exceptions, or max skew assignments found ;
; multiplicand_in[13] ; No input delay, min/max delays, false-path exceptions, or max skew assignments found ;
; multiplicand_in[14] ; No input delay, min/max delays, false-path exceptions, or max skew assignments found ;
; multiplicand_in[15] ; No input delay, min/max delays, false-path exceptions, or max skew assignments found ;
; multiplicand_in[16] ; No input delay, min/max delays, false-path exceptions, or max skew assignments found ;
; multiplicand_in[17] ; No input delay, min/max delays, false-path exceptions, or max skew assignments found ;
; multiplicand_in[18] ; No input delay, min/max delays, false-path exceptions, or max skew assignments found ;
; multiplicand_in[19] ; No input delay, min/max delays, false-path exceptions, or max skew assignments found ;
; multiplicand_in[20] ; No input delay, min/max delays, false-path exceptions, or max skew assignments found ;
; multiplicand_in[21] ; No input delay, min/max delays, false-path exceptions, or max skew assignments found ;
; multiplicand_in[22] ; No input delay, min/max delays, false-path exceptions, or max skew assignments found ;
; multiplicand_in[23] ; No input delay, min/max delays, false-path exceptions, or max skew assignments found ;
; multiplicand_in[24] ; No input delay, min/max delays, false-path exceptions, or max skew assignments found ;
; multiplicand_in[25] ; No input delay, min/max delays, false-path exceptions, or max skew assignments found ;
; multiplicand_in[26] ; No input delay, min/max delays, false-path exceptions, or max skew assignments found ;
; multiplicand_in[27] ; No input delay, min/max delays, false-path exceptions, or max skew assignments found ;
; multiplicand_in[28] ; No input delay, min/max delays, false-path exceptions, or max skew assignments found ;
; multiplicand_in[29] ; No input delay, min/max delays, false-path exceptions, or max skew assignments found ;
; multiplicand_in[30] ; No input delay, min/max delays, false-path exceptions, or max skew assignments found ;
; multiplicand_in[31] ; No input delay, min/max delays, false-path exceptions, or max skew assignments found ;
; multiplier_in[0]    ; No input delay, min/max delays, false-path exceptions, or max skew assignments found ;
; multiplier_in[1]    ; No input delay, min/max delays, false-path exceptions, or max skew assignments found ;
; multiplier_in[2]    ; No input delay, min/max delays, false-path exceptions, or max skew assignments found ;
; multiplier_in[3]    ; No input delay, min/max delays, false-path exceptions, or max skew assignments found ;
; multiplier_in[4]    ; No input delay, min/max delays, false-path exceptions, or max skew assignments found ;
; multiplier_in[5]    ; No input delay, min/max delays, false-path exceptions, or max skew assignments found ;
; multiplier_in[6]    ; No input delay, min/max delays, false-path exceptions, or max skew assignments found ;
; multiplier_in[7]    ; No input delay, min/max delays, false-path exceptions, or max skew assignments found ;
; multiplier_in[8]    ; No input delay, min/max delays, false-path exceptions, or max skew assignments found ;
; multiplier_in[9]    ; No input delay, min/max delays, false-path exceptions, or max skew assignments found ;
; multiplier_in[10]   ; No input delay, min/max delays, false-path exceptions, or max skew assignments found ;
; multiplier_in[11]   ; No input delay, min/max delays, false-path exceptions, or max skew assignments found ;
; multiplier_in[12]   ; No input delay, min/max delays, false-path exceptions, or max skew assignments found ;
; multiplier_in[13]   ; No input delay, min/max delays, false-path exceptions, or max skew assignments found ;
; multiplier_in[14]   ; No input delay, min/max delays, false-path exceptions, or max skew assignments found ;
; multiplier_in[15]   ; No input delay, min/max delays, false-path exceptions, or max skew assignments found ;
; multiplier_in[16]   ; No input delay, min/max delays, false-path exceptions, or max skew assignments found ;
; multiplier_in[17]   ; No input delay, min/max delays, false-path exceptions, or max skew assignments found ;
; multiplier_in[18]   ; No input delay, min/max delays, false-path exceptions, or max skew assignments found ;
; multiplier_in[19]   ; No input delay, min/max delays, false-path exceptions, or max skew assignments found ;
; multiplier_in[20]   ; No input delay, min/max delays, false-path exceptions, or max skew assignments found ;
; multiplier_in[21]   ; No input delay, min/max delays, false-path exceptions, or max skew assignments found ;
; multiplier_in[22]   ; No input delay, min/max delays, false-path exceptions, or max skew assignments found ;
; multiplier_in[23]   ; No input delay, min/max delays, false-path exceptions, or max skew assignments found ;
; multiplier_in[24]   ; No input delay, min/max delays, false-path exceptions, or max skew assignments found ;
; multiplier_in[25]   ; No input delay, min/max delays, false-path exceptions, or max skew assignments found ;
; multiplier_in[26]   ; No input delay, min/max delays, false-path exceptions, or max skew assignments found ;
; multiplier_in[27]   ; No input delay, min/max delays, false-path exceptions, or max skew assignments found ;
; multiplier_in[28]   ; No input delay, min/max delays, false-path exceptions, or max skew assignments found ;
; multiplier_in[29]   ; No input delay, min/max delays, false-path exceptions, or max skew assignments found ;
; multiplier_in[30]   ; No input delay, min/max delays, false-path exceptions, or max skew assignments found ;
; multiplier_in[31]   ; No input delay, min/max delays, false-path exceptions, or max skew assignments found ;
; rst_n               ; No input delay, min/max delays, false-path exceptions, or max skew assignments found ;
; start               ; No input delay, min/max delays, false-path exceptions, or max skew assignments found ;
+---------------------+--------------------------------------------------------------------------------------+


+-----------------------------------------------------------------------------------------------------+
; Unconstrained Output Ports                                                                          ;
+-------------+---------------------------------------------------------------------------------------+
; Output Port ; Comment                                                                               ;
+-------------+---------------------------------------------------------------------------------------+
; done        ; No output delay, min/max delays, false-path exceptions, or max skew assignments found ;
; product[0]  ; No output delay, min/max delays, false-path exceptions, or max skew assignments found ;
; product[1]  ; No output delay, min/max delays, false-path exceptions, or max skew assignments found ;
; product[2]  ; No output delay, min/max delays, false-path exceptions, or max skew assignments found ;
; product[3]  ; No output delay, min/max delays, false-path exceptions, or max skew assignments found ;
; product[4]  ; No output delay, min/max delays, false-path exceptions, or max skew assignments found ;
; product[5]  ; No output delay, min/max delays, false-path exceptions, or max skew assignments found ;
; product[6]  ; No output delay, min/max delays, false-path exceptions, or max skew assignments found ;
; product[7]  ; No output delay, min/max delays, false-path exceptions, or max skew assignments found ;
; product[8]  ; No output delay, min/max delays, false-path exceptions, or max skew assignments found ;
; product[9]  ; No output delay, min/max delays, false-path exceptions, or max skew assignments found ;
; product[10] ; No output delay, min/max delays, false-path exceptions, or max skew assignments found ;
; product[11] ; No output delay, min/max delays, false-path exceptions, or max skew assignments found ;
; product[12] ; No output delay, min/max delays, false-path exceptions, or max skew assignments found ;
; product[13] ; No output delay, min/max delays, false-path exceptions, or max skew assignments found ;
; product[14] ; No output delay, min/max delays, false-path exceptions, or max skew assignments found ;
; product[15] ; No output delay, min/max delays, false-path exceptions, or max skew assignments found ;
; product[16] ; No output delay, min/max delays, false-path exceptions, or max skew assignments found ;
; product[17] ; No output delay, min/max delays, false-path exceptions, or max skew assignments found ;
; product[18] ; No output delay, min/max delays, false-path exceptions, or max skew assignments found ;
; product[19] ; No output delay, min/max delays, false-path exceptions, or max skew assignments found ;
; product[20] ; No output delay, min/max delays, false-path exceptions, or max skew assignments found ;
; product[21] ; No output delay, min/max delays, false-path exceptions, or max skew assignments found ;
; product[22] ; No output delay, min/max delays, false-path exceptions, or max skew assignments found ;
; product[23] ; No output delay, min/max delays, false-path exceptions, or max skew assignments found ;
; product[24] ; No output delay, min/max delays, false-path exceptions, or max skew assignments found ;
; product[25] ; No output delay, min/max delays, false-path exceptions, or max skew assignments found ;
; product[26] ; No output delay, min/max delays, false-path exceptions, or max skew assignments found ;
; product[27] ; No output delay, min/max delays, false-path exceptions, or max skew assignments found ;
; product[28] ; No output delay, min/max delays, false-path exceptions, or max skew assignments found ;
; product[29] ; No output delay, min/max delays, false-path exceptions, or max skew assignments found ;
; product[30] ; No output delay, min/max delays, false-path exceptions, or max skew assignments found ;
; product[31] ; No output delay, min/max delays, false-path exceptions, or max skew assignments found ;
; product[32] ; No output delay, min/max delays, false-path exceptions, or max skew assignments found ;
; product[33] ; No output delay, min/max delays, false-path exceptions, or max skew assignments found ;
; product[34] ; No output delay, min/max delays, false-path exceptions, or max skew assignments found ;
; product[35] ; No output delay, min/max delays, false-path exceptions, or max skew assignments found ;
; product[36] ; No output delay, min/max delays, false-path exceptions, or max skew assignments found ;
; product[37] ; No output delay, min/max delays, false-path exceptions, or max skew assignments found ;
; product[38] ; No output delay, min/max delays, false-path exceptions, or max skew assignments found ;
; product[39] ; No output delay, min/max delays, false-path exceptions, or max skew assignments found ;
; product[40] ; No output delay, min/max delays, false-path exceptions, or max skew assignments found ;
; product[41] ; No output delay, min/max delays, false-path exceptions, or max skew assignments found ;
; product[42] ; No output delay, min/max delays, false-path exceptions, or max skew assignments found ;
; product[43] ; No output delay, min/max delays, false-path exceptions, or max skew assignments found ;
; product[44] ; No output delay, min/max delays, false-path exceptions, or max skew assignments found ;
; product[45] ; No output delay, min/max delays, false-path exceptions, or max skew assignments found ;
; product[46] ; No output delay, min/max delays, false-path exceptions, or max skew assignments found ;
; product[47] ; No output delay, min/max delays, false-path exceptions, or max skew assignments found ;
; product[48] ; No output delay, min/max delays, false-path exceptions, or max skew assignments found ;
; product[49] ; No output delay, min/max delays, false-path exceptions, or max skew assignments found ;
; product[50] ; No output delay, min/max delays, false-path exceptions, or max skew assignments found ;
; product[51] ; No output delay, min/max delays, false-path exceptions, or max skew assignments found ;
; product[52] ; No output delay, min/max delays, false-path exceptions, or max skew assignments found ;
; product[53] ; No output delay, min/max delays, false-path exceptions, or max skew assignments found ;
; product[54] ; No output delay, min/max delays, false-path exceptions, or max skew assignments found ;
; product[55] ; No output delay, min/max delays, false-path exceptions, or max skew assignments found ;
; product[56] ; No output delay, min/max delays, false-path exceptions, or max skew assignments found ;
; product[57] ; No output delay, min/max delays, false-path exceptions, or max skew assignments found ;
; product[58] ; No output delay, min/max delays, false-path exceptions, or max skew assignments found ;
; product[59] ; No output delay, min/max delays, false-path exceptions, or max skew assignments found ;
; product[60] ; No output delay, min/max delays, false-path exceptions, or max skew assignments found ;
; product[61] ; No output delay, min/max delays, false-path exceptions, or max skew assignments found ;
; product[62] ; No output delay, min/max delays, false-path exceptions, or max skew assignments found ;
; product[63] ; No output delay, min/max delays, false-path exceptions, or max skew assignments found ;
+-------------+---------------------------------------------------------------------------------------+


+--------------------------+
; Timing Analyzer Messages ;
+--------------------------+
Info: *******************************************************************
Info: Running Quartus Prime Timing Analyzer
    Info: Version 21.1.1 Build 850 06/23/2022 SJ Lite Edition
    Info: Processing started: Fri Sep 11 16:34:16 2026
Info: Command: quartus_sta multiplier_top -c multiplier_top
Info: qsta_default_script.tcl version: #1
Warning (18236): Number of processors has not been specified which may cause overloading on shared machines.  Set the global assignment NUM_PARALLEL_PROCESSORS in your QSF to an appropriate value for best performance.
Info (20030): Parallel compilation is enabled and will use 16 of the 16 processors detected
Info (21077): Low junction temperature is 0 degrees C
Info (21077): High junction temperature is 85 degrees C
Critical Warning (332012): Synopsys Design Constraints File file not found: 'multiplier_top.sdc'. A Synopsys Design Constraints File is required by the Timing Analyzer to get proper timing constraints. Without it, the Compiler will not properly optimize the design.
Info (332142): No user constrained base clocks found in the design. Calling "derive_clocks -period 1.0"
Info (332105): Deriving Clocks
    Info (332105): create_clock -period 1.000 -name clk clk
Info (332143): No user constrained clock uncertainty found in the design. Calling "derive_clock_uncertainty"
Info (332123): Deriving Clock Uncertainty. Please refer to report_sdc in the Timing Analyzer to see clock uncertainties.
Info: Found TIMING_ANALYZER_REPORT_SCRIPT_INCLUDE_DEFAULT_ANALYSIS = ON
Info: Analyzing Slow 1200mV 85C Model
Critical Warning (332148): Timing requirements not met
    Info (11105): For recommendations on closing timing, run Report Timing Closure Recommendations in the Timing Analyzer.
Info (332146): Worst-case setup slack is -3.750
    Info (332119):     Slack       End Point TNS Clock 
    Info (332119): ========= =================== =====================
    Info (332119):    -3.750            -205.388 clk 
Info (332146): Worst-case hold slack is 0.402
    Info (332119):     Slack       End Point TNS Clock 
    Info (332119): ========= =================== =====================
    Info (332119):     0.402               0.000 clk 
Info (332140): No Recovery paths to report
Info (332140): No Removal paths to report
Info (332146): Worst-case minimum pulse width slack is -3.000
    Info (332119):     Slack       End Point TNS Clock 
    Info (332119): ========= =================== =====================
    Info (332119):    -3.000            -141.780 clk 
Info: Analyzing Slow 1200mV 0C Model
Info (334003): Started post-fitting delay annotation
Info (334004): Delay annotation completed successfully
Info (332123): Deriving Clock Uncertainty. Please refer to report_sdc in the Timing Analyzer to see clock uncertainties.
Critical Warning (332148): Timing requirements not met
    Info (11105): For recommendations on closing timing, run Report Timing Closure Recommendations in the Timing Analyzer.
Info (332146): Worst-case setup slack is -3.208
    Info (332119):     Slack       End Point TNS Clock 
    Info (332119): ========= =================== =====================
    Info (332119):    -3.208            -179.598 clk 
Info (332146): Worst-case hold slack is 0.354
    Info (332119):     Slack       End Point TNS Clock 
    Info (332119): ========= =================== =====================
    Info (332119):     0.354               0.000 clk 
Info (332140): No Recovery paths to report
Info (332140): No Removal paths to report
Info (332146): Worst-case minimum pulse width slack is -3.000
    Info (332119):     Slack       End Point TNS Clock 
    Info (332119): ========= =================== =====================
    Info (332119):    -3.000            -141.780 clk 
Info: Analyzing Fast 1200mV 0C Model
Info (332123): Deriving Clock Uncertainty. Please refer to report_sdc in the Timing Analyzer to see clock uncertainties.
Critical Warning (332148): Timing requirements not met
    Info (11105): For recommendations on closing timing, run Report Timing Closure Recommendations in the Timing Analyzer.
Info (332146): Worst-case setup slack is -1.386
    Info (332119):     Slack       End Point TNS Clock 
    Info (332119): ========= =================== =====================
    Info (332119):    -1.386             -52.957 clk 
Info (332146): Worst-case hold slack is 0.181
    Info (332119):     Slack       End Point TNS Clock 
    Info (332119): ========= =================== =====================
    Info (332119):     0.181               0.000 clk 
Info (332140): No Recovery paths to report
Info (332140): No Removal paths to report
Info (332146): Worst-case minimum pulse width slack is -3.000
    Info (332119):     Slack       End Point TNS Clock 
    Info (332119): ========= =================== =====================
    Info (332119):    -3.000            -117.944 clk 
Info (332102): Design is not fully constrained for setup requirements
Info (332102): Design is not fully constrained for hold requirements
Info: Quartus Prime Timing Analyzer was successful. 0 errors, 5 warnings
    Info: Peak virtual memory: 5007 megabytes
    Info: Processing ended: Fri Sep 11 16:34:18 2026
    Info: Elapsed time: 00:00:02
    Info: Total CPU time (on all processors): 00:00:02


