Timing Analyzer report for multiplier_top
Fri Sep 11 16:54:17 2026
Quartus Prime Version 21.1.1 Build 850 06/23/2022 SJ Lite Edition


---------------------
; Table of Contents ;
---------------------
  1. Legal Notice
  2. Timing Analyzer Summary
  3. Parallel Compilation
  4. Clocks
  5. Slow 1200mV 85C Model Fmax Summary
  6. Timing Closure Recommendations
  7. Slow 1200mV 85C Model Setup Summary
  8. Slow 1200mV 85C Model Hold Summary
  9. Slow 1200mV 85C Model Recovery Summary
 10. Slow 1200mV 85C Model Removal Summary
 11. Slow 1200mV 85C Model Minimum Pulse Width Summary
 12. Slow 1200mV 85C Model Setup: 'clk'
 13. Slow 1200mV 85C Model Hold: 'clk'
 14. Slow 1200mV 85C Model Metastability Summary
 15. Slow 1200mV 0C Model Fmax Summary
 16. Slow 1200mV 0C Model Setup Summary
 17. Slow 1200mV 0C Model Hold Summary
 18. Slow 1200mV 0C Model Recovery Summary
 19. Slow 1200mV 0C Model Removal Summary
 20. Slow 1200mV 0C Model Minimum Pulse Width Summary
 21. Slow 1200mV 0C Model Setup: 'clk'
 22. Slow 1200mV 0C Model Hold: 'clk'
 23. Slow 1200mV 0C Model Metastability Summary
 24. Fast 1200mV 0C Model Setup Summary
 25. Fast 1200mV 0C Model Hold Summary
 26. Fast 1200mV 0C Model Recovery Summary
 27. Fast 1200mV 0C Model Removal Summary
 28. Fast 1200mV 0C Model Minimum Pulse Width Summary
 29. Fast 1200mV 0C Model Setup: 'clk'
 30. Fast 1200mV 0C Model Hold: 'clk'
 31. Fast 1200mV 0C Model Metastability Summary
 32. Multicorner Timing Analysis Summary
 33. Board Trace Model Assignments
 34. Input Transition Times
 35. Signal Integrity Metrics (Slow 1200mv 0c Model)
 36. Signal Integrity Metrics (Slow 1200mv 85c Model)
 37. Signal Integrity Metrics (Fast 1200mv 0c Model)
 38. Setup Transfers
 39. Hold Transfers
 40. Report TCCS
 41. Report RSKM
 42. Unconstrained Paths Summary
 43. Clock Status Summary
 44. Unconstrained Input Ports
 45. Unconstrained Output Ports
 46. Unconstrained Input Ports
 47. Unconstrained Output Ports
 48. Timing Analyzer Messages



----------------
; Legal Notice ;
----------------
Copyright (C) 2022  Intel Corporation. All rights reserved.
Your use of Intel Corporation's design tools, logic functions 
and other software and tools, and any partner logic 
functions, and any output files from any of the foregoing 
(including device programming or simulation files), and any 
associated documentation or information are expressly subject 
to the terms and conditions of the Intel Program License 
Subscription Agreement, the Intel Quartus Prime License Agreement,
the Intel FPGA IP License Agreement, or other applicable license
agreement, including, without limitation, that your use is for
the sole purpose of programming logic devices manufactured by
Intel and sold by Intel or its authorized distributors.  Please
refer to the applicable agreement for further details, at
https://fpgasoftware.intel.com/eula.



+-----------------------------------------------------------------------------+
; Timing Analyzer Summary                                                     ;
+-----------------------+-----------------------------------------------------+
; Quartus Prime Version ; Version 21.1.1 Build 850 06/23/2022 SJ Lite Edition ;
; Timing Analyzer       ; Legacy Timing Analyzer                              ;
; Revision Name         ; multiplier_top                                      ;
; Device Family         ; Cyclone IV E                                        ;
; Device Name           ; EP4CE115F29C7                                       ;
; Timing Models         ; Final                                               ;
; Delay Model           ; Combined                                            ;
; Rise/Fall Delays      ; Enabled                                             ;
+-----------------------+-----------------------------------------------------+


+------------------------------------------+
; Parallel Compilation                     ;
+----------------------------+-------------+
; Processors                 ; Number      ;
+----------------------------+-------------+
; Number detected on machine ; 16          ;
; Maximum allowed            ; 16          ;
;                            ;             ;
; Average used               ; 1.17        ;
; Maximum used               ; 16          ;
;                            ;             ;
; Usage by Processor         ; % Time Used ;
;     Processor 1            ; 100.0%      ;
;     Processor 2            ;   1.2%      ;
;     Processors 3-16        ;   1.1%      ;
+----------------------------+-------------+


+---------------------------------------------------------------------------------------------------------------------------------------------------------------------------------+
; Clocks                                                                                                                                                                          ;
+------------+------+--------+------------+-------+-------+------------+-----------+-------------+-------+--------+-----------+------------+----------+--------+--------+---------+
; Clock Name ; Type ; Period ; Frequency  ; Rise  ; Fall  ; Duty Cycle ; Divide by ; Multiply by ; Phase ; Offset ; Edge List ; Edge Shift ; Inverted ; Master ; Source ; Targets ;
+------------+------+--------+------------+-------+-------+------------+-----------+-------------+-------+--------+-----------+------------+----------+--------+--------+---------+
; clk        ; Base ; 1.000  ; 1000.0 MHz ; 0.000 ; 0.500 ;            ;           ;             ;       ;        ;           ;            ;          ;        ;        ; { clk } ;
+------------+------+--------+------------+-------+-------+------------+-----------+-------------+-------+--------+-----------+------------+----------+--------+--------+---------+


+--------------------------------------------------+
; Slow 1200mV 85C Model Fmax Summary               ;
+------------+-----------------+------------+------+
; Fmax       ; Restricted Fmax ; Clock Name ; Note ;
+------------+-----------------+------------+------+
; 167.62 MHz ; 167.62 MHz      ; clk        ;      ;
+------------+-----------------+------------+------+
This panel reports FMAX for every clock in the design, regardless of the user-specified clock periods.  FMAX is only computed for paths where the source and destination registers or ports are driven by the same clock.  Paths of different clocks, including generated clocks, are ignored.  For paths between a clock and its inversion, FMAX is computed as if the rising and falling edges are scaled along with FMAX, such that the duty cycle (in terms of a percentage) is maintained. Altera recommends that you always use clock constraints and other slack reports for sign-off analysis.


----------------------------------
; Timing Closure Recommendations ;
----------------------------------
HTML report is unavailable in plain text report export.


+-------------------------------------+
; Slow 1200mV 85C Model Setup Summary ;
+-------+--------+--------------------+
; Clock ; Slack  ; End Point TNS      ;
+-------+--------+--------------------+
; clk   ; -4.966 ; -426.550           ;
+-------+--------+--------------------+


+------------------------------------+
; Slow 1200mV 85C Model Hold Summary ;
+-------+-------+--------------------+
; Clock ; Slack ; End Point TNS      ;
+-------+-------+--------------------+
; clk   ; 0.402 ; 0.000              ;
+-------+-------+--------------------+


------------------------------------------
; Slow 1200mV 85C Model Recovery Summary ;
------------------------------------------
No paths to report.


-----------------------------------------
; Slow 1200mV 85C Model Removal Summary ;
-----------------------------------------
No paths to report.


+---------------------------------------------------+
; Slow 1200mV 85C Model Minimum Pulse Width Summary ;
+-------+--------+----------------------------------+
; Clock ; Slack  ; End Point TNS                    ;
+-------+--------+----------------------------------+
; clk   ; -3.000 ; -222.735                         ;
+-------+--------+----------------------------------+


+---------------------------------------------------------------------------------------------------------------------------------------------------------------------------------+
; Slow 1200mV 85C Model Setup: 'clk'                                                                                                                                              ;
+--------+---------------------------------------------------+----------------------------------------------+--------------+-------------+--------------+------------+------------+
; Slack  ; From Node                                         ; To Node                                      ; Launch Clock ; Latch Clock ; Relationship ; Clock Skew ; Data Delay ;
+--------+---------------------------------------------------+----------------------------------------------+--------------+-------------+--------------+------------+------------+
; -4.966 ; multiplier_datapath:datapath|multiplicand_reg[0]  ; multiplier_datapath:datapath|product_reg[63] ; clk          ; clk         ; 1.000        ; -0.070     ; 5.894      ;
; -4.920 ; multiplier_datapath:datapath|multiplicand_reg[1]  ; multiplier_datapath:datapath|product_reg[62] ; clk          ; clk         ; 1.000        ; -0.070     ; 5.848      ;
; -4.901 ; multiplier_datapath:datapath|multiplicand_reg[1]  ; multiplier_datapath:datapath|product_reg[63] ; clk          ; clk         ; 1.000        ; -0.070     ; 5.829      ;
; -4.865 ; multiplier_datapath:datapath|multiplicand_reg[2]  ; multiplier_datapath:datapath|product_reg[63] ; clk          ; clk         ; 1.000        ; -0.070     ; 5.793      ;
; -4.839 ; multiplier_datapath:datapath|multiplicand_reg[0]  ; multiplier_datapath:datapath|product_reg[62] ; clk          ; clk         ; 1.000        ; -0.070     ; 5.767      ;
; -4.795 ; multiplier_datapath:datapath|product_reg[0]       ; multiplier_datapath:datapath|product_reg[63] ; clk          ; clk         ; 1.000        ; -0.069     ; 5.724      ;
; -4.788 ; multiplier_datapath:datapath|multiplicand_reg[3]  ; multiplier_datapath:datapath|product_reg[62] ; clk          ; clk         ; 1.000        ; -0.070     ; 5.716      ;
; -4.783 ; multiplier_datapath:datapath|product_reg[1]       ; multiplier_datapath:datapath|product_reg[62] ; clk          ; clk         ; 1.000        ; -0.069     ; 5.712      ;
; -4.769 ; multiplier_datapath:datapath|multiplicand_reg[3]  ; multiplier_datapath:datapath|product_reg[63] ; clk          ; clk         ; 1.000        ; -0.070     ; 5.697      ;
; -4.764 ; multiplier_datapath:datapath|product_reg[1]       ; multiplier_datapath:datapath|product_reg[63] ; clk          ; clk         ; 1.000        ; -0.069     ; 5.693      ;
; -4.739 ; multiplier_datapath:datapath|multiplicand_reg[4]  ; multiplier_datapath:datapath|product_reg[63] ; clk          ; clk         ; 1.000        ; -0.070     ; 5.667      ;
; -4.728 ; multiplier_datapath:datapath|multiplicand_reg[2]  ; multiplier_datapath:datapath|product_reg[62] ; clk          ; clk         ; 1.000        ; -0.070     ; 5.656      ;
; -4.702 ; multiplier_datapath:datapath|multiplicand_reg[0]  ; multiplier_datapath:datapath|product_reg[59] ; clk          ; clk         ; 1.000        ; -0.070     ; 5.630      ;
; -4.693 ; multiplier_datapath:datapath|product_reg[4]       ; multiplier_datapath:datapath|product_reg[63] ; clk          ; clk         ; 1.000        ; -0.069     ; 5.622      ;
; -4.693 ; multiplier_datapath:datapath|product_reg[0]       ; multiplier_datapath:datapath|product_reg[62] ; clk          ; clk         ; 1.000        ; -0.069     ; 5.622      ;
; -4.663 ; multiplier_datapath:datapath|product_reg[2]       ; multiplier_datapath:datapath|product_reg[63] ; clk          ; clk         ; 1.000        ; -0.069     ; 5.592      ;
; -4.657 ; multiplier_datapath:datapath|multiplicand_reg[5]  ; multiplier_datapath:datapath|product_reg[62] ; clk          ; clk         ; 1.000        ; -0.070     ; 5.585      ;
; -4.656 ; multiplier_datapath:datapath|multiplicand_reg[1]  ; multiplier_datapath:datapath|product_reg[58] ; clk          ; clk         ; 1.000        ; -0.070     ; 5.584      ;
; -4.649 ; multiplier_datapath:datapath|product_reg[3]       ; multiplier_datapath:datapath|product_reg[62] ; clk          ; clk         ; 1.000        ; -0.069     ; 5.578      ;
; -4.643 ; multiplier_datapath:datapath|multiplicand_reg[8]  ; multiplier_datapath:datapath|product_reg[63] ; clk          ; clk         ; 1.000        ; -0.070     ; 5.571      ;
; -4.638 ; multiplier_datapath:datapath|multiplicand_reg[5]  ; multiplier_datapath:datapath|product_reg[63] ; clk          ; clk         ; 1.000        ; -0.070     ; 5.566      ;
; -4.637 ; multiplier_datapath:datapath|multiplicand_reg[1]  ; multiplier_datapath:datapath|product_reg[59] ; clk          ; clk         ; 1.000        ; -0.070     ; 5.565      ;
; -4.630 ; multiplier_datapath:datapath|product_reg[3]       ; multiplier_datapath:datapath|product_reg[63] ; clk          ; clk         ; 1.000        ; -0.069     ; 5.559      ;
; -4.605 ; multiplier_datapath:datapath|multiplicand_reg[6]  ; multiplier_datapath:datapath|product_reg[63] ; clk          ; clk         ; 1.000        ; -0.070     ; 5.533      ;
; -4.601 ; multiplier_datapath:datapath|multiplicand_reg[2]  ; multiplier_datapath:datapath|product_reg[59] ; clk          ; clk         ; 1.000        ; -0.070     ; 5.529      ;
; -4.596 ; multiplier_datapath:datapath|multiplicand_reg[4]  ; multiplier_datapath:datapath|product_reg[62] ; clk          ; clk         ; 1.000        ; -0.070     ; 5.524      ;
; -4.577 ; multiplier_datapath:datapath|product_reg[4]       ; multiplier_datapath:datapath|product_reg[62] ; clk          ; clk         ; 1.000        ; -0.069     ; 5.506      ;
; -4.575 ; multiplier_datapath:datapath|multiplicand_reg[0]  ; multiplier_datapath:datapath|product_reg[58] ; clk          ; clk         ; 1.000        ; -0.070     ; 5.503      ;
; -4.570 ; multiplier_datapath:datapath|multiplicand_reg[0]  ; multiplier_datapath:datapath|product_reg[57] ; clk          ; clk         ; 1.000        ; -0.070     ; 5.498      ;
; -4.561 ; multiplier_datapath:datapath|product_reg[2]       ; multiplier_datapath:datapath|product_reg[62] ; clk          ; clk         ; 1.000        ; -0.069     ; 5.490      ;
; -4.550 ; multiplier_datapath:datapath|multiplicand_reg[7]  ; multiplier_datapath:datapath|product_reg[62] ; clk          ; clk         ; 1.000        ; -0.070     ; 5.478      ;
; -4.531 ; multiplier_datapath:datapath|multiplicand_reg[7]  ; multiplier_datapath:datapath|product_reg[63] ; clk          ; clk         ; 1.000        ; -0.070     ; 5.459      ;
; -4.531 ; multiplier_datapath:datapath|product_reg[0]       ; multiplier_datapath:datapath|product_reg[59] ; clk          ; clk         ; 1.000        ; -0.069     ; 5.460      ;
; -4.524 ; multiplier_datapath:datapath|multiplicand_reg[1]  ; multiplier_datapath:datapath|product_reg[56] ; clk          ; clk         ; 1.000        ; -0.070     ; 5.452      ;
; -4.524 ; multiplier_datapath:datapath|multiplicand_reg[3]  ; multiplier_datapath:datapath|product_reg[58] ; clk          ; clk         ; 1.000        ; -0.070     ; 5.452      ;
; -4.519 ; multiplier_datapath:datapath|product_reg[1]       ; multiplier_datapath:datapath|product_reg[58] ; clk          ; clk         ; 1.000        ; -0.069     ; 5.448      ;
; -4.517 ; multiplier_datapath:datapath|product_reg[5]       ; multiplier_datapath:datapath|product_reg[62] ; clk          ; clk         ; 1.000        ; -0.069     ; 5.446      ;
; -4.505 ; multiplier_datapath:datapath|multiplicand_reg[3]  ; multiplier_datapath:datapath|product_reg[59] ; clk          ; clk         ; 1.000        ; -0.070     ; 5.433      ;
; -4.505 ; multiplier_datapath:datapath|multiplicand_reg[1]  ; multiplier_datapath:datapath|product_reg[57] ; clk          ; clk         ; 1.000        ; -0.070     ; 5.433      ;
; -4.503 ; multiplier_datapath:datapath|multiplicand_reg[8]  ; multiplier_datapath:datapath|product_reg[62] ; clk          ; clk         ; 1.000        ; -0.070     ; 5.431      ;
; -4.500 ; multiplier_datapath:datapath|product_reg[1]       ; multiplier_datapath:datapath|product_reg[59] ; clk          ; clk         ; 1.000        ; -0.069     ; 5.429      ;
; -4.498 ; multiplier_datapath:datapath|product_reg[5]       ; multiplier_datapath:datapath|product_reg[63] ; clk          ; clk         ; 1.000        ; -0.069     ; 5.427      ;
; -4.483 ; multiplier_datapath:datapath|multiplicand_reg[11] ; multiplier_datapath:datapath|product_reg[62] ; clk          ; clk         ; 1.000        ; -0.070     ; 5.411      ;
; -4.475 ; multiplier_datapath:datapath|multiplicand_reg[4]  ; multiplier_datapath:datapath|product_reg[59] ; clk          ; clk         ; 1.000        ; -0.070     ; 5.403      ;
; -4.469 ; multiplier_datapath:datapath|multiplicand_reg[2]  ; multiplier_datapath:datapath|product_reg[57] ; clk          ; clk         ; 1.000        ; -0.070     ; 5.397      ;
; -4.464 ; multiplier_datapath:datapath|multiplicand_reg[11] ; multiplier_datapath:datapath|product_reg[63] ; clk          ; clk         ; 1.000        ; -0.070     ; 5.392      ;
; -4.464 ; multiplier_datapath:datapath|multiplicand_reg[2]  ; multiplier_datapath:datapath|product_reg[58] ; clk          ; clk         ; 1.000        ; -0.070     ; 5.392      ;
; -4.463 ; multiplier_datapath:datapath|multiplicand_reg[6]  ; multiplier_datapath:datapath|product_reg[62] ; clk          ; clk         ; 1.000        ; -0.070     ; 5.391      ;
; -4.443 ; multiplier_datapath:datapath|multiplicand_reg[0]  ; multiplier_datapath:datapath|product_reg[56] ; clk          ; clk         ; 1.000        ; -0.070     ; 5.371      ;
; -4.438 ; multiplier_datapath:datapath|multiplicand_reg[0]  ; multiplier_datapath:datapath|product_reg[55] ; clk          ; clk         ; 1.000        ; -0.070     ; 5.366      ;
; -4.429 ; multiplier_datapath:datapath|product_reg[4]       ; multiplier_datapath:datapath|product_reg[59] ; clk          ; clk         ; 1.000        ; -0.069     ; 5.358      ;
; -4.429 ; multiplier_datapath:datapath|product_reg[0]       ; multiplier_datapath:datapath|product_reg[58] ; clk          ; clk         ; 1.000        ; -0.069     ; 5.358      ;
; -4.426 ; multiplier_datapath:datapath|multiplicand_reg[9]  ; multiplier_datapath:datapath|product_reg[62] ; clk          ; clk         ; 1.000        ; -0.070     ; 5.354      ;
; -4.407 ; multiplier_datapath:datapath|multiplicand_reg[9]  ; multiplier_datapath:datapath|product_reg[63] ; clk          ; clk         ; 1.000        ; -0.070     ; 5.335      ;
; -4.399 ; multiplier_datapath:datapath|product_reg[2]       ; multiplier_datapath:datapath|product_reg[59] ; clk          ; clk         ; 1.000        ; -0.069     ; 5.328      ;
; -4.399 ; multiplier_datapath:datapath|product_reg[0]       ; multiplier_datapath:datapath|product_reg[57] ; clk          ; clk         ; 1.000        ; -0.069     ; 5.328      ;
; -4.396 ; multiplier_datapath:datapath|product_reg[6]       ; multiplier_datapath:datapath|product_reg[63] ; clk          ; clk         ; 1.000        ; -0.069     ; 5.325      ;
; -4.393 ; multiplier_datapath:datapath|multiplicand_reg[5]  ; multiplier_datapath:datapath|product_reg[58] ; clk          ; clk         ; 1.000        ; -0.070     ; 5.321      ;
; -4.392 ; multiplier_datapath:datapath|multiplicand_reg[1]  ; multiplier_datapath:datapath|product_reg[54] ; clk          ; clk         ; 1.000        ; -0.070     ; 5.320      ;
; -4.392 ; multiplier_datapath:datapath|multiplicand_reg[3]  ; multiplier_datapath:datapath|product_reg[56] ; clk          ; clk         ; 1.000        ; -0.070     ; 5.320      ;
; -4.389 ; multiplier_datapath:datapath|multiplicand_reg[0]  ; multiplier_datapath:datapath|product_reg[61] ; clk          ; clk         ; 1.000        ; 0.375      ; 5.762      ;
; -4.389 ; multiplier_datapath:datapath|product_reg[7]       ; multiplier_datapath:datapath|product_reg[62] ; clk          ; clk         ; 1.000        ; -0.069     ; 5.318      ;
; -4.387 ; multiplier_datapath:datapath|product_reg[1]       ; multiplier_datapath:datapath|product_reg[56] ; clk          ; clk         ; 1.000        ; -0.069     ; 5.316      ;
; -4.385 ; multiplier_datapath:datapath|product_reg[3]       ; multiplier_datapath:datapath|product_reg[58] ; clk          ; clk         ; 1.000        ; -0.069     ; 5.314      ;
; -4.379 ; multiplier_datapath:datapath|multiplicand_reg[8]  ; multiplier_datapath:datapath|product_reg[59] ; clk          ; clk         ; 1.000        ; -0.070     ; 5.307      ;
; -4.374 ; multiplier_datapath:datapath|multiplicand_reg[5]  ; multiplier_datapath:datapath|product_reg[59] ; clk          ; clk         ; 1.000        ; -0.070     ; 5.302      ;
; -4.373 ; multiplier_datapath:datapath|multiplicand_reg[3]  ; multiplier_datapath:datapath|product_reg[57] ; clk          ; clk         ; 1.000        ; -0.070     ; 5.301      ;
; -4.373 ; multiplier_datapath:datapath|multiplicand_reg[1]  ; multiplier_datapath:datapath|product_reg[55] ; clk          ; clk         ; 1.000        ; -0.070     ; 5.301      ;
; -4.370 ; multiplier_datapath:datapath|product_reg[7]       ; multiplier_datapath:datapath|product_reg[63] ; clk          ; clk         ; 1.000        ; -0.069     ; 5.299      ;
; -4.368 ; multiplier_datapath:datapath|product_reg[1]       ; multiplier_datapath:datapath|product_reg[57] ; clk          ; clk         ; 1.000        ; -0.069     ; 5.297      ;
; -4.366 ; multiplier_datapath:datapath|product_reg[3]       ; multiplier_datapath:datapath|product_reg[59] ; clk          ; clk         ; 1.000        ; -0.069     ; 5.295      ;
; -4.345 ; multiplier_datapath:datapath|multiplicand_reg[10] ; multiplier_datapath:datapath|product_reg[63] ; clk          ; clk         ; 1.000        ; -0.070     ; 5.273      ;
; -4.343 ; multiplier_datapath:datapath|multiplicand_reg[1]  ; multiplier_datapath:datapath|product_reg[60] ; clk          ; clk         ; 1.000        ; 0.375      ; 5.716      ;
; -4.343 ; multiplier_datapath:datapath|multiplicand_reg[4]  ; multiplier_datapath:datapath|product_reg[57] ; clk          ; clk         ; 1.000        ; -0.070     ; 5.271      ;
; -4.341 ; multiplier_datapath:datapath|multiplicand_reg[6]  ; multiplier_datapath:datapath|product_reg[59] ; clk          ; clk         ; 1.000        ; -0.070     ; 5.269      ;
; -4.337 ; multiplier_datapath:datapath|multiplicand_reg[2]  ; multiplier_datapath:datapath|product_reg[55] ; clk          ; clk         ; 1.000        ; -0.070     ; 5.265      ;
; -4.332 ; multiplier_datapath:datapath|multiplicand_reg[4]  ; multiplier_datapath:datapath|product_reg[58] ; clk          ; clk         ; 1.000        ; -0.070     ; 5.260      ;
; -4.332 ; multiplier_datapath:datapath|multiplicand_reg[2]  ; multiplier_datapath:datapath|product_reg[56] ; clk          ; clk         ; 1.000        ; -0.070     ; 5.260      ;
; -4.324 ; multiplier_datapath:datapath|multiplicand_reg[1]  ; multiplier_datapath:datapath|product_reg[61] ; clk          ; clk         ; 1.000        ; 0.375      ; 5.697      ;
; -4.313 ; multiplier_datapath:datapath|product_reg[4]       ; multiplier_datapath:datapath|product_reg[58] ; clk          ; clk         ; 1.000        ; -0.069     ; 5.242      ;
; -4.311 ; multiplier_datapath:datapath|multiplicand_reg[0]  ; multiplier_datapath:datapath|product_reg[54] ; clk          ; clk         ; 1.000        ; -0.070     ; 5.239      ;
; -4.306 ; multiplier_datapath:datapath|multiplicand_reg[0]  ; multiplier_datapath:datapath|product_reg[53] ; clk          ; clk         ; 1.000        ; -0.070     ; 5.234      ;
; -4.303 ; multiplier_datapath:datapath|product_reg[6]       ; multiplier_datapath:datapath|product_reg[62] ; clk          ; clk         ; 1.000        ; -0.069     ; 5.232      ;
; -4.297 ; multiplier_datapath:datapath|product_reg[2]       ; multiplier_datapath:datapath|product_reg[58] ; clk          ; clk         ; 1.000        ; -0.069     ; 5.226      ;
; -4.297 ; multiplier_datapath:datapath|product_reg[4]       ; multiplier_datapath:datapath|product_reg[57] ; clk          ; clk         ; 1.000        ; -0.069     ; 5.226      ;
; -4.297 ; multiplier_datapath:datapath|product_reg[0]       ; multiplier_datapath:datapath|product_reg[56] ; clk          ; clk         ; 1.000        ; -0.069     ; 5.226      ;
; -4.288 ; multiplier_datapath:datapath|multiplicand_reg[2]  ; multiplier_datapath:datapath|product_reg[61] ; clk          ; clk         ; 1.000        ; 0.375      ; 5.661      ;
; -4.286 ; multiplier_datapath:datapath|multiplicand_reg[7]  ; multiplier_datapath:datapath|product_reg[58] ; clk          ; clk         ; 1.000        ; -0.070     ; 5.214      ;
; -4.273 ; multiplier_datapath:datapath|product_reg[14]      ; multiplier_datapath:datapath|product_reg[63] ; clk          ; clk         ; 1.000        ; -0.069     ; 5.202      ;
; -4.269 ; multiplier_datapath:datapath|product_reg[8]       ; multiplier_datapath:datapath|product_reg[63] ; clk          ; clk         ; 1.000        ; -0.069     ; 5.198      ;
; -4.267 ; multiplier_datapath:datapath|multiplicand_reg[7]  ; multiplier_datapath:datapath|product_reg[59] ; clk          ; clk         ; 1.000        ; -0.070     ; 5.195      ;
; -4.267 ; multiplier_datapath:datapath|product_reg[2]       ; multiplier_datapath:datapath|product_reg[57] ; clk          ; clk         ; 1.000        ; -0.069     ; 5.196      ;
; -4.267 ; multiplier_datapath:datapath|product_reg[0]       ; multiplier_datapath:datapath|product_reg[55] ; clk          ; clk         ; 1.000        ; -0.069     ; 5.196      ;
; -4.262 ; multiplier_datapath:datapath|multiplicand_reg[0]  ; multiplier_datapath:datapath|product_reg[60] ; clk          ; clk         ; 1.000        ; 0.375      ; 5.635      ;
; -4.261 ; multiplier_datapath:datapath|multiplicand_reg[5]  ; multiplier_datapath:datapath|product_reg[56] ; clk          ; clk         ; 1.000        ; -0.070     ; 5.189      ;
; -4.260 ; multiplier_datapath:datapath|multiplicand_reg[1]  ; multiplier_datapath:datapath|product_reg[52] ; clk          ; clk         ; 1.000        ; -0.070     ; 5.188      ;
; -4.260 ; multiplier_datapath:datapath|multiplicand_reg[3]  ; multiplier_datapath:datapath|product_reg[54] ; clk          ; clk         ; 1.000        ; -0.070     ; 5.188      ;
; -4.257 ; multiplier_datapath:datapath|product_reg[9]       ; multiplier_datapath:datapath|product_reg[62] ; clk          ; clk         ; 1.000        ; -0.069     ; 5.186      ;
; -4.255 ; multiplier_datapath:datapath|product_reg[1]       ; multiplier_datapath:datapath|product_reg[54] ; clk          ; clk         ; 1.000        ; -0.069     ; 5.184      ;
; -4.253 ; multiplier_datapath:datapath|product_reg[5]       ; multiplier_datapath:datapath|product_reg[58] ; clk          ; clk         ; 1.000        ; -0.069     ; 5.182      ;
+--------+---------------------------------------------------+----------------------------------------------+--------------+-------------+--------------+------------+------------+


+-------------------------------------------------------------------------------------------------------------------------------------------------------------------------------------+
; Slow 1200mV 85C Model Hold: 'clk'                                                                                                                                                   ;
+-------+---------------------------------------------------+---------------------------------------------------+--------------+-------------+--------------+------------+------------+
; Slack ; From Node                                         ; To Node                                           ; Launch Clock ; Latch Clock ; Relationship ; Clock Skew ; Data Delay ;
+-------+---------------------------------------------------+---------------------------------------------------+--------------+-------------+--------------+------------+------------+
; 0.402 ; multiplier_control:control|state.DONE             ; multiplier_control:control|state.DONE             ; clk          ; clk         ; 0.000        ; 0.081      ; 0.669      ;
; 0.402 ; multiplier_control:control|state.IDLE             ; multiplier_control:control|state.IDLE             ; clk          ; clk         ; 0.000        ; 0.081      ; 0.669      ;
; 0.428 ; multiplier_datapath:datapath|multiplier_reg[30]   ; multiplier_datapath:datapath|multiplier_reg[29]   ; clk          ; clk         ; 0.000        ; 0.081      ; 0.695      ;
; 0.429 ; multiplier_datapath:datapath|multiplier_reg[10]   ; multiplier_datapath:datapath|multiplier_reg[9]    ; clk          ; clk         ; 0.000        ; 0.080      ; 0.695      ;
; 0.432 ; multiplier_datapath:datapath|multiplier_reg[8]    ; multiplier_datapath:datapath|multiplier_reg[7]    ; clk          ; clk         ; 0.000        ; 0.080      ; 0.698      ;
; 0.442 ; multiplier_control:control|state.DONE             ; multiplier_control:control|state.IDLE             ; clk          ; clk         ; 0.000        ; 0.081      ; 0.709      ;
; 0.450 ; multiplier_datapath:datapath|multiplicand_reg[2]  ; multiplier_datapath:datapath|multiplicand_reg[3]  ; clk          ; clk         ; 0.000        ; 0.081      ; 0.717      ;
; 0.452 ; multiplier_datapath:datapath|multiplicand_reg[13] ; multiplier_datapath:datapath|multiplicand_reg[14] ; clk          ; clk         ; 0.000        ; 0.081      ; 0.719      ;
; 0.452 ; multiplier_datapath:datapath|multiplicand_reg[10] ; multiplier_datapath:datapath|multiplicand_reg[11] ; clk          ; clk         ; 0.000        ; 0.081      ; 0.719      ;
; 0.452 ; multiplier_datapath:datapath|multiplicand_reg[3]  ; multiplier_datapath:datapath|multiplicand_reg[4]  ; clk          ; clk         ; 0.000        ; 0.081      ; 0.719      ;
; 0.453 ; multiplier_datapath:datapath|multiplicand_reg[7]  ; multiplier_datapath:datapath|multiplicand_reg[8]  ; clk          ; clk         ; 0.000        ; 0.081      ; 0.720      ;
; 0.559 ; multiplier_control:control|state.IDLE             ; multiplier_control:control|state.LOAD             ; clk          ; clk         ; 0.000        ; 0.081      ; 0.826      ;
; 0.573 ; multiplier_datapath:datapath|multiplicand_reg[61] ; multiplier_datapath:datapath|product_reg[61]      ; clk          ; clk         ; 0.000        ; 0.545      ; 1.304      ;
; 0.573 ; multiplier_datapath:datapath|multiplicand_reg[41] ; multiplier_datapath:datapath|multiplicand_reg[42] ; clk          ; clk         ; 0.000        ; 0.082      ; 0.841      ;
; 0.573 ; multiplier_datapath:datapath|multiplicand_reg[38] ; multiplier_datapath:datapath|multiplicand_reg[39] ; clk          ; clk         ; 0.000        ; 0.082      ; 0.841      ;
; 0.574 ; multiplier_datapath:datapath|multiplicand_reg[35] ; multiplier_datapath:datapath|multiplicand_reg[36] ; clk          ; clk         ; 0.000        ; 0.082      ; 0.842      ;
; 0.575 ; multiplier_datapath:datapath|multiplicand_reg[45] ; multiplier_datapath:datapath|multiplicand_reg[46] ; clk          ; clk         ; 0.000        ; 0.082      ; 0.843      ;
; 0.576 ; multiplier_datapath:datapath|multiplicand_reg[59] ; multiplier_datapath:datapath|multiplicand_reg[60] ; clk          ; clk         ; 0.000        ; 0.081      ; 0.843      ;
; 0.576 ; multiplier_datapath:datapath|multiplicand_reg[56] ; multiplier_datapath:datapath|multiplicand_reg[57] ; clk          ; clk         ; 0.000        ; 0.081      ; 0.843      ;
; 0.576 ; multiplier_datapath:datapath|multiplicand_reg[53] ; multiplier_datapath:datapath|multiplicand_reg[54] ; clk          ; clk         ; 0.000        ; 0.081      ; 0.843      ;
; 0.576 ; multiplier_datapath:datapath|multiplicand_reg[48] ; multiplier_datapath:datapath|multiplicand_reg[49] ; clk          ; clk         ; 0.000        ; 0.081      ; 0.843      ;
; 0.576 ; multiplier_datapath:datapath|multiplicand_reg[46] ; multiplier_datapath:datapath|multiplicand_reg[47] ; clk          ; clk         ; 0.000        ; 0.082      ; 0.844      ;
; 0.576 ; multiplier_datapath:datapath|multiplicand_reg[27] ; multiplier_datapath:datapath|multiplicand_reg[28] ; clk          ; clk         ; 0.000        ; 0.081      ; 0.843      ;
; 0.578 ; multiplier_datapath:datapath|multiplicand_reg[61] ; multiplier_datapath:datapath|multiplicand_reg[62] ; clk          ; clk         ; 0.000        ; 0.081      ; 0.845      ;
; 0.605 ; multiplier_datapath:datapath|multiplicand_reg[60] ; multiplier_datapath:datapath|product_reg[60]      ; clk          ; clk         ; 0.000        ; 0.545      ; 1.336      ;
; 0.605 ; multiplier_control:control|state.LOAD             ; multiplier_control:control|state.ADD_OR_SKIP      ; clk          ; clk         ; 0.000        ; 0.081      ; 0.872      ;
; 0.638 ; multiplier_datapath:datapath|product_reg[61]      ; multiplier_datapath:datapath|product_reg[61]      ; clk          ; clk         ; 0.000        ; 0.100      ; 0.924      ;
; 0.639 ; multiplier_datapath:datapath|product_reg[60]      ; multiplier_datapath:datapath|product_reg[60]      ; clk          ; clk         ; 0.000        ; 0.100      ; 0.925      ;
; 0.640 ; multiplier_control:control|count[3]               ; multiplier_control:control|count[3]               ; clk          ; clk         ; 0.000        ; 0.081      ; 0.907      ;
; 0.641 ; multiplier_control:control|count[1]               ; multiplier_control:control|count[1]               ; clk          ; clk         ; 0.000        ; 0.081      ; 0.908      ;
; 0.642 ; multiplier_control:control|count[5]               ; multiplier_control:control|count[5]               ; clk          ; clk         ; 0.000        ; 0.081      ; 0.909      ;
; 0.646 ; multiplier_control:control|count[4]               ; multiplier_control:control|count[4]               ; clk          ; clk         ; 0.000        ; 0.081      ; 0.913      ;
; 0.646 ; multiplier_control:control|count[2]               ; multiplier_control:control|count[2]               ; clk          ; clk         ; 0.000        ; 0.081      ; 0.913      ;
; 0.654 ; multiplier_datapath:datapath|product_reg[54]      ; multiplier_datapath:datapath|product_reg[54]      ; clk          ; clk         ; 0.000        ; 0.082      ; 0.922      ;
; 0.654 ; multiplier_datapath:datapath|product_reg[22]      ; multiplier_datapath:datapath|product_reg[22]      ; clk          ; clk         ; 0.000        ; 0.081      ; 0.921      ;
; 0.655 ; multiplier_datapath:datapath|product_reg[38]      ; multiplier_datapath:datapath|product_reg[38]      ; clk          ; clk         ; 0.000        ; 0.081      ; 0.922      ;
; 0.655 ; multiplier_datapath:datapath|product_reg[31]      ; multiplier_datapath:datapath|product_reg[31]      ; clk          ; clk         ; 0.000        ; 0.081      ; 0.922      ;
; 0.655 ; multiplier_datapath:datapath|product_reg[19]      ; multiplier_datapath:datapath|product_reg[19]      ; clk          ; clk         ; 0.000        ; 0.081      ; 0.922      ;
; 0.655 ; multiplier_datapath:datapath|product_reg[18]      ; multiplier_datapath:datapath|product_reg[18]      ; clk          ; clk         ; 0.000        ; 0.081      ; 0.922      ;
; 0.655 ; multiplier_datapath:datapath|product_reg[16]      ; multiplier_datapath:datapath|product_reg[16]      ; clk          ; clk         ; 0.000        ; 0.081      ; 0.922      ;
; 0.655 ; multiplier_datapath:datapath|product_reg[15]      ; multiplier_datapath:datapath|product_reg[15]      ; clk          ; clk         ; 0.000        ; 0.080      ; 0.921      ;
; 0.655 ; multiplier_datapath:datapath|product_reg[6]       ; multiplier_datapath:datapath|product_reg[6]       ; clk          ; clk         ; 0.000        ; 0.080      ; 0.921      ;
; 0.655 ; multiplier_control:control|state.SHIFT            ; multiplier_control:control|state.DONE             ; clk          ; clk         ; 0.000        ; 0.081      ; 0.922      ;
; 0.655 ; multiplier_datapath:datapath|product_reg[56]      ; multiplier_datapath:datapath|product_reg[60]      ; clk          ; clk         ; 0.000        ; 0.545      ; 1.386      ;
; 0.656 ; multiplier_datapath:datapath|product_reg[53]      ; multiplier_datapath:datapath|product_reg[53]      ; clk          ; clk         ; 0.000        ; 0.082      ; 0.924      ;
; 0.656 ; multiplier_datapath:datapath|product_reg[52]      ; multiplier_datapath:datapath|product_reg[52]      ; clk          ; clk         ; 0.000        ; 0.082      ; 0.924      ;
; 0.656 ; multiplier_datapath:datapath|product_reg[51]      ; multiplier_datapath:datapath|product_reg[51]      ; clk          ; clk         ; 0.000        ; 0.082      ; 0.924      ;
; 0.656 ; multiplier_datapath:datapath|product_reg[50]      ; multiplier_datapath:datapath|product_reg[50]      ; clk          ; clk         ; 0.000        ; 0.082      ; 0.924      ;
; 0.656 ; multiplier_datapath:datapath|product_reg[47]      ; multiplier_datapath:datapath|product_reg[47]      ; clk          ; clk         ; 0.000        ; 0.081      ; 0.923      ;
; 0.656 ; multiplier_datapath:datapath|product_reg[46]      ; multiplier_datapath:datapath|product_reg[46]      ; clk          ; clk         ; 0.000        ; 0.081      ; 0.923      ;
; 0.656 ; multiplier_datapath:datapath|product_reg[45]      ; multiplier_datapath:datapath|product_reg[45]      ; clk          ; clk         ; 0.000        ; 0.081      ; 0.923      ;
; 0.656 ; multiplier_datapath:datapath|product_reg[37]      ; multiplier_datapath:datapath|product_reg[37]      ; clk          ; clk         ; 0.000        ; 0.081      ; 0.923      ;
; 0.656 ; multiplier_datapath:datapath|product_reg[35]      ; multiplier_datapath:datapath|product_reg[35]      ; clk          ; clk         ; 0.000        ; 0.081      ; 0.923      ;
; 0.656 ; multiplier_datapath:datapath|product_reg[34]      ; multiplier_datapath:datapath|product_reg[34]      ; clk          ; clk         ; 0.000        ; 0.081      ; 0.923      ;
; 0.656 ; multiplier_datapath:datapath|product_reg[28]      ; multiplier_datapath:datapath|product_reg[28]      ; clk          ; clk         ; 0.000        ; 0.081      ; 0.923      ;
; 0.656 ; multiplier_datapath:datapath|product_reg[27]      ; multiplier_datapath:datapath|product_reg[27]      ; clk          ; clk         ; 0.000        ; 0.081      ; 0.923      ;
; 0.656 ; multiplier_datapath:datapath|product_reg[21]      ; multiplier_datapath:datapath|product_reg[21]      ; clk          ; clk         ; 0.000        ; 0.081      ; 0.923      ;
; 0.656 ; multiplier_datapath:datapath|product_reg[20]      ; multiplier_datapath:datapath|product_reg[20]      ; clk          ; clk         ; 0.000        ; 0.081      ; 0.923      ;
; 0.656 ; multiplier_datapath:datapath|product_reg[13]      ; multiplier_datapath:datapath|product_reg[13]      ; clk          ; clk         ; 0.000        ; 0.080      ; 0.922      ;
; 0.656 ; multiplier_datapath:datapath|product_reg[3]       ; multiplier_datapath:datapath|product_reg[3]       ; clk          ; clk         ; 0.000        ; 0.080      ; 0.922      ;
; 0.656 ; multiplier_datapath:datapath|product_reg[2]       ; multiplier_datapath:datapath|product_reg[2]       ; clk          ; clk         ; 0.000        ; 0.080      ; 0.922      ;
; 0.656 ; multiplier_datapath:datapath|multiplier_reg[18]   ; multiplier_datapath:datapath|multiplier_reg[17]   ; clk          ; clk         ; 0.000        ; 0.081      ; 0.923      ;
; 0.656 ; multiplier_datapath:datapath|multiplier_reg[19]   ; multiplier_datapath:datapath|multiplier_reg[18]   ; clk          ; clk         ; 0.000        ; 0.081      ; 0.923      ;
; 0.656 ; multiplier_datapath:datapath|multiplier_reg[20]   ; multiplier_datapath:datapath|multiplier_reg[19]   ; clk          ; clk         ; 0.000        ; 0.081      ; 0.923      ;
; 0.656 ; multiplier_datapath:datapath|multiplier_reg[26]   ; multiplier_datapath:datapath|multiplier_reg[25]   ; clk          ; clk         ; 0.000        ; 0.081      ; 0.923      ;
; 0.657 ; multiplier_datapath:datapath|product_reg[56]      ; multiplier_datapath:datapath|product_reg[56]      ; clk          ; clk         ; 0.000        ; 0.082      ; 0.925      ;
; 0.657 ; multiplier_datapath:datapath|product_reg[44]      ; multiplier_datapath:datapath|product_reg[44]      ; clk          ; clk         ; 0.000        ; 0.081      ; 0.924      ;
; 0.657 ; multiplier_datapath:datapath|product_reg[43]      ; multiplier_datapath:datapath|product_reg[43]      ; clk          ; clk         ; 0.000        ; 0.081      ; 0.924      ;
; 0.657 ; multiplier_datapath:datapath|product_reg[42]      ; multiplier_datapath:datapath|product_reg[42]      ; clk          ; clk         ; 0.000        ; 0.081      ; 0.924      ;
; 0.657 ; multiplier_datapath:datapath|multiplicand_reg[39] ; multiplier_datapath:datapath|multiplicand_reg[40] ; clk          ; clk         ; 0.000        ; 0.082      ; 0.925      ;
; 0.657 ; multiplier_datapath:datapath|multiplicand_reg[37] ; multiplier_datapath:datapath|multiplicand_reg[38] ; clk          ; clk         ; 0.000        ; 0.082      ; 0.925      ;
; 0.657 ; multiplier_datapath:datapath|product_reg[24]      ; multiplier_datapath:datapath|product_reg[24]      ; clk          ; clk         ; 0.000        ; 0.081      ; 0.924      ;
; 0.657 ; multiplier_datapath:datapath|product_reg[12]      ; multiplier_datapath:datapath|product_reg[12]      ; clk          ; clk         ; 0.000        ; 0.080      ; 0.923      ;
; 0.657 ; multiplier_datapath:datapath|product_reg[11]      ; multiplier_datapath:datapath|product_reg[11]      ; clk          ; clk         ; 0.000        ; 0.080      ; 0.923      ;
; 0.657 ; multiplier_datapath:datapath|product_reg[10]      ; multiplier_datapath:datapath|product_reg[10]      ; clk          ; clk         ; 0.000        ; 0.080      ; 0.923      ;
; 0.657 ; multiplier_datapath:datapath|product_reg[8]       ; multiplier_datapath:datapath|product_reg[8]       ; clk          ; clk         ; 0.000        ; 0.080      ; 0.923      ;
; 0.657 ; multiplier_datapath:datapath|product_reg[5]       ; multiplier_datapath:datapath|product_reg[5]       ; clk          ; clk         ; 0.000        ; 0.080      ; 0.923      ;
; 0.657 ; multiplier_datapath:datapath|multiplier_reg[3]    ; multiplier_datapath:datapath|multiplier_reg[2]    ; clk          ; clk         ; 0.000        ; 0.080      ; 0.923      ;
; 0.657 ; multiplier_datapath:datapath|multiplier_reg[4]    ; multiplier_datapath:datapath|multiplier_reg[3]    ; clk          ; clk         ; 0.000        ; 0.080      ; 0.923      ;
; 0.657 ; multiplier_datapath:datapath|multiplier_reg[5]    ; multiplier_datapath:datapath|multiplier_reg[4]    ; clk          ; clk         ; 0.000        ; 0.080      ; 0.923      ;
; 0.657 ; multiplier_datapath:datapath|multiplier_reg[17]   ; multiplier_datapath:datapath|multiplier_reg[16]   ; clk          ; clk         ; 0.000        ; 0.081      ; 0.924      ;
; 0.657 ; multiplier_datapath:datapath|multiplier_reg[24]   ; multiplier_datapath:datapath|multiplier_reg[23]   ; clk          ; clk         ; 0.000        ; 0.081      ; 0.924      ;
; 0.658 ; multiplier_datapath:datapath|product_reg[63]      ; multiplier_datapath:datapath|product_reg[63]      ; clk          ; clk         ; 0.000        ; 0.082      ; 0.926      ;
; 0.658 ; multiplier_datapath:datapath|product_reg[49]      ; multiplier_datapath:datapath|product_reg[49]      ; clk          ; clk         ; 0.000        ; 0.082      ; 0.926      ;
; 0.658 ; multiplier_datapath:datapath|product_reg[33]      ; multiplier_datapath:datapath|product_reg[33]      ; clk          ; clk         ; 0.000        ; 0.081      ; 0.925      ;
; 0.658 ; multiplier_datapath:datapath|product_reg[17]      ; multiplier_datapath:datapath|product_reg[17]      ; clk          ; clk         ; 0.000        ; 0.081      ; 0.925      ;
; 0.658 ; multiplier_datapath:datapath|multiplicand_reg[9]  ; multiplier_datapath:datapath|multiplicand_reg[10] ; clk          ; clk         ; 0.000        ; 0.081      ; 0.925      ;
; 0.658 ; multiplier_datapath:datapath|multiplicand_reg[5]  ; multiplier_datapath:datapath|multiplicand_reg[6]  ; clk          ; clk         ; 0.000        ; 0.081      ; 0.925      ;
; 0.658 ; multiplier_datapath:datapath|multiplier_reg[22]   ; multiplier_datapath:datapath|multiplier_reg[21]   ; clk          ; clk         ; 0.000        ; 0.081      ; 0.925      ;
; 0.659 ; multiplier_datapath:datapath|multiplicand_reg[44] ; multiplier_datapath:datapath|multiplicand_reg[45] ; clk          ; clk         ; 0.000        ; 0.082      ; 0.927      ;
; 0.659 ; multiplier_datapath:datapath|multiplicand_reg[42] ; multiplier_datapath:datapath|multiplicand_reg[43] ; clk          ; clk         ; 0.000        ; 0.082      ; 0.927      ;
; 0.659 ; multiplier_datapath:datapath|multiplicand_reg[40] ; multiplier_datapath:datapath|multiplicand_reg[41] ; clk          ; clk         ; 0.000        ; 0.082      ; 0.927      ;
; 0.659 ; multiplier_datapath:datapath|multiplicand_reg[11] ; multiplier_datapath:datapath|multiplicand_reg[12] ; clk          ; clk         ; 0.000        ; 0.081      ; 0.926      ;
; 0.659 ; multiplier_datapath:datapath|product_reg[1]       ; multiplier_datapath:datapath|product_reg[1]       ; clk          ; clk         ; 0.000        ; 0.080      ; 0.925      ;
; 0.659 ; multiplier_datapath:datapath|multiplier_reg[2]    ; multiplier_datapath:datapath|multiplier_reg[1]    ; clk          ; clk         ; 0.000        ; 0.080      ; 0.925      ;
; 0.660 ; multiplier_datapath:datapath|product_reg[55]      ; multiplier_datapath:datapath|product_reg[55]      ; clk          ; clk         ; 0.000        ; 0.082      ; 0.928      ;
; 0.660 ; multiplier_datapath:datapath|multiplicand_reg[43] ; multiplier_datapath:datapath|multiplicand_reg[44] ; clk          ; clk         ; 0.000        ; 0.082      ; 0.928      ;
; 0.660 ; multiplier_datapath:datapath|product_reg[41]      ; multiplier_datapath:datapath|product_reg[41]      ; clk          ; clk         ; 0.000        ; 0.081      ; 0.927      ;
; 0.660 ; multiplier_datapath:datapath|product_reg[39]      ; multiplier_datapath:datapath|product_reg[39]      ; clk          ; clk         ; 0.000        ; 0.081      ; 0.927      ;
; 0.660 ; multiplier_datapath:datapath|multiplicand_reg[36] ; multiplier_datapath:datapath|multiplicand_reg[37] ; clk          ; clk         ; 0.000        ; 0.082      ; 0.928      ;
+-------+---------------------------------------------------+---------------------------------------------------+--------------+-------------+--------------+------------+------------+


-----------------------------------------------
; Slow 1200mV 85C Model Metastability Summary ;
-----------------------------------------------
No synchronizer chains to report.


+--------------------------------------------------+
; Slow 1200mV 0C Model Fmax Summary                ;
+------------+-----------------+------------+------+
; Fmax       ; Restricted Fmax ; Clock Name ; Note ;
+------------+-----------------+------------+------+
; 188.54 MHz ; 188.54 MHz      ; clk        ;      ;
+------------+-----------------+------------+------+
This panel reports FMAX for every clock in the design, regardless of the user-specified clock periods.  FMAX is only computed for paths where the source and destination registers or ports are driven by the same clock.  Paths of different clocks, including generated clocks, are ignored.  For paths between a clock and its inversion, FMAX is computed as if the rising and falling edges are scaled along with FMAX, such that the duty cycle (in terms of a percentage) is maintained. Altera recommends that you always use clock constraints and other slack reports for sign-off analysis.


+------------------------------------+
; Slow 1200mV 0C Model Setup Summary ;
+-------+--------+-------------------+
; Clock ; Slack  ; End Point TNS     ;
+-------+--------+-------------------+
; clk   ; -4.304 ; -366.526          ;
+-------+--------+-------------------+


+-----------------------------------+
; Slow 1200mV 0C Model Hold Summary ;
+-------+-------+-------------------+
; Clock ; Slack ; End Point TNS     ;
+-------+-------+-------------------+
; clk   ; 0.354 ; 0.000             ;
+-------+-------+-------------------+


-----------------------------------------
; Slow 1200mV 0C Model Recovery Summary ;
-----------------------------------------
No paths to report.


----------------------------------------
; Slow 1200mV 0C Model Removal Summary ;
----------------------------------------
No paths to report.


+--------------------------------------------------+
; Slow 1200mV 0C Model Minimum Pulse Width Summary ;
+-------+--------+---------------------------------+
; Clock ; Slack  ; End Point TNS                   ;
+-------+--------+---------------------------------+
; clk   ; -3.000 ; -222.735                        ;
+-------+--------+---------------------------------+


+---------------------------------------------------------------------------------------------------------------------------------------------------------------------------------+
; Slow 1200mV 0C Model Setup: 'clk'                                                                                                                                               ;
+--------+---------------------------------------------------+----------------------------------------------+--------------+-------------+--------------+------------+------------+
; Slack  ; From Node                                         ; To Node                                      ; Launch Clock ; Latch Clock ; Relationship ; Clock Skew ; Data Delay ;
+--------+---------------------------------------------------+----------------------------------------------+--------------+-------------+--------------+------------+------------+
; -4.304 ; multiplier_datapath:datapath|multiplicand_reg[0]  ; multiplier_datapath:datapath|product_reg[63] ; clk          ; clk         ; 1.000        ; -0.064     ; 5.239      ;
; -4.235 ; multiplier_datapath:datapath|multiplicand_reg[1]  ; multiplier_datapath:datapath|product_reg[62] ; clk          ; clk         ; 1.000        ; -0.064     ; 5.170      ;
; -4.218 ; multiplier_datapath:datapath|multiplicand_reg[2]  ; multiplier_datapath:datapath|product_reg[63] ; clk          ; clk         ; 1.000        ; -0.064     ; 5.153      ;
; -4.206 ; multiplier_datapath:datapath|multiplicand_reg[1]  ; multiplier_datapath:datapath|product_reg[63] ; clk          ; clk         ; 1.000        ; -0.064     ; 5.141      ;
; -4.166 ; multiplier_datapath:datapath|multiplicand_reg[0]  ; multiplier_datapath:datapath|product_reg[62] ; clk          ; clk         ; 1.000        ; -0.064     ; 5.101      ;
; -4.135 ; multiplier_datapath:datapath|product_reg[0]       ; multiplier_datapath:datapath|product_reg[63] ; clk          ; clk         ; 1.000        ; -0.063     ; 5.071      ;
; -4.120 ; multiplier_datapath:datapath|multiplicand_reg[3]  ; multiplier_datapath:datapath|product_reg[62] ; clk          ; clk         ; 1.000        ; -0.064     ; 5.055      ;
; -4.115 ; multiplier_datapath:datapath|product_reg[1]       ; multiplier_datapath:datapath|product_reg[62] ; clk          ; clk         ; 1.000        ; -0.063     ; 5.051      ;
; -4.106 ; multiplier_datapath:datapath|multiplicand_reg[4]  ; multiplier_datapath:datapath|product_reg[63] ; clk          ; clk         ; 1.000        ; -0.064     ; 5.041      ;
; -4.091 ; multiplier_datapath:datapath|multiplicand_reg[3]  ; multiplier_datapath:datapath|product_reg[63] ; clk          ; clk         ; 1.000        ; -0.064     ; 5.026      ;
; -4.086 ; multiplier_datapath:datapath|product_reg[1]       ; multiplier_datapath:datapath|product_reg[63] ; clk          ; clk         ; 1.000        ; -0.063     ; 5.022      ;
; -4.073 ; multiplier_datapath:datapath|multiplicand_reg[2]  ; multiplier_datapath:datapath|product_reg[62] ; clk          ; clk         ; 1.000        ; -0.064     ; 5.008      ;
; -4.072 ; multiplier_datapath:datapath|multiplicand_reg[0]  ; multiplier_datapath:datapath|product_reg[59] ; clk          ; clk         ; 1.000        ; -0.064     ; 5.007      ;
; -4.064 ; multiplier_datapath:datapath|product_reg[4]       ; multiplier_datapath:datapath|product_reg[63] ; clk          ; clk         ; 1.000        ; -0.063     ; 5.000      ;
; -4.036 ; multiplier_datapath:datapath|product_reg[0]       ; multiplier_datapath:datapath|product_reg[62] ; clk          ; clk         ; 1.000        ; -0.063     ; 4.972      ;
; -4.033 ; multiplier_datapath:datapath|multiplicand_reg[8]  ; multiplier_datapath:datapath|product_reg[63] ; clk          ; clk         ; 1.000        ; -0.064     ; 4.968      ;
; -4.020 ; multiplier_datapath:datapath|product_reg[2]       ; multiplier_datapath:datapath|product_reg[63] ; clk          ; clk         ; 1.000        ; -0.063     ; 4.956      ;
; -4.005 ; multiplier_datapath:datapath|multiplicand_reg[5]  ; multiplier_datapath:datapath|product_reg[62] ; clk          ; clk         ; 1.000        ; -0.064     ; 4.940      ;
; -4.003 ; multiplier_datapath:datapath|multiplicand_reg[1]  ; multiplier_datapath:datapath|product_reg[58] ; clk          ; clk         ; 1.000        ; -0.064     ; 4.938      ;
; -3.997 ; multiplier_datapath:datapath|product_reg[3]       ; multiplier_datapath:datapath|product_reg[62] ; clk          ; clk         ; 1.000        ; -0.063     ; 4.933      ;
; -3.989 ; multiplier_datapath:datapath|multiplicand_reg[6]  ; multiplier_datapath:datapath|product_reg[63] ; clk          ; clk         ; 1.000        ; -0.064     ; 4.924      ;
; -3.986 ; multiplier_datapath:datapath|multiplicand_reg[2]  ; multiplier_datapath:datapath|product_reg[59] ; clk          ; clk         ; 1.000        ; -0.064     ; 4.921      ;
; -3.976 ; multiplier_datapath:datapath|multiplicand_reg[5]  ; multiplier_datapath:datapath|product_reg[63] ; clk          ; clk         ; 1.000        ; -0.064     ; 4.911      ;
; -3.974 ; multiplier_datapath:datapath|multiplicand_reg[1]  ; multiplier_datapath:datapath|product_reg[59] ; clk          ; clk         ; 1.000        ; -0.064     ; 4.909      ;
; -3.968 ; multiplier_datapath:datapath|product_reg[3]       ; multiplier_datapath:datapath|product_reg[63] ; clk          ; clk         ; 1.000        ; -0.063     ; 4.904      ;
; -3.961 ; multiplier_datapath:datapath|multiplicand_reg[4]  ; multiplier_datapath:datapath|product_reg[62] ; clk          ; clk         ; 1.000        ; -0.064     ; 4.896      ;
; -3.956 ; multiplier_datapath:datapath|multiplicand_reg[0]  ; multiplier_datapath:datapath|product_reg[57] ; clk          ; clk         ; 1.000        ; -0.064     ; 4.891      ;
; -3.935 ; multiplier_datapath:datapath|product_reg[4]       ; multiplier_datapath:datapath|product_reg[62] ; clk          ; clk         ; 1.000        ; -0.063     ; 4.871      ;
; -3.934 ; multiplier_datapath:datapath|multiplicand_reg[0]  ; multiplier_datapath:datapath|product_reg[58] ; clk          ; clk         ; 1.000        ; -0.064     ; 4.869      ;
; -3.921 ; multiplier_datapath:datapath|product_reg[2]       ; multiplier_datapath:datapath|product_reg[62] ; clk          ; clk         ; 1.000        ; -0.063     ; 4.857      ;
; -3.909 ; multiplier_datapath:datapath|multiplicand_reg[7]  ; multiplier_datapath:datapath|product_reg[62] ; clk          ; clk         ; 1.000        ; -0.064     ; 4.844      ;
; -3.903 ; multiplier_datapath:datapath|product_reg[0]       ; multiplier_datapath:datapath|product_reg[59] ; clk          ; clk         ; 1.000        ; -0.063     ; 4.839      ;
; -3.888 ; multiplier_datapath:datapath|multiplicand_reg[8]  ; multiplier_datapath:datapath|product_reg[62] ; clk          ; clk         ; 1.000        ; -0.064     ; 4.823      ;
; -3.888 ; multiplier_datapath:datapath|multiplicand_reg[3]  ; multiplier_datapath:datapath|product_reg[58] ; clk          ; clk         ; 1.000        ; -0.064     ; 4.823      ;
; -3.887 ; multiplier_datapath:datapath|multiplicand_reg[1]  ; multiplier_datapath:datapath|product_reg[56] ; clk          ; clk         ; 1.000        ; -0.064     ; 4.822      ;
; -3.883 ; multiplier_datapath:datapath|product_reg[1]       ; multiplier_datapath:datapath|product_reg[58] ; clk          ; clk         ; 1.000        ; -0.063     ; 4.819      ;
; -3.881 ; multiplier_datapath:datapath|product_reg[5]       ; multiplier_datapath:datapath|product_reg[62] ; clk          ; clk         ; 1.000        ; -0.063     ; 4.817      ;
; -3.880 ; multiplier_datapath:datapath|multiplicand_reg[7]  ; multiplier_datapath:datapath|product_reg[63] ; clk          ; clk         ; 1.000        ; -0.064     ; 4.815      ;
; -3.874 ; multiplier_datapath:datapath|multiplicand_reg[4]  ; multiplier_datapath:datapath|product_reg[59] ; clk          ; clk         ; 1.000        ; -0.064     ; 4.809      ;
; -3.870 ; multiplier_datapath:datapath|multiplicand_reg[2]  ; multiplier_datapath:datapath|product_reg[57] ; clk          ; clk         ; 1.000        ; -0.064     ; 4.805      ;
; -3.859 ; multiplier_datapath:datapath|multiplicand_reg[3]  ; multiplier_datapath:datapath|product_reg[59] ; clk          ; clk         ; 1.000        ; -0.064     ; 4.794      ;
; -3.858 ; multiplier_datapath:datapath|multiplicand_reg[1]  ; multiplier_datapath:datapath|product_reg[57] ; clk          ; clk         ; 1.000        ; -0.064     ; 4.793      ;
; -3.854 ; multiplier_datapath:datapath|product_reg[1]       ; multiplier_datapath:datapath|product_reg[59] ; clk          ; clk         ; 1.000        ; -0.063     ; 4.790      ;
; -3.852 ; multiplier_datapath:datapath|multiplicand_reg[11] ; multiplier_datapath:datapath|product_reg[62] ; clk          ; clk         ; 1.000        ; -0.064     ; 4.787      ;
; -3.852 ; multiplier_datapath:datapath|product_reg[5]       ; multiplier_datapath:datapath|product_reg[63] ; clk          ; clk         ; 1.000        ; -0.063     ; 4.788      ;
; -3.844 ; multiplier_datapath:datapath|multiplicand_reg[6]  ; multiplier_datapath:datapath|product_reg[62] ; clk          ; clk         ; 1.000        ; -0.064     ; 4.779      ;
; -3.841 ; multiplier_datapath:datapath|multiplicand_reg[2]  ; multiplier_datapath:datapath|product_reg[58] ; clk          ; clk         ; 1.000        ; -0.064     ; 4.776      ;
; -3.840 ; multiplier_datapath:datapath|multiplicand_reg[0]  ; multiplier_datapath:datapath|product_reg[55] ; clk          ; clk         ; 1.000        ; -0.064     ; 4.775      ;
; -3.832 ; multiplier_datapath:datapath|product_reg[4]       ; multiplier_datapath:datapath|product_reg[59] ; clk          ; clk         ; 1.000        ; -0.063     ; 4.768      ;
; -3.823 ; multiplier_datapath:datapath|multiplicand_reg[11] ; multiplier_datapath:datapath|product_reg[63] ; clk          ; clk         ; 1.000        ; -0.064     ; 4.758      ;
; -3.818 ; multiplier_datapath:datapath|multiplicand_reg[0]  ; multiplier_datapath:datapath|product_reg[56] ; clk          ; clk         ; 1.000        ; -0.064     ; 4.753      ;
; -3.804 ; multiplier_datapath:datapath|product_reg[0]       ; multiplier_datapath:datapath|product_reg[58] ; clk          ; clk         ; 1.000        ; -0.063     ; 4.740      ;
; -3.801 ; multiplier_datapath:datapath|multiplicand_reg[9]  ; multiplier_datapath:datapath|product_reg[62] ; clk          ; clk         ; 1.000        ; -0.064     ; 4.736      ;
; -3.801 ; multiplier_datapath:datapath|multiplicand_reg[8]  ; multiplier_datapath:datapath|product_reg[59] ; clk          ; clk         ; 1.000        ; -0.064     ; 4.736      ;
; -3.788 ; multiplier_datapath:datapath|product_reg[2]       ; multiplier_datapath:datapath|product_reg[59] ; clk          ; clk         ; 1.000        ; -0.063     ; 4.724      ;
; -3.787 ; multiplier_datapath:datapath|product_reg[0]       ; multiplier_datapath:datapath|product_reg[57] ; clk          ; clk         ; 1.000        ; -0.063     ; 4.723      ;
; -3.784 ; multiplier_datapath:datapath|product_reg[6]       ; multiplier_datapath:datapath|product_reg[63] ; clk          ; clk         ; 1.000        ; -0.063     ; 4.720      ;
; -3.778 ; multiplier_datapath:datapath|multiplicand_reg[0]  ; multiplier_datapath:datapath|product_reg[61] ; clk          ; clk         ; 1.000        ; 0.346      ; 5.123      ;
; -3.773 ; multiplier_datapath:datapath|multiplicand_reg[5]  ; multiplier_datapath:datapath|product_reg[58] ; clk          ; clk         ; 1.000        ; -0.064     ; 4.708      ;
; -3.772 ; multiplier_datapath:datapath|multiplicand_reg[9]  ; multiplier_datapath:datapath|product_reg[63] ; clk          ; clk         ; 1.000        ; -0.064     ; 4.707      ;
; -3.772 ; multiplier_datapath:datapath|multiplicand_reg[3]  ; multiplier_datapath:datapath|product_reg[56] ; clk          ; clk         ; 1.000        ; -0.064     ; 4.707      ;
; -3.771 ; multiplier_datapath:datapath|multiplicand_reg[1]  ; multiplier_datapath:datapath|product_reg[54] ; clk          ; clk         ; 1.000        ; -0.064     ; 4.706      ;
; -3.769 ; multiplier_datapath:datapath|product_reg[7]       ; multiplier_datapath:datapath|product_reg[62] ; clk          ; clk         ; 1.000        ; -0.063     ; 4.705      ;
; -3.767 ; multiplier_datapath:datapath|product_reg[1]       ; multiplier_datapath:datapath|product_reg[56] ; clk          ; clk         ; 1.000        ; -0.063     ; 4.703      ;
; -3.765 ; multiplier_datapath:datapath|product_reg[3]       ; multiplier_datapath:datapath|product_reg[58] ; clk          ; clk         ; 1.000        ; -0.063     ; 4.701      ;
; -3.761 ; multiplier_datapath:datapath|multiplicand_reg[10] ; multiplier_datapath:datapath|product_reg[63] ; clk          ; clk         ; 1.000        ; -0.064     ; 4.696      ;
; -3.758 ; multiplier_datapath:datapath|multiplicand_reg[4]  ; multiplier_datapath:datapath|product_reg[57] ; clk          ; clk         ; 1.000        ; -0.064     ; 4.693      ;
; -3.757 ; multiplier_datapath:datapath|multiplicand_reg[6]  ; multiplier_datapath:datapath|product_reg[59] ; clk          ; clk         ; 1.000        ; -0.064     ; 4.692      ;
; -3.754 ; multiplier_datapath:datapath|multiplicand_reg[2]  ; multiplier_datapath:datapath|product_reg[55] ; clk          ; clk         ; 1.000        ; -0.064     ; 4.689      ;
; -3.744 ; multiplier_datapath:datapath|multiplicand_reg[5]  ; multiplier_datapath:datapath|product_reg[59] ; clk          ; clk         ; 1.000        ; -0.064     ; 4.679      ;
; -3.743 ; multiplier_datapath:datapath|multiplicand_reg[3]  ; multiplier_datapath:datapath|product_reg[57] ; clk          ; clk         ; 1.000        ; -0.064     ; 4.678      ;
; -3.742 ; multiplier_datapath:datapath|multiplicand_reg[1]  ; multiplier_datapath:datapath|product_reg[55] ; clk          ; clk         ; 1.000        ; -0.064     ; 4.677      ;
; -3.740 ; multiplier_datapath:datapath|product_reg[7]       ; multiplier_datapath:datapath|product_reg[63] ; clk          ; clk         ; 1.000        ; -0.063     ; 4.676      ;
; -3.738 ; multiplier_datapath:datapath|product_reg[1]       ; multiplier_datapath:datapath|product_reg[57] ; clk          ; clk         ; 1.000        ; -0.063     ; 4.674      ;
; -3.736 ; multiplier_datapath:datapath|product_reg[3]       ; multiplier_datapath:datapath|product_reg[59] ; clk          ; clk         ; 1.000        ; -0.063     ; 4.672      ;
; -3.729 ; multiplier_datapath:datapath|multiplicand_reg[4]  ; multiplier_datapath:datapath|product_reg[58] ; clk          ; clk         ; 1.000        ; -0.064     ; 4.664      ;
; -3.725 ; multiplier_datapath:datapath|multiplicand_reg[2]  ; multiplier_datapath:datapath|product_reg[56] ; clk          ; clk         ; 1.000        ; -0.064     ; 4.660      ;
; -3.724 ; multiplier_datapath:datapath|multiplicand_reg[0]  ; multiplier_datapath:datapath|product_reg[53] ; clk          ; clk         ; 1.000        ; -0.064     ; 4.659      ;
; -3.716 ; multiplier_datapath:datapath|product_reg[4]       ; multiplier_datapath:datapath|product_reg[57] ; clk          ; clk         ; 1.000        ; -0.063     ; 4.652      ;
; -3.713 ; multiplier_datapath:datapath|product_reg[14]      ; multiplier_datapath:datapath|product_reg[63] ; clk          ; clk         ; 1.000        ; -0.063     ; 4.649      ;
; -3.709 ; multiplier_datapath:datapath|multiplicand_reg[1]  ; multiplier_datapath:datapath|product_reg[60] ; clk          ; clk         ; 1.000        ; 0.346      ; 5.054      ;
; -3.703 ; multiplier_datapath:datapath|product_reg[4]       ; multiplier_datapath:datapath|product_reg[58] ; clk          ; clk         ; 1.000        ; -0.063     ; 4.639      ;
; -3.702 ; multiplier_datapath:datapath|multiplicand_reg[0]  ; multiplier_datapath:datapath|product_reg[54] ; clk          ; clk         ; 1.000        ; -0.064     ; 4.637      ;
; -3.695 ; multiplier_datapath:datapath|product_reg[6]       ; multiplier_datapath:datapath|product_reg[62] ; clk          ; clk         ; 1.000        ; -0.063     ; 4.631      ;
; -3.692 ; multiplier_datapath:datapath|multiplicand_reg[2]  ; multiplier_datapath:datapath|product_reg[61] ; clk          ; clk         ; 1.000        ; 0.346      ; 5.037      ;
; -3.689 ; multiplier_datapath:datapath|product_reg[2]       ; multiplier_datapath:datapath|product_reg[58] ; clk          ; clk         ; 1.000        ; -0.063     ; 4.625      ;
; -3.688 ; multiplier_datapath:datapath|product_reg[0]       ; multiplier_datapath:datapath|product_reg[56] ; clk          ; clk         ; 1.000        ; -0.063     ; 4.624      ;
; -3.685 ; multiplier_datapath:datapath|multiplicand_reg[8]  ; multiplier_datapath:datapath|product_reg[57] ; clk          ; clk         ; 1.000        ; -0.064     ; 4.620      ;
; -3.680 ; multiplier_datapath:datapath|multiplicand_reg[1]  ; multiplier_datapath:datapath|product_reg[61] ; clk          ; clk         ; 1.000        ; 0.346      ; 5.025      ;
; -3.677 ; multiplier_datapath:datapath|multiplicand_reg[7]  ; multiplier_datapath:datapath|product_reg[58] ; clk          ; clk         ; 1.000        ; -0.064     ; 4.612      ;
; -3.673 ; multiplier_datapath:datapath|product_reg[8]       ; multiplier_datapath:datapath|product_reg[63] ; clk          ; clk         ; 1.000        ; -0.063     ; 4.609      ;
; -3.672 ; multiplier_datapath:datapath|product_reg[2]       ; multiplier_datapath:datapath|product_reg[57] ; clk          ; clk         ; 1.000        ; -0.063     ; 4.608      ;
; -3.671 ; multiplier_datapath:datapath|product_reg[0]       ; multiplier_datapath:datapath|product_reg[55] ; clk          ; clk         ; 1.000        ; -0.063     ; 4.607      ;
; -3.657 ; multiplier_datapath:datapath|multiplicand_reg[5]  ; multiplier_datapath:datapath|product_reg[56] ; clk          ; clk         ; 1.000        ; -0.064     ; 4.592      ;
; -3.656 ; multiplier_datapath:datapath|multiplicand_reg[8]  ; multiplier_datapath:datapath|product_reg[58] ; clk          ; clk         ; 1.000        ; -0.064     ; 4.591      ;
; -3.656 ; multiplier_datapath:datapath|multiplicand_reg[3]  ; multiplier_datapath:datapath|product_reg[54] ; clk          ; clk         ; 1.000        ; -0.064     ; 4.591      ;
; -3.655 ; multiplier_datapath:datapath|multiplicand_reg[1]  ; multiplier_datapath:datapath|product_reg[52] ; clk          ; clk         ; 1.000        ; -0.064     ; 4.590      ;
; -3.653 ; multiplier_datapath:datapath|product_reg[9]       ; multiplier_datapath:datapath|product_reg[62] ; clk          ; clk         ; 1.000        ; -0.063     ; 4.589      ;
; -3.651 ; multiplier_datapath:datapath|product_reg[1]       ; multiplier_datapath:datapath|product_reg[54] ; clk          ; clk         ; 1.000        ; -0.063     ; 4.587      ;
; -3.649 ; multiplier_datapath:datapath|product_reg[5]       ; multiplier_datapath:datapath|product_reg[58] ; clk          ; clk         ; 1.000        ; -0.063     ; 4.585      ;
+--------+---------------------------------------------------+----------------------------------------------+--------------+-------------+--------------+------------+------------+


+-------------------------------------------------------------------------------------------------------------------------------------------------------------------------------------+
; Slow 1200mV 0C Model Hold: 'clk'                                                                                                                                                    ;
+-------+---------------------------------------------------+---------------------------------------------------+--------------+-------------+--------------+------------+------------+
; Slack ; From Node                                         ; To Node                                           ; Launch Clock ; Latch Clock ; Relationship ; Clock Skew ; Data Delay ;
+-------+---------------------------------------------------+---------------------------------------------------+--------------+-------------+--------------+------------+------------+
; 0.354 ; multiplier_control:control|state.DONE             ; multiplier_control:control|state.DONE             ; clk          ; clk         ; 0.000        ; 0.072      ; 0.597      ;
; 0.354 ; multiplier_control:control|state.IDLE             ; multiplier_control:control|state.IDLE             ; clk          ; clk         ; 0.000        ; 0.072      ; 0.597      ;
; 0.396 ; multiplier_datapath:datapath|multiplier_reg[10]   ; multiplier_datapath:datapath|multiplier_reg[9]    ; clk          ; clk         ; 0.000        ; 0.071      ; 0.638      ;
; 0.396 ; multiplier_datapath:datapath|multiplier_reg[30]   ; multiplier_datapath:datapath|multiplier_reg[29]   ; clk          ; clk         ; 0.000        ; 0.072      ; 0.639      ;
; 0.400 ; multiplier_datapath:datapath|multiplier_reg[8]    ; multiplier_datapath:datapath|multiplier_reg[7]    ; clk          ; clk         ; 0.000        ; 0.071      ; 0.642      ;
; 0.401 ; multiplier_control:control|state.DONE             ; multiplier_control:control|state.IDLE             ; clk          ; clk         ; 0.000        ; 0.072      ; 0.644      ;
; 0.414 ; multiplier_datapath:datapath|multiplicand_reg[2]  ; multiplier_datapath:datapath|multiplicand_reg[3]  ; clk          ; clk         ; 0.000        ; 0.073      ; 0.658      ;
; 0.416 ; multiplier_datapath:datapath|multiplicand_reg[13] ; multiplier_datapath:datapath|multiplicand_reg[14] ; clk          ; clk         ; 0.000        ; 0.073      ; 0.660      ;
; 0.416 ; multiplier_datapath:datapath|multiplicand_reg[10] ; multiplier_datapath:datapath|multiplicand_reg[11] ; clk          ; clk         ; 0.000        ; 0.073      ; 0.660      ;
; 0.416 ; multiplier_datapath:datapath|multiplicand_reg[3]  ; multiplier_datapath:datapath|multiplicand_reg[4]  ; clk          ; clk         ; 0.000        ; 0.073      ; 0.660      ;
; 0.417 ; multiplier_datapath:datapath|multiplicand_reg[7]  ; multiplier_datapath:datapath|multiplicand_reg[8]  ; clk          ; clk         ; 0.000        ; 0.073      ; 0.661      ;
; 0.507 ; multiplier_control:control|state.IDLE             ; multiplier_control:control|state.LOAD             ; clk          ; clk         ; 0.000        ; 0.072      ; 0.750      ;
; 0.518 ; multiplier_datapath:datapath|multiplicand_reg[61] ; multiplier_datapath:datapath|product_reg[61]      ; clk          ; clk         ; 0.000        ; 0.501      ; 1.190      ;
; 0.526 ; multiplier_datapath:datapath|multiplicand_reg[41] ; multiplier_datapath:datapath|multiplicand_reg[42] ; clk          ; clk         ; 0.000        ; 0.073      ; 0.770      ;
; 0.526 ; multiplier_datapath:datapath|multiplicand_reg[38] ; multiplier_datapath:datapath|multiplicand_reg[39] ; clk          ; clk         ; 0.000        ; 0.073      ; 0.770      ;
; 0.527 ; multiplier_datapath:datapath|multiplicand_reg[35] ; multiplier_datapath:datapath|multiplicand_reg[36] ; clk          ; clk         ; 0.000        ; 0.073      ; 0.771      ;
; 0.528 ; multiplier_datapath:datapath|multiplicand_reg[59] ; multiplier_datapath:datapath|multiplicand_reg[60] ; clk          ; clk         ; 0.000        ; 0.073      ; 0.772      ;
; 0.528 ; multiplier_datapath:datapath|multiplicand_reg[56] ; multiplier_datapath:datapath|multiplicand_reg[57] ; clk          ; clk         ; 0.000        ; 0.073      ; 0.772      ;
; 0.528 ; multiplier_datapath:datapath|multiplicand_reg[53] ; multiplier_datapath:datapath|multiplicand_reg[54] ; clk          ; clk         ; 0.000        ; 0.073      ; 0.772      ;
; 0.528 ; multiplier_datapath:datapath|multiplicand_reg[48] ; multiplier_datapath:datapath|multiplicand_reg[49] ; clk          ; clk         ; 0.000        ; 0.073      ; 0.772      ;
; 0.528 ; multiplier_datapath:datapath|multiplicand_reg[46] ; multiplier_datapath:datapath|multiplicand_reg[47] ; clk          ; clk         ; 0.000        ; 0.073      ; 0.772      ;
; 0.528 ; multiplier_datapath:datapath|multiplicand_reg[45] ; multiplier_datapath:datapath|multiplicand_reg[46] ; clk          ; clk         ; 0.000        ; 0.073      ; 0.772      ;
; 0.528 ; multiplier_datapath:datapath|multiplicand_reg[27] ; multiplier_datapath:datapath|multiplicand_reg[28] ; clk          ; clk         ; 0.000        ; 0.073      ; 0.772      ;
; 0.529 ; multiplier_datapath:datapath|multiplicand_reg[61] ; multiplier_datapath:datapath|multiplicand_reg[62] ; clk          ; clk         ; 0.000        ; 0.073      ; 0.773      ;
; 0.539 ; multiplier_datapath:datapath|multiplicand_reg[60] ; multiplier_datapath:datapath|product_reg[60]      ; clk          ; clk         ; 0.000        ; 0.501      ; 1.211      ;
; 0.557 ; multiplier_control:control|state.LOAD             ; multiplier_control:control|state.ADD_OR_SKIP      ; clk          ; clk         ; 0.000        ; 0.072      ; 0.800      ;
; 0.582 ; multiplier_datapath:datapath|product_reg[61]      ; multiplier_datapath:datapath|product_reg[61]      ; clk          ; clk         ; 0.000        ; 0.090      ; 0.843      ;
; 0.585 ; multiplier_datapath:datapath|product_reg[60]      ; multiplier_datapath:datapath|product_reg[60]      ; clk          ; clk         ; 0.000        ; 0.090      ; 0.846      ;
; 0.586 ; multiplier_control:control|count[5]               ; multiplier_control:control|count[5]               ; clk          ; clk         ; 0.000        ; 0.072      ; 0.829      ;
; 0.586 ; multiplier_control:control|count[3]               ; multiplier_control:control|count[3]               ; clk          ; clk         ; 0.000        ; 0.072      ; 0.829      ;
; 0.586 ; multiplier_control:control|count[1]               ; multiplier_control:control|count[1]               ; clk          ; clk         ; 0.000        ; 0.072      ; 0.829      ;
; 0.586 ; multiplier_datapath:datapath|product_reg[56]      ; multiplier_datapath:datapath|product_reg[60]      ; clk          ; clk         ; 0.000        ; 0.500      ; 1.257      ;
; 0.590 ; multiplier_control:control|count[4]               ; multiplier_control:control|count[4]               ; clk          ; clk         ; 0.000        ; 0.072      ; 0.833      ;
; 0.591 ; multiplier_control:control|count[2]               ; multiplier_control:control|count[2]               ; clk          ; clk         ; 0.000        ; 0.072      ; 0.834      ;
; 0.597 ; multiplier_datapath:datapath|product_reg[31]      ; multiplier_datapath:datapath|product_reg[31]      ; clk          ; clk         ; 0.000        ; 0.073      ; 0.841      ;
; 0.597 ; multiplier_datapath:datapath|product_reg[22]      ; multiplier_datapath:datapath|product_reg[22]      ; clk          ; clk         ; 0.000        ; 0.073      ; 0.841      ;
; 0.598 ; multiplier_datapath:datapath|product_reg[27]      ; multiplier_datapath:datapath|product_reg[27]      ; clk          ; clk         ; 0.000        ; 0.073      ; 0.842      ;
; 0.598 ; multiplier_datapath:datapath|product_reg[21]      ; multiplier_datapath:datapath|product_reg[21]      ; clk          ; clk         ; 0.000        ; 0.073      ; 0.842      ;
; 0.598 ; multiplier_datapath:datapath|product_reg[19]      ; multiplier_datapath:datapath|product_reg[19]      ; clk          ; clk         ; 0.000        ; 0.073      ; 0.842      ;
; 0.598 ; multiplier_datapath:datapath|product_reg[15]      ; multiplier_datapath:datapath|product_reg[15]      ; clk          ; clk         ; 0.000        ; 0.072      ; 0.841      ;
; 0.598 ; multiplier_datapath:datapath|product_reg[13]      ; multiplier_datapath:datapath|product_reg[13]      ; clk          ; clk         ; 0.000        ; 0.072      ; 0.841      ;
; 0.598 ; multiplier_datapath:datapath|product_reg[6]       ; multiplier_datapath:datapath|product_reg[6]       ; clk          ; clk         ; 0.000        ; 0.072      ; 0.841      ;
; 0.598 ; multiplier_datapath:datapath|product_reg[3]       ; multiplier_datapath:datapath|product_reg[3]       ; clk          ; clk         ; 0.000        ; 0.072      ; 0.841      ;
; 0.599 ; multiplier_datapath:datapath|product_reg[54]      ; multiplier_datapath:datapath|product_reg[54]      ; clk          ; clk         ; 0.000        ; 0.073      ; 0.843      ;
; 0.599 ; multiplier_datapath:datapath|product_reg[53]      ; multiplier_datapath:datapath|product_reg[53]      ; clk          ; clk         ; 0.000        ; 0.073      ; 0.843      ;
; 0.599 ; multiplier_datapath:datapath|product_reg[51]      ; multiplier_datapath:datapath|product_reg[51]      ; clk          ; clk         ; 0.000        ; 0.073      ; 0.843      ;
; 0.599 ; multiplier_datapath:datapath|product_reg[47]      ; multiplier_datapath:datapath|product_reg[47]      ; clk          ; clk         ; 0.000        ; 0.072      ; 0.842      ;
; 0.599 ; multiplier_datapath:datapath|product_reg[45]      ; multiplier_datapath:datapath|product_reg[45]      ; clk          ; clk         ; 0.000        ; 0.072      ; 0.842      ;
; 0.599 ; multiplier_datapath:datapath|product_reg[38]      ; multiplier_datapath:datapath|product_reg[38]      ; clk          ; clk         ; 0.000        ; 0.072      ; 0.842      ;
; 0.599 ; multiplier_datapath:datapath|product_reg[35]      ; multiplier_datapath:datapath|product_reg[35]      ; clk          ; clk         ; 0.000        ; 0.072      ; 0.842      ;
; 0.599 ; multiplier_datapath:datapath|product_reg[16]      ; multiplier_datapath:datapath|product_reg[16]      ; clk          ; clk         ; 0.000        ; 0.073      ; 0.843      ;
; 0.599 ; multiplier_datapath:datapath|product_reg[11]      ; multiplier_datapath:datapath|product_reg[11]      ; clk          ; clk         ; 0.000        ; 0.072      ; 0.842      ;
; 0.599 ; multiplier_datapath:datapath|product_reg[5]       ; multiplier_datapath:datapath|product_reg[5]       ; clk          ; clk         ; 0.000        ; 0.072      ; 0.842      ;
; 0.599 ; multiplier_control:control|state.SHIFT            ; multiplier_control:control|state.DONE             ; clk          ; clk         ; 0.000        ; 0.072      ; 0.842      ;
; 0.600 ; multiplier_datapath:datapath|product_reg[63]      ; multiplier_datapath:datapath|product_reg[63]      ; clk          ; clk         ; 0.000        ; 0.073      ; 0.844      ;
; 0.600 ; multiplier_datapath:datapath|product_reg[43]      ; multiplier_datapath:datapath|product_reg[43]      ; clk          ; clk         ; 0.000        ; 0.072      ; 0.843      ;
; 0.600 ; multiplier_datapath:datapath|product_reg[37]      ; multiplier_datapath:datapath|product_reg[37]      ; clk          ; clk         ; 0.000        ; 0.072      ; 0.843      ;
; 0.600 ; multiplier_datapath:datapath|product_reg[28]      ; multiplier_datapath:datapath|product_reg[28]      ; clk          ; clk         ; 0.000        ; 0.073      ; 0.844      ;
; 0.600 ; multiplier_datapath:datapath|product_reg[20]      ; multiplier_datapath:datapath|product_reg[20]      ; clk          ; clk         ; 0.000        ; 0.073      ; 0.844      ;
; 0.600 ; multiplier_datapath:datapath|product_reg[18]      ; multiplier_datapath:datapath|product_reg[18]      ; clk          ; clk         ; 0.000        ; 0.073      ; 0.844      ;
; 0.600 ; multiplier_datapath:datapath|product_reg[2]       ; multiplier_datapath:datapath|product_reg[2]       ; clk          ; clk         ; 0.000        ; 0.072      ; 0.843      ;
; 0.601 ; multiplier_datapath:datapath|product_reg[52]      ; multiplier_datapath:datapath|product_reg[52]      ; clk          ; clk         ; 0.000        ; 0.073      ; 0.845      ;
; 0.601 ; multiplier_datapath:datapath|product_reg[50]      ; multiplier_datapath:datapath|product_reg[50]      ; clk          ; clk         ; 0.000        ; 0.073      ; 0.845      ;
; 0.601 ; multiplier_datapath:datapath|product_reg[46]      ; multiplier_datapath:datapath|product_reg[46]      ; clk          ; clk         ; 0.000        ; 0.072      ; 0.844      ;
; 0.601 ; multiplier_datapath:datapath|multiplicand_reg[39] ; multiplier_datapath:datapath|multiplicand_reg[40] ; clk          ; clk         ; 0.000        ; 0.073      ; 0.845      ;
; 0.601 ; multiplier_datapath:datapath|multiplicand_reg[37] ; multiplier_datapath:datapath|multiplicand_reg[38] ; clk          ; clk         ; 0.000        ; 0.073      ; 0.845      ;
; 0.601 ; multiplier_datapath:datapath|product_reg[34]      ; multiplier_datapath:datapath|product_reg[34]      ; clk          ; clk         ; 0.000        ; 0.072      ; 0.844      ;
; 0.601 ; multiplier_datapath:datapath|product_reg[24]      ; multiplier_datapath:datapath|product_reg[24]      ; clk          ; clk         ; 0.000        ; 0.073      ; 0.845      ;
; 0.601 ; multiplier_datapath:datapath|product_reg[17]      ; multiplier_datapath:datapath|product_reg[17]      ; clk          ; clk         ; 0.000        ; 0.073      ; 0.845      ;
; 0.601 ; multiplier_datapath:datapath|product_reg[12]      ; multiplier_datapath:datapath|product_reg[12]      ; clk          ; clk         ; 0.000        ; 0.072      ; 0.844      ;
; 0.601 ; multiplier_datapath:datapath|product_reg[10]      ; multiplier_datapath:datapath|product_reg[10]      ; clk          ; clk         ; 0.000        ; 0.072      ; 0.844      ;
; 0.601 ; multiplier_datapath:datapath|multiplicand_reg[9]  ; multiplier_datapath:datapath|multiplicand_reg[10] ; clk          ; clk         ; 0.000        ; 0.073      ; 0.845      ;
; 0.601 ; multiplier_datapath:datapath|multiplicand_reg[5]  ; multiplier_datapath:datapath|multiplicand_reg[6]  ; clk          ; clk         ; 0.000        ; 0.073      ; 0.845      ;
; 0.602 ; multiplier_datapath:datapath|product_reg[56]      ; multiplier_datapath:datapath|product_reg[56]      ; clk          ; clk         ; 0.000        ; 0.073      ; 0.846      ;
; 0.602 ; multiplier_datapath:datapath|product_reg[49]      ; multiplier_datapath:datapath|product_reg[49]      ; clk          ; clk         ; 0.000        ; 0.073      ; 0.846      ;
; 0.602 ; multiplier_datapath:datapath|product_reg[44]      ; multiplier_datapath:datapath|product_reg[44]      ; clk          ; clk         ; 0.000        ; 0.072      ; 0.845      ;
; 0.602 ; multiplier_datapath:datapath|product_reg[42]      ; multiplier_datapath:datapath|product_reg[42]      ; clk          ; clk         ; 0.000        ; 0.072      ; 0.845      ;
; 0.602 ; multiplier_datapath:datapath|multiplicand_reg[11] ; multiplier_datapath:datapath|multiplicand_reg[12] ; clk          ; clk         ; 0.000        ; 0.073      ; 0.846      ;
; 0.602 ; multiplier_datapath:datapath|product_reg[8]       ; multiplier_datapath:datapath|product_reg[8]       ; clk          ; clk         ; 0.000        ; 0.072      ; 0.845      ;
; 0.602 ; multiplier_datapath:datapath|product_reg[1]       ; multiplier_datapath:datapath|product_reg[1]       ; clk          ; clk         ; 0.000        ; 0.072      ; 0.845      ;
; 0.602 ; multiplier_datapath:datapath|multiplier_reg[18]   ; multiplier_datapath:datapath|multiplier_reg[17]   ; clk          ; clk         ; 0.000        ; 0.072      ; 0.845      ;
; 0.602 ; multiplier_datapath:datapath|multiplier_reg[20]   ; multiplier_datapath:datapath|multiplier_reg[19]   ; clk          ; clk         ; 0.000        ; 0.072      ; 0.845      ;
; 0.602 ; multiplier_datapath:datapath|multiplier_reg[26]   ; multiplier_datapath:datapath|multiplier_reg[25]   ; clk          ; clk         ; 0.000        ; 0.072      ; 0.845      ;
; 0.603 ; multiplier_datapath:datapath|multiplicand_reg[40] ; multiplier_datapath:datapath|multiplicand_reg[41] ; clk          ; clk         ; 0.000        ; 0.073      ; 0.847      ;
; 0.603 ; multiplier_datapath:datapath|product_reg[33]      ; multiplier_datapath:datapath|product_reg[33]      ; clk          ; clk         ; 0.000        ; 0.072      ; 0.846      ;
; 0.603 ; multiplier_datapath:datapath|product_reg[25]      ; multiplier_datapath:datapath|product_reg[25]      ; clk          ; clk         ; 0.000        ; 0.073      ; 0.847      ;
; 0.603 ; multiplier_datapath:datapath|product_reg[23]      ; multiplier_datapath:datapath|product_reg[23]      ; clk          ; clk         ; 0.000        ; 0.073      ; 0.847      ;
; 0.603 ; multiplier_datapath:datapath|product_reg[9]       ; multiplier_datapath:datapath|product_reg[9]       ; clk          ; clk         ; 0.000        ; 0.072      ; 0.846      ;
; 0.603 ; multiplier_datapath:datapath|multiplier_reg[3]    ; multiplier_datapath:datapath|multiplier_reg[2]    ; clk          ; clk         ; 0.000        ; 0.071      ; 0.845      ;
; 0.603 ; multiplier_datapath:datapath|multiplier_reg[5]    ; multiplier_datapath:datapath|multiplier_reg[4]    ; clk          ; clk         ; 0.000        ; 0.071      ; 0.845      ;
; 0.603 ; multiplier_datapath:datapath|multiplier_reg[17]   ; multiplier_datapath:datapath|multiplier_reg[16]   ; clk          ; clk         ; 0.000        ; 0.072      ; 0.846      ;
; 0.603 ; multiplier_datapath:datapath|multiplier_reg[19]   ; multiplier_datapath:datapath|multiplier_reg[18]   ; clk          ; clk         ; 0.000        ; 0.072      ; 0.846      ;
; 0.604 ; multiplier_datapath:datapath|product_reg[55]      ; multiplier_datapath:datapath|product_reg[55]      ; clk          ; clk         ; 0.000        ; 0.073      ; 0.848      ;
; 0.604 ; multiplier_datapath:datapath|multiplicand_reg[44] ; multiplier_datapath:datapath|multiplicand_reg[45] ; clk          ; clk         ; 0.000        ; 0.073      ; 0.848      ;
; 0.604 ; multiplier_datapath:datapath|multiplicand_reg[43] ; multiplier_datapath:datapath|multiplicand_reg[44] ; clk          ; clk         ; 0.000        ; 0.073      ; 0.848      ;
; 0.604 ; multiplier_datapath:datapath|multiplicand_reg[42] ; multiplier_datapath:datapath|multiplicand_reg[43] ; clk          ; clk         ; 0.000        ; 0.073      ; 0.848      ;
; 0.604 ; multiplier_datapath:datapath|product_reg[41]      ; multiplier_datapath:datapath|product_reg[41]      ; clk          ; clk         ; 0.000        ; 0.072      ; 0.847      ;
; 0.604 ; multiplier_datapath:datapath|product_reg[39]      ; multiplier_datapath:datapath|product_reg[39]      ; clk          ; clk         ; 0.000        ; 0.072      ; 0.847      ;
; 0.604 ; multiplier_datapath:datapath|product_reg[7]       ; multiplier_datapath:datapath|product_reg[7]       ; clk          ; clk         ; 0.000        ; 0.072      ; 0.847      ;
; 0.604 ; multiplier_datapath:datapath|multiplier_reg[4]    ; multiplier_datapath:datapath|multiplier_reg[3]    ; clk          ; clk         ; 0.000        ; 0.071      ; 0.846      ;
+-------+---------------------------------------------------+---------------------------------------------------+--------------+-------------+--------------+------------+------------+


----------------------------------------------
; Slow 1200mV 0C Model Metastability Summary ;
----------------------------------------------
No synchronizer chains to report.


+------------------------------------+
; Fast 1200mV 0C Model Setup Summary ;
+-------+--------+-------------------+
; Clock ; Slack  ; End Point TNS     ;
+-------+--------+-------------------+
; clk   ; -1.992 ; -134.501          ;
+-------+--------+-------------------+


+-----------------------------------+
; Fast 1200mV 0C Model Hold Summary ;
+-------+-------+-------------------+
; Clock ; Slack ; End Point TNS     ;
+-------+-------+-------------------+
; clk   ; 0.181 ; 0.000             ;
+-------+-------+-------------------+


-----------------------------------------
; Fast 1200mV 0C Model Recovery Summary ;
-----------------------------------------
No paths to report.


----------------------------------------
; Fast 1200mV 0C Model Removal Summary ;
----------------------------------------
No paths to report.


+--------------------------------------------------+
; Fast 1200mV 0C Model Minimum Pulse Width Summary ;
+-------+--------+---------------------------------+
; Clock ; Slack  ; End Point TNS                   ;
+-------+--------+---------------------------------+
; clk   ; -3.000 ; -184.637                        ;
+-------+--------+---------------------------------+


+---------------------------------------------------------------------------------------------------------------------------------------------------------------------------------+
; Fast 1200mV 0C Model Setup: 'clk'                                                                                                                                               ;
+--------+---------------------------------------------------+----------------------------------------------+--------------+-------------+--------------+------------+------------+
; Slack  ; From Node                                         ; To Node                                      ; Launch Clock ; Latch Clock ; Relationship ; Clock Skew ; Data Delay ;
+--------+---------------------------------------------------+----------------------------------------------+--------------+-------------+--------------+------------+------------+
; -1.992 ; multiplier_datapath:datapath|multiplicand_reg[1]  ; multiplier_datapath:datapath|product_reg[63] ; clk          ; clk         ; 1.000        ; -0.030     ; 2.949      ;
; -1.988 ; multiplier_datapath:datapath|multiplicand_reg[1]  ; multiplier_datapath:datapath|product_reg[62] ; clk          ; clk         ; 1.000        ; -0.030     ; 2.945      ;
; -1.979 ; multiplier_datapath:datapath|multiplicand_reg[0]  ; multiplier_datapath:datapath|product_reg[63] ; clk          ; clk         ; 1.000        ; -0.030     ; 2.936      ;
; -1.945 ; multiplier_datapath:datapath|multiplicand_reg[0]  ; multiplier_datapath:datapath|product_reg[62] ; clk          ; clk         ; 1.000        ; -0.030     ; 2.902      ;
; -1.925 ; multiplier_datapath:datapath|multiplicand_reg[3]  ; multiplier_datapath:datapath|product_reg[63] ; clk          ; clk         ; 1.000        ; -0.030     ; 2.882      ;
; -1.921 ; multiplier_datapath:datapath|multiplicand_reg[3]  ; multiplier_datapath:datapath|product_reg[62] ; clk          ; clk         ; 1.000        ; -0.030     ; 2.878      ;
; -1.921 ; multiplier_datapath:datapath|multiplicand_reg[2]  ; multiplier_datapath:datapath|product_reg[63] ; clk          ; clk         ; 1.000        ; -0.030     ; 2.878      ;
; -1.920 ; multiplier_datapath:datapath|product_reg[1]       ; multiplier_datapath:datapath|product_reg[63] ; clk          ; clk         ; 1.000        ; -0.030     ; 2.877      ;
; -1.916 ; multiplier_datapath:datapath|product_reg[1]       ; multiplier_datapath:datapath|product_reg[62] ; clk          ; clk         ; 1.000        ; -0.030     ; 2.873      ;
; -1.906 ; multiplier_datapath:datapath|product_reg[0]       ; multiplier_datapath:datapath|product_reg[63] ; clk          ; clk         ; 1.000        ; -0.030     ; 2.863      ;
; -1.885 ; multiplier_datapath:datapath|multiplicand_reg[2]  ; multiplier_datapath:datapath|product_reg[62] ; clk          ; clk         ; 1.000        ; -0.030     ; 2.842      ;
; -1.868 ; multiplier_datapath:datapath|product_reg[0]       ; multiplier_datapath:datapath|product_reg[62] ; clk          ; clk         ; 1.000        ; -0.030     ; 2.825      ;
; -1.860 ; multiplier_datapath:datapath|multiplicand_reg[5]  ; multiplier_datapath:datapath|product_reg[63] ; clk          ; clk         ; 1.000        ; -0.030     ; 2.817      ;
; -1.856 ; multiplier_datapath:datapath|multiplicand_reg[1]  ; multiplier_datapath:datapath|product_reg[59] ; clk          ; clk         ; 1.000        ; -0.030     ; 2.813      ;
; -1.856 ; multiplier_datapath:datapath|multiplicand_reg[5]  ; multiplier_datapath:datapath|product_reg[62] ; clk          ; clk         ; 1.000        ; -0.030     ; 2.813      ;
; -1.855 ; multiplier_datapath:datapath|multiplicand_reg[4]  ; multiplier_datapath:datapath|product_reg[63] ; clk          ; clk         ; 1.000        ; -0.030     ; 2.812      ;
; -1.852 ; multiplier_datapath:datapath|multiplicand_reg[1]  ; multiplier_datapath:datapath|product_reg[58] ; clk          ; clk         ; 1.000        ; -0.030     ; 2.809      ;
; -1.850 ; multiplier_datapath:datapath|product_reg[3]       ; multiplier_datapath:datapath|product_reg[63] ; clk          ; clk         ; 1.000        ; -0.030     ; 2.807      ;
; -1.846 ; multiplier_datapath:datapath|product_reg[3]       ; multiplier_datapath:datapath|product_reg[62] ; clk          ; clk         ; 1.000        ; -0.030     ; 2.803      ;
; -1.843 ; multiplier_datapath:datapath|multiplicand_reg[0]  ; multiplier_datapath:datapath|product_reg[59] ; clk          ; clk         ; 1.000        ; -0.030     ; 2.800      ;
; -1.840 ; multiplier_datapath:datapath|product_reg[4]       ; multiplier_datapath:datapath|product_reg[63] ; clk          ; clk         ; 1.000        ; -0.030     ; 2.797      ;
; -1.839 ; multiplier_datapath:datapath|product_reg[2]       ; multiplier_datapath:datapath|product_reg[63] ; clk          ; clk         ; 1.000        ; -0.030     ; 2.796      ;
; -1.822 ; multiplier_datapath:datapath|multiplicand_reg[4]  ; multiplier_datapath:datapath|product_reg[62] ; clk          ; clk         ; 1.000        ; -0.030     ; 2.779      ;
; -1.809 ; multiplier_datapath:datapath|product_reg[4]       ; multiplier_datapath:datapath|product_reg[62] ; clk          ; clk         ; 1.000        ; -0.030     ; 2.766      ;
; -1.809 ; multiplier_datapath:datapath|multiplicand_reg[0]  ; multiplier_datapath:datapath|product_reg[58] ; clk          ; clk         ; 1.000        ; -0.030     ; 2.766      ;
; -1.801 ; multiplier_datapath:datapath|multiplicand_reg[7]  ; multiplier_datapath:datapath|product_reg[63] ; clk          ; clk         ; 1.000        ; -0.030     ; 2.758      ;
; -1.801 ; multiplier_datapath:datapath|product_reg[2]       ; multiplier_datapath:datapath|product_reg[62] ; clk          ; clk         ; 1.000        ; -0.030     ; 2.758      ;
; -1.801 ; multiplier_datapath:datapath|multiplicand_reg[8]  ; multiplier_datapath:datapath|product_reg[63] ; clk          ; clk         ; 1.000        ; -0.030     ; 2.758      ;
; -1.797 ; multiplier_datapath:datapath|multiplicand_reg[7]  ; multiplier_datapath:datapath|product_reg[62] ; clk          ; clk         ; 1.000        ; -0.030     ; 2.754      ;
; -1.789 ; multiplier_datapath:datapath|multiplicand_reg[3]  ; multiplier_datapath:datapath|product_reg[59] ; clk          ; clk         ; 1.000        ; -0.030     ; 2.746      ;
; -1.788 ; multiplier_datapath:datapath|multiplicand_reg[1]  ; multiplier_datapath:datapath|product_reg[57] ; clk          ; clk         ; 1.000        ; -0.030     ; 2.745      ;
; -1.786 ; multiplier_datapath:datapath|multiplicand_reg[6]  ; multiplier_datapath:datapath|product_reg[63] ; clk          ; clk         ; 1.000        ; -0.030     ; 2.743      ;
; -1.785 ; multiplier_datapath:datapath|multiplicand_reg[3]  ; multiplier_datapath:datapath|product_reg[58] ; clk          ; clk         ; 1.000        ; -0.030     ; 2.742      ;
; -1.785 ; multiplier_datapath:datapath|multiplicand_reg[2]  ; multiplier_datapath:datapath|product_reg[59] ; clk          ; clk         ; 1.000        ; -0.030     ; 2.742      ;
; -1.784 ; multiplier_datapath:datapath|multiplicand_reg[1]  ; multiplier_datapath:datapath|product_reg[56] ; clk          ; clk         ; 1.000        ; -0.030     ; 2.741      ;
; -1.784 ; multiplier_datapath:datapath|product_reg[1]       ; multiplier_datapath:datapath|product_reg[59] ; clk          ; clk         ; 1.000        ; -0.030     ; 2.741      ;
; -1.781 ; multiplier_datapath:datapath|product_reg[5]       ; multiplier_datapath:datapath|product_reg[63] ; clk          ; clk         ; 1.000        ; -0.030     ; 2.738      ;
; -1.780 ; multiplier_datapath:datapath|product_reg[1]       ; multiplier_datapath:datapath|product_reg[58] ; clk          ; clk         ; 1.000        ; -0.030     ; 2.737      ;
; -1.777 ; multiplier_datapath:datapath|product_reg[5]       ; multiplier_datapath:datapath|product_reg[62] ; clk          ; clk         ; 1.000        ; -0.030     ; 2.734      ;
; -1.776 ; multiplier_datapath:datapath|multiplicand_reg[8]  ; multiplier_datapath:datapath|product_reg[62] ; clk          ; clk         ; 1.000        ; -0.030     ; 2.733      ;
; -1.775 ; multiplier_datapath:datapath|multiplicand_reg[0]  ; multiplier_datapath:datapath|product_reg[57] ; clk          ; clk         ; 1.000        ; -0.030     ; 2.732      ;
; -1.772 ; multiplier_datapath:datapath|multiplicand_reg[11] ; multiplier_datapath:datapath|product_reg[63] ; clk          ; clk         ; 1.000        ; -0.030     ; 2.729      ;
; -1.770 ; multiplier_datapath:datapath|product_reg[0]       ; multiplier_datapath:datapath|product_reg[59] ; clk          ; clk         ; 1.000        ; -0.030     ; 2.727      ;
; -1.768 ; multiplier_datapath:datapath|multiplicand_reg[11] ; multiplier_datapath:datapath|product_reg[62] ; clk          ; clk         ; 1.000        ; -0.030     ; 2.725      ;
; -1.753 ; multiplier_datapath:datapath|multiplicand_reg[6]  ; multiplier_datapath:datapath|product_reg[62] ; clk          ; clk         ; 1.000        ; -0.030     ; 2.710      ;
; -1.749 ; multiplier_datapath:datapath|multiplicand_reg[2]  ; multiplier_datapath:datapath|product_reg[58] ; clk          ; clk         ; 1.000        ; -0.030     ; 2.706      ;
; -1.741 ; multiplier_datapath:datapath|multiplicand_reg[0]  ; multiplier_datapath:datapath|product_reg[56] ; clk          ; clk         ; 1.000        ; -0.030     ; 2.698      ;
; -1.738 ; multiplier_datapath:datapath|multiplicand_reg[9]  ; multiplier_datapath:datapath|product_reg[63] ; clk          ; clk         ; 1.000        ; -0.030     ; 2.695      ;
; -1.734 ; multiplier_datapath:datapath|multiplicand_reg[9]  ; multiplier_datapath:datapath|product_reg[62] ; clk          ; clk         ; 1.000        ; -0.030     ; 2.691      ;
; -1.732 ; multiplier_datapath:datapath|product_reg[0]       ; multiplier_datapath:datapath|product_reg[58] ; clk          ; clk         ; 1.000        ; -0.030     ; 2.689      ;
; -1.724 ; multiplier_datapath:datapath|multiplicand_reg[5]  ; multiplier_datapath:datapath|product_reg[59] ; clk          ; clk         ; 1.000        ; -0.030     ; 2.681      ;
; -1.721 ; multiplier_datapath:datapath|multiplicand_reg[3]  ; multiplier_datapath:datapath|product_reg[57] ; clk          ; clk         ; 1.000        ; -0.030     ; 2.678      ;
; -1.720 ; multiplier_datapath:datapath|multiplicand_reg[1]  ; multiplier_datapath:datapath|product_reg[55] ; clk          ; clk         ; 1.000        ; -0.030     ; 2.677      ;
; -1.720 ; multiplier_datapath:datapath|multiplicand_reg[5]  ; multiplier_datapath:datapath|product_reg[58] ; clk          ; clk         ; 1.000        ; -0.030     ; 2.677      ;
; -1.719 ; multiplier_datapath:datapath|multiplicand_reg[1]  ; multiplier_datapath:datapath|product_reg[61] ; clk          ; clk         ; 1.000        ; 0.175      ; 2.881      ;
; -1.719 ; multiplier_datapath:datapath|multiplicand_reg[4]  ; multiplier_datapath:datapath|product_reg[59] ; clk          ; clk         ; 1.000        ; -0.030     ; 2.676      ;
; -1.717 ; multiplier_datapath:datapath|product_reg[7]       ; multiplier_datapath:datapath|product_reg[63] ; clk          ; clk         ; 1.000        ; -0.030     ; 2.674      ;
; -1.717 ; multiplier_datapath:datapath|multiplicand_reg[3]  ; multiplier_datapath:datapath|product_reg[56] ; clk          ; clk         ; 1.000        ; -0.030     ; 2.674      ;
; -1.717 ; multiplier_datapath:datapath|multiplicand_reg[2]  ; multiplier_datapath:datapath|product_reg[57] ; clk          ; clk         ; 1.000        ; -0.030     ; 2.674      ;
; -1.716 ; multiplier_datapath:datapath|multiplicand_reg[1]  ; multiplier_datapath:datapath|product_reg[54] ; clk          ; clk         ; 1.000        ; -0.030     ; 2.673      ;
; -1.716 ; multiplier_datapath:datapath|product_reg[1]       ; multiplier_datapath:datapath|product_reg[57] ; clk          ; clk         ; 1.000        ; -0.030     ; 2.673      ;
; -1.715 ; multiplier_datapath:datapath|multiplicand_reg[1]  ; multiplier_datapath:datapath|product_reg[60] ; clk          ; clk         ; 1.000        ; 0.175      ; 2.877      ;
; -1.714 ; multiplier_datapath:datapath|product_reg[3]       ; multiplier_datapath:datapath|product_reg[59] ; clk          ; clk         ; 1.000        ; -0.030     ; 2.671      ;
; -1.713 ; multiplier_datapath:datapath|product_reg[7]       ; multiplier_datapath:datapath|product_reg[62] ; clk          ; clk         ; 1.000        ; -0.030     ; 2.670      ;
; -1.712 ; multiplier_datapath:datapath|product_reg[1]       ; multiplier_datapath:datapath|product_reg[56] ; clk          ; clk         ; 1.000        ; -0.030     ; 2.669      ;
; -1.710 ; multiplier_datapath:datapath|product_reg[3]       ; multiplier_datapath:datapath|product_reg[58] ; clk          ; clk         ; 1.000        ; -0.030     ; 2.667      ;
; -1.707 ; multiplier_datapath:datapath|multiplicand_reg[0]  ; multiplier_datapath:datapath|product_reg[55] ; clk          ; clk         ; 1.000        ; -0.030     ; 2.664      ;
; -1.706 ; multiplier_datapath:datapath|multiplicand_reg[0]  ; multiplier_datapath:datapath|product_reg[61] ; clk          ; clk         ; 1.000        ; 0.175      ; 2.868      ;
; -1.704 ; multiplier_datapath:datapath|product_reg[4]       ; multiplier_datapath:datapath|product_reg[59] ; clk          ; clk         ; 1.000        ; -0.030     ; 2.661      ;
; -1.703 ; multiplier_datapath:datapath|product_reg[6]       ; multiplier_datapath:datapath|product_reg[63] ; clk          ; clk         ; 1.000        ; -0.030     ; 2.660      ;
; -1.703 ; multiplier_datapath:datapath|product_reg[2]       ; multiplier_datapath:datapath|product_reg[59] ; clk          ; clk         ; 1.000        ; -0.030     ; 2.660      ;
; -1.702 ; multiplier_datapath:datapath|product_reg[0]       ; multiplier_datapath:datapath|product_reg[57] ; clk          ; clk         ; 1.000        ; -0.030     ; 2.659      ;
; -1.686 ; multiplier_datapath:datapath|multiplicand_reg[4]  ; multiplier_datapath:datapath|product_reg[58] ; clk          ; clk         ; 1.000        ; -0.030     ; 2.643      ;
; -1.681 ; multiplier_datapath:datapath|multiplicand_reg[2]  ; multiplier_datapath:datapath|product_reg[56] ; clk          ; clk         ; 1.000        ; -0.030     ; 2.638      ;
; -1.673 ; multiplier_datapath:datapath|product_reg[4]       ; multiplier_datapath:datapath|product_reg[58] ; clk          ; clk         ; 1.000        ; -0.030     ; 2.630      ;
; -1.673 ; multiplier_datapath:datapath|multiplicand_reg[0]  ; multiplier_datapath:datapath|product_reg[54] ; clk          ; clk         ; 1.000        ; -0.030     ; 2.630      ;
; -1.672 ; multiplier_datapath:datapath|multiplicand_reg[0]  ; multiplier_datapath:datapath|product_reg[60] ; clk          ; clk         ; 1.000        ; 0.175      ; 2.834      ;
; -1.665 ; multiplier_datapath:datapath|multiplicand_reg[7]  ; multiplier_datapath:datapath|product_reg[59] ; clk          ; clk         ; 1.000        ; -0.030     ; 2.622      ;
; -1.665 ; multiplier_datapath:datapath|product_reg[2]       ; multiplier_datapath:datapath|product_reg[58] ; clk          ; clk         ; 1.000        ; -0.030     ; 2.622      ;
; -1.665 ; multiplier_datapath:datapath|multiplicand_reg[8]  ; multiplier_datapath:datapath|product_reg[59] ; clk          ; clk         ; 1.000        ; -0.030     ; 2.622      ;
; -1.664 ; multiplier_datapath:datapath|product_reg[6]       ; multiplier_datapath:datapath|product_reg[62] ; clk          ; clk         ; 1.000        ; -0.030     ; 2.621      ;
; -1.664 ; multiplier_datapath:datapath|product_reg[0]       ; multiplier_datapath:datapath|product_reg[56] ; clk          ; clk         ; 1.000        ; -0.030     ; 2.621      ;
; -1.661 ; multiplier_datapath:datapath|multiplicand_reg[7]  ; multiplier_datapath:datapath|product_reg[58] ; clk          ; clk         ; 1.000        ; -0.030     ; 2.618      ;
; -1.656 ; multiplier_datapath:datapath|multiplicand_reg[5]  ; multiplier_datapath:datapath|product_reg[57] ; clk          ; clk         ; 1.000        ; -0.030     ; 2.613      ;
; -1.655 ; multiplier_datapath:datapath|multiplicand_reg[10] ; multiplier_datapath:datapath|product_reg[63] ; clk          ; clk         ; 1.000        ; -0.030     ; 2.612      ;
; -1.653 ; multiplier_datapath:datapath|multiplicand_reg[3]  ; multiplier_datapath:datapath|product_reg[55] ; clk          ; clk         ; 1.000        ; -0.030     ; 2.610      ;
; -1.652 ; multiplier_datapath:datapath|multiplicand_reg[1]  ; multiplier_datapath:datapath|product_reg[53] ; clk          ; clk         ; 1.000        ; -0.030     ; 2.609      ;
; -1.652 ; multiplier_datapath:datapath|multiplicand_reg[5]  ; multiplier_datapath:datapath|product_reg[56] ; clk          ; clk         ; 1.000        ; -0.030     ; 2.609      ;
; -1.652 ; multiplier_datapath:datapath|multiplicand_reg[3]  ; multiplier_datapath:datapath|product_reg[61] ; clk          ; clk         ; 1.000        ; 0.175      ; 2.814      ;
; -1.651 ; multiplier_datapath:datapath|multiplicand_reg[4]  ; multiplier_datapath:datapath|product_reg[57] ; clk          ; clk         ; 1.000        ; -0.030     ; 2.608      ;
; -1.650 ; multiplier_datapath:datapath|multiplicand_reg[6]  ; multiplier_datapath:datapath|product_reg[59] ; clk          ; clk         ; 1.000        ; -0.030     ; 2.607      ;
; -1.649 ; multiplier_datapath:datapath|product_reg[9]       ; multiplier_datapath:datapath|product_reg[63] ; clk          ; clk         ; 1.000        ; -0.030     ; 2.606      ;
; -1.649 ; multiplier_datapath:datapath|multiplicand_reg[3]  ; multiplier_datapath:datapath|product_reg[54] ; clk          ; clk         ; 1.000        ; -0.030     ; 2.606      ;
; -1.649 ; multiplier_datapath:datapath|multiplicand_reg[2]  ; multiplier_datapath:datapath|product_reg[55] ; clk          ; clk         ; 1.000        ; -0.030     ; 2.606      ;
; -1.648 ; multiplier_datapath:datapath|multiplicand_reg[1]  ; multiplier_datapath:datapath|product_reg[52] ; clk          ; clk         ; 1.000        ; -0.030     ; 2.605      ;
; -1.648 ; multiplier_datapath:datapath|product_reg[1]       ; multiplier_datapath:datapath|product_reg[55] ; clk          ; clk         ; 1.000        ; -0.030     ; 2.605      ;
; -1.648 ; multiplier_datapath:datapath|multiplicand_reg[3]  ; multiplier_datapath:datapath|product_reg[60] ; clk          ; clk         ; 1.000        ; 0.175      ; 2.810      ;
; -1.648 ; multiplier_datapath:datapath|multiplicand_reg[2]  ; multiplier_datapath:datapath|product_reg[61] ; clk          ; clk         ; 1.000        ; 0.175      ; 2.810      ;
; -1.647 ; multiplier_datapath:datapath|product_reg[1]       ; multiplier_datapath:datapath|product_reg[61] ; clk          ; clk         ; 1.000        ; 0.175      ; 2.809      ;
; -1.646 ; multiplier_datapath:datapath|product_reg[3]       ; multiplier_datapath:datapath|product_reg[57] ; clk          ; clk         ; 1.000        ; -0.030     ; 2.603      ;
+--------+---------------------------------------------------+----------------------------------------------+--------------+-------------+--------------+------------+------------+


+-------------------------------------------------------------------------------------------------------------------------------------------------------------------------------------+
; Fast 1200mV 0C Model Hold: 'clk'                                                                                                                                                    ;
+-------+---------------------------------------------------+---------------------------------------------------+--------------+-------------+--------------+------------+------------+
; Slack ; From Node                                         ; To Node                                           ; Launch Clock ; Latch Clock ; Relationship ; Clock Skew ; Data Delay ;
+-------+---------------------------------------------------+---------------------------------------------------+--------------+-------------+--------------+------------+------------+
; 0.181 ; multiplier_control:control|state.DONE             ; multiplier_control:control|state.DONE             ; clk          ; clk         ; 0.000        ; 0.042      ; 0.307      ;
; 0.181 ; multiplier_control:control|state.IDLE             ; multiplier_control:control|state.IDLE             ; clk          ; clk         ; 0.000        ; 0.042      ; 0.307      ;
; 0.188 ; multiplier_datapath:datapath|multiplier_reg[10]   ; multiplier_datapath:datapath|multiplier_reg[9]    ; clk          ; clk         ; 0.000        ; 0.041      ; 0.313      ;
; 0.188 ; multiplier_datapath:datapath|multiplier_reg[30]   ; multiplier_datapath:datapath|multiplier_reg[29]   ; clk          ; clk         ; 0.000        ; 0.042      ; 0.314      ;
; 0.192 ; multiplier_datapath:datapath|multiplier_reg[8]    ; multiplier_datapath:datapath|multiplier_reg[7]    ; clk          ; clk         ; 0.000        ; 0.041      ; 0.317      ;
; 0.200 ; multiplier_datapath:datapath|multiplicand_reg[2]  ; multiplier_datapath:datapath|multiplicand_reg[3]  ; clk          ; clk         ; 0.000        ; 0.041      ; 0.325      ;
; 0.201 ; multiplier_datapath:datapath|multiplicand_reg[13] ; multiplier_datapath:datapath|multiplicand_reg[14] ; clk          ; clk         ; 0.000        ; 0.041      ; 0.326      ;
; 0.201 ; multiplier_datapath:datapath|multiplicand_reg[10] ; multiplier_datapath:datapath|multiplicand_reg[11] ; clk          ; clk         ; 0.000        ; 0.041      ; 0.326      ;
; 0.201 ; multiplier_datapath:datapath|multiplicand_reg[3]  ; multiplier_datapath:datapath|multiplicand_reg[4]  ; clk          ; clk         ; 0.000        ; 0.041      ; 0.326      ;
; 0.202 ; multiplier_datapath:datapath|multiplicand_reg[7]  ; multiplier_datapath:datapath|multiplicand_reg[8]  ; clk          ; clk         ; 0.000        ; 0.041      ; 0.327      ;
; 0.204 ; multiplier_control:control|state.DONE             ; multiplier_control:control|state.IDLE             ; clk          ; clk         ; 0.000        ; 0.042      ; 0.330      ;
; 0.253 ; multiplier_datapath:datapath|multiplicand_reg[61] ; multiplier_datapath:datapath|product_reg[61]      ; clk          ; clk         ; 0.000        ; 0.256      ; 0.593      ;
; 0.256 ; multiplier_control:control|state.IDLE             ; multiplier_control:control|state.LOAD             ; clk          ; clk         ; 0.000        ; 0.042      ; 0.382      ;
; 0.258 ; multiplier_datapath:datapath|multiplicand_reg[53] ; multiplier_datapath:datapath|multiplicand_reg[54] ; clk          ; clk         ; 0.000        ; 0.042      ; 0.384      ;
; 0.258 ; multiplier_datapath:datapath|multiplicand_reg[48] ; multiplier_datapath:datapath|multiplicand_reg[49] ; clk          ; clk         ; 0.000        ; 0.042      ; 0.384      ;
; 0.258 ; multiplier_datapath:datapath|multiplicand_reg[38] ; multiplier_datapath:datapath|multiplicand_reg[39] ; clk          ; clk         ; 0.000        ; 0.042      ; 0.384      ;
; 0.258 ; multiplier_datapath:datapath|multiplicand_reg[35] ; multiplier_datapath:datapath|multiplicand_reg[36] ; clk          ; clk         ; 0.000        ; 0.042      ; 0.384      ;
; 0.259 ; multiplier_datapath:datapath|multiplicand_reg[59] ; multiplier_datapath:datapath|multiplicand_reg[60] ; clk          ; clk         ; 0.000        ; 0.042      ; 0.385      ;
; 0.259 ; multiplier_datapath:datapath|multiplicand_reg[56] ; multiplier_datapath:datapath|multiplicand_reg[57] ; clk          ; clk         ; 0.000        ; 0.042      ; 0.385      ;
; 0.259 ; multiplier_datapath:datapath|multiplicand_reg[41] ; multiplier_datapath:datapath|multiplicand_reg[42] ; clk          ; clk         ; 0.000        ; 0.042      ; 0.385      ;
; 0.259 ; multiplier_datapath:datapath|multiplicand_reg[27] ; multiplier_datapath:datapath|multiplicand_reg[28] ; clk          ; clk         ; 0.000        ; 0.041      ; 0.384      ;
; 0.260 ; multiplier_datapath:datapath|multiplicand_reg[61] ; multiplier_datapath:datapath|multiplicand_reg[62] ; clk          ; clk         ; 0.000        ; 0.042      ; 0.386      ;
; 0.260 ; multiplier_datapath:datapath|multiplicand_reg[45] ; multiplier_datapath:datapath|multiplicand_reg[46] ; clk          ; clk         ; 0.000        ; 0.042      ; 0.386      ;
; 0.261 ; multiplier_datapath:datapath|multiplicand_reg[46] ; multiplier_datapath:datapath|multiplicand_reg[47] ; clk          ; clk         ; 0.000        ; 0.042      ; 0.387      ;
; 0.264 ; multiplier_datapath:datapath|multiplicand_reg[60] ; multiplier_datapath:datapath|product_reg[60]      ; clk          ; clk         ; 0.000        ; 0.256      ; 0.604      ;
; 0.278 ; multiplier_control:control|state.LOAD             ; multiplier_control:control|state.ADD_OR_SKIP      ; clk          ; clk         ; 0.000        ; 0.042      ; 0.404      ;
; 0.291 ; multiplier_control:control|count[5]               ; multiplier_control:control|count[5]               ; clk          ; clk         ; 0.000        ; 0.042      ; 0.417      ;
; 0.291 ; multiplier_datapath:datapath|product_reg[61]      ; multiplier_datapath:datapath|product_reg[61]      ; clk          ; clk         ; 0.000        ; 0.051      ; 0.426      ;
; 0.292 ; multiplier_control:control|count[3]               ; multiplier_control:control|count[3]               ; clk          ; clk         ; 0.000        ; 0.042      ; 0.418      ;
; 0.292 ; multiplier_datapath:datapath|product_reg[60]      ; multiplier_datapath:datapath|product_reg[60]      ; clk          ; clk         ; 0.000        ; 0.051      ; 0.427      ;
; 0.293 ; multiplier_control:control|count[1]               ; multiplier_control:control|count[1]               ; clk          ; clk         ; 0.000        ; 0.042      ; 0.419      ;
; 0.294 ; multiplier_control:control|count[4]               ; multiplier_control:control|count[4]               ; clk          ; clk         ; 0.000        ; 0.042      ; 0.420      ;
; 0.295 ; multiplier_datapath:datapath|multiplier_reg[18]   ; multiplier_datapath:datapath|multiplier_reg[17]   ; clk          ; clk         ; 0.000        ; 0.042      ; 0.421      ;
; 0.295 ; multiplier_datapath:datapath|multiplier_reg[19]   ; multiplier_datapath:datapath|multiplier_reg[18]   ; clk          ; clk         ; 0.000        ; 0.042      ; 0.421      ;
; 0.295 ; multiplier_control:control|count[2]               ; multiplier_control:control|count[2]               ; clk          ; clk         ; 0.000        ; 0.042      ; 0.421      ;
; 0.296 ; multiplier_datapath:datapath|multiplier_reg[5]    ; multiplier_datapath:datapath|multiplier_reg[4]    ; clk          ; clk         ; 0.000        ; 0.041      ; 0.421      ;
; 0.296 ; multiplier_datapath:datapath|multiplier_reg[17]   ; multiplier_datapath:datapath|multiplier_reg[16]   ; clk          ; clk         ; 0.000        ; 0.042      ; 0.422      ;
; 0.296 ; multiplier_datapath:datapath|multiplier_reg[20]   ; multiplier_datapath:datapath|multiplier_reg[19]   ; clk          ; clk         ; 0.000        ; 0.042      ; 0.422      ;
; 0.296 ; multiplier_datapath:datapath|multiplier_reg[26]   ; multiplier_datapath:datapath|multiplier_reg[25]   ; clk          ; clk         ; 0.000        ; 0.042      ; 0.422      ;
; 0.297 ; multiplier_datapath:datapath|multiplier_reg[3]    ; multiplier_datapath:datapath|multiplier_reg[2]    ; clk          ; clk         ; 0.000        ; 0.041      ; 0.422      ;
; 0.297 ; multiplier_datapath:datapath|multiplier_reg[4]    ; multiplier_datapath:datapath|multiplier_reg[3]    ; clk          ; clk         ; 0.000        ; 0.041      ; 0.422      ;
; 0.297 ; multiplier_datapath:datapath|multiplier_reg[24]   ; multiplier_datapath:datapath|multiplier_reg[23]   ; clk          ; clk         ; 0.000        ; 0.042      ; 0.423      ;
; 0.298 ; multiplier_datapath:datapath|product_reg[47]      ; multiplier_datapath:datapath|product_reg[47]      ; clk          ; clk         ; 0.000        ; 0.042      ; 0.424      ;
; 0.298 ; multiplier_datapath:datapath|product_reg[38]      ; multiplier_datapath:datapath|product_reg[38]      ; clk          ; clk         ; 0.000        ; 0.042      ; 0.424      ;
; 0.298 ; multiplier_datapath:datapath|product_reg[31]      ; multiplier_datapath:datapath|product_reg[31]      ; clk          ; clk         ; 0.000        ; 0.042      ; 0.424      ;
; 0.298 ; multiplier_datapath:datapath|product_reg[22]      ; multiplier_datapath:datapath|product_reg[22]      ; clk          ; clk         ; 0.000        ; 0.042      ; 0.424      ;
; 0.298 ; multiplier_datapath:datapath|product_reg[16]      ; multiplier_datapath:datapath|product_reg[16]      ; clk          ; clk         ; 0.000        ; 0.042      ; 0.424      ;
; 0.298 ; multiplier_datapath:datapath|product_reg[15]      ; multiplier_datapath:datapath|product_reg[15]      ; clk          ; clk         ; 0.000        ; 0.042      ; 0.424      ;
; 0.298 ; multiplier_datapath:datapath|product_reg[13]      ; multiplier_datapath:datapath|product_reg[13]      ; clk          ; clk         ; 0.000        ; 0.042      ; 0.424      ;
; 0.298 ; multiplier_datapath:datapath|product_reg[6]       ; multiplier_datapath:datapath|product_reg[6]       ; clk          ; clk         ; 0.000        ; 0.042      ; 0.424      ;
; 0.298 ; multiplier_datapath:datapath|multiplier_reg[22]   ; multiplier_datapath:datapath|multiplier_reg[21]   ; clk          ; clk         ; 0.000        ; 0.042      ; 0.424      ;
; 0.298 ; multiplier_control:control|state.SHIFT            ; multiplier_control:control|state.DONE             ; clk          ; clk         ; 0.000        ; 0.042      ; 0.424      ;
; 0.299 ; multiplier_datapath:datapath|product_reg[46]      ; multiplier_datapath:datapath|product_reg[46]      ; clk          ; clk         ; 0.000        ; 0.042      ; 0.425      ;
; 0.299 ; multiplier_datapath:datapath|product_reg[45]      ; multiplier_datapath:datapath|product_reg[45]      ; clk          ; clk         ; 0.000        ; 0.042      ; 0.425      ;
; 0.299 ; multiplier_datapath:datapath|product_reg[37]      ; multiplier_datapath:datapath|product_reg[37]      ; clk          ; clk         ; 0.000        ; 0.042      ; 0.425      ;
; 0.299 ; multiplier_datapath:datapath|multiplicand_reg[37] ; multiplier_datapath:datapath|multiplicand_reg[38] ; clk          ; clk         ; 0.000        ; 0.042      ; 0.425      ;
; 0.299 ; multiplier_datapath:datapath|product_reg[35]      ; multiplier_datapath:datapath|product_reg[35]      ; clk          ; clk         ; 0.000        ; 0.042      ; 0.425      ;
; 0.299 ; multiplier_datapath:datapath|product_reg[34]      ; multiplier_datapath:datapath|product_reg[34]      ; clk          ; clk         ; 0.000        ; 0.042      ; 0.425      ;
; 0.299 ; multiplier_datapath:datapath|product_reg[28]      ; multiplier_datapath:datapath|product_reg[28]      ; clk          ; clk         ; 0.000        ; 0.042      ; 0.425      ;
; 0.299 ; multiplier_datapath:datapath|product_reg[27]      ; multiplier_datapath:datapath|product_reg[27]      ; clk          ; clk         ; 0.000        ; 0.042      ; 0.425      ;
; 0.299 ; multiplier_datapath:datapath|product_reg[24]      ; multiplier_datapath:datapath|product_reg[24]      ; clk          ; clk         ; 0.000        ; 0.042      ; 0.425      ;
; 0.299 ; multiplier_datapath:datapath|product_reg[21]      ; multiplier_datapath:datapath|product_reg[21]      ; clk          ; clk         ; 0.000        ; 0.042      ; 0.425      ;
; 0.299 ; multiplier_datapath:datapath|product_reg[20]      ; multiplier_datapath:datapath|product_reg[20]      ; clk          ; clk         ; 0.000        ; 0.042      ; 0.425      ;
; 0.299 ; multiplier_datapath:datapath|product_reg[19]      ; multiplier_datapath:datapath|product_reg[19]      ; clk          ; clk         ; 0.000        ; 0.042      ; 0.425      ;
; 0.299 ; multiplier_datapath:datapath|product_reg[18]      ; multiplier_datapath:datapath|product_reg[18]      ; clk          ; clk         ; 0.000        ; 0.042      ; 0.425      ;
; 0.299 ; multiplier_datapath:datapath|product_reg[17]      ; multiplier_datapath:datapath|product_reg[17]      ; clk          ; clk         ; 0.000        ; 0.042      ; 0.425      ;
; 0.299 ; multiplier_datapath:datapath|product_reg[12]      ; multiplier_datapath:datapath|product_reg[12]      ; clk          ; clk         ; 0.000        ; 0.042      ; 0.425      ;
; 0.299 ; multiplier_datapath:datapath|product_reg[11]      ; multiplier_datapath:datapath|product_reg[11]      ; clk          ; clk         ; 0.000        ; 0.042      ; 0.425      ;
; 0.299 ; multiplier_datapath:datapath|product_reg[10]      ; multiplier_datapath:datapath|product_reg[10]      ; clk          ; clk         ; 0.000        ; 0.042      ; 0.425      ;
; 0.299 ; multiplier_datapath:datapath|product_reg[8]       ; multiplier_datapath:datapath|product_reg[8]       ; clk          ; clk         ; 0.000        ; 0.042      ; 0.425      ;
; 0.299 ; multiplier_datapath:datapath|product_reg[5]       ; multiplier_datapath:datapath|product_reg[5]       ; clk          ; clk         ; 0.000        ; 0.042      ; 0.425      ;
; 0.299 ; multiplier_datapath:datapath|product_reg[3]       ; multiplier_datapath:datapath|product_reg[3]       ; clk          ; clk         ; 0.000        ; 0.042      ; 0.425      ;
; 0.299 ; multiplier_datapath:datapath|product_reg[2]       ; multiplier_datapath:datapath|product_reg[2]       ; clk          ; clk         ; 0.000        ; 0.042      ; 0.425      ;
; 0.299 ; multiplier_datapath:datapath|product_reg[1]       ; multiplier_datapath:datapath|product_reg[1]       ; clk          ; clk         ; 0.000        ; 0.042      ; 0.425      ;
; 0.299 ; multiplier_datapath:datapath|multiplier_reg[2]    ; multiplier_datapath:datapath|multiplier_reg[1]    ; clk          ; clk         ; 0.000        ; 0.041      ; 0.424      ;
; 0.300 ; multiplier_datapath:datapath|product_reg[63]      ; multiplier_datapath:datapath|product_reg[63]      ; clk          ; clk         ; 0.000        ; 0.041      ; 0.425      ;
; 0.300 ; multiplier_datapath:datapath|product_reg[54]      ; multiplier_datapath:datapath|product_reg[54]      ; clk          ; clk         ; 0.000        ; 0.041      ; 0.425      ;
; 0.300 ; multiplier_datapath:datapath|product_reg[44]      ; multiplier_datapath:datapath|product_reg[44]      ; clk          ; clk         ; 0.000        ; 0.042      ; 0.426      ;
; 0.300 ; multiplier_datapath:datapath|product_reg[43]      ; multiplier_datapath:datapath|product_reg[43]      ; clk          ; clk         ; 0.000        ; 0.042      ; 0.426      ;
; 0.300 ; multiplier_datapath:datapath|product_reg[42]      ; multiplier_datapath:datapath|product_reg[42]      ; clk          ; clk         ; 0.000        ; 0.042      ; 0.426      ;
; 0.300 ; multiplier_datapath:datapath|product_reg[39]      ; multiplier_datapath:datapath|product_reg[39]      ; clk          ; clk         ; 0.000        ; 0.042      ; 0.426      ;
; 0.300 ; multiplier_datapath:datapath|multiplicand_reg[39] ; multiplier_datapath:datapath|multiplicand_reg[40] ; clk          ; clk         ; 0.000        ; 0.042      ; 0.426      ;
; 0.300 ; multiplier_datapath:datapath|product_reg[33]      ; multiplier_datapath:datapath|product_reg[33]      ; clk          ; clk         ; 0.000        ; 0.042      ; 0.426      ;
; 0.300 ; multiplier_datapath:datapath|product_reg[25]      ; multiplier_datapath:datapath|product_reg[25]      ; clk          ; clk         ; 0.000        ; 0.042      ; 0.426      ;
; 0.300 ; multiplier_datapath:datapath|product_reg[23]      ; multiplier_datapath:datapath|product_reg[23]      ; clk          ; clk         ; 0.000        ; 0.042      ; 0.426      ;
; 0.300 ; multiplier_datapath:datapath|product_reg[9]       ; multiplier_datapath:datapath|product_reg[9]       ; clk          ; clk         ; 0.000        ; 0.042      ; 0.426      ;
; 0.300 ; multiplier_datapath:datapath|multiplicand_reg[9]  ; multiplier_datapath:datapath|multiplicand_reg[10] ; clk          ; clk         ; 0.000        ; 0.041      ; 0.425      ;
; 0.300 ; multiplier_datapath:datapath|product_reg[7]       ; multiplier_datapath:datapath|product_reg[7]       ; clk          ; clk         ; 0.000        ; 0.042      ; 0.426      ;
; 0.300 ; multiplier_datapath:datapath|multiplicand_reg[5]  ; multiplier_datapath:datapath|multiplicand_reg[6]  ; clk          ; clk         ; 0.000        ; 0.041      ; 0.425      ;
; 0.301 ; multiplier_datapath:datapath|product_reg[56]      ; multiplier_datapath:datapath|product_reg[56]      ; clk          ; clk         ; 0.000        ; 0.041      ; 0.426      ;
; 0.301 ; multiplier_datapath:datapath|product_reg[53]      ; multiplier_datapath:datapath|product_reg[53]      ; clk          ; clk         ; 0.000        ; 0.041      ; 0.426      ;
; 0.301 ; multiplier_datapath:datapath|product_reg[52]      ; multiplier_datapath:datapath|product_reg[52]      ; clk          ; clk         ; 0.000        ; 0.041      ; 0.426      ;
; 0.301 ; multiplier_datapath:datapath|product_reg[51]      ; multiplier_datapath:datapath|product_reg[51]      ; clk          ; clk         ; 0.000        ; 0.041      ; 0.426      ;
; 0.301 ; multiplier_datapath:datapath|product_reg[50]      ; multiplier_datapath:datapath|product_reg[50]      ; clk          ; clk         ; 0.000        ; 0.041      ; 0.426      ;
; 0.301 ; multiplier_datapath:datapath|product_reg[49]      ; multiplier_datapath:datapath|product_reg[49]      ; clk          ; clk         ; 0.000        ; 0.041      ; 0.426      ;
; 0.301 ; multiplier_datapath:datapath|multiplicand_reg[44] ; multiplier_datapath:datapath|multiplicand_reg[45] ; clk          ; clk         ; 0.000        ; 0.042      ; 0.427      ;
; 0.301 ; multiplier_datapath:datapath|multiplicand_reg[43] ; multiplier_datapath:datapath|multiplicand_reg[44] ; clk          ; clk         ; 0.000        ; 0.042      ; 0.427      ;
; 0.301 ; multiplier_datapath:datapath|multiplicand_reg[42] ; multiplier_datapath:datapath|multiplicand_reg[43] ; clk          ; clk         ; 0.000        ; 0.042      ; 0.427      ;
; 0.301 ; multiplier_datapath:datapath|product_reg[41]      ; multiplier_datapath:datapath|product_reg[41]      ; clk          ; clk         ; 0.000        ; 0.042      ; 0.427      ;
; 0.301 ; multiplier_datapath:datapath|multiplicand_reg[40] ; multiplier_datapath:datapath|multiplicand_reg[41] ; clk          ; clk         ; 0.000        ; 0.042      ; 0.427      ;
+-------+---------------------------------------------------+---------------------------------------------------+--------------+-------------+--------------+------------+------------+


----------------------------------------------
; Fast 1200mV 0C Model Metastability Summary ;
----------------------------------------------
No synchronizer chains to report.


+--------------------------------------------------------------------------------+
; Multicorner Timing Analysis Summary                                            ;
+------------------+----------+-------+----------+---------+---------------------+
; Clock            ; Setup    ; Hold  ; Recovery ; Removal ; Minimum Pulse Width ;
+------------------+----------+-------+----------+---------+---------------------+
; Worst-case Slack ; -4.966   ; 0.181 ; N/A      ; N/A     ; -3.000              ;
;  clk             ; -4.966   ; 0.181 ; N/A      ; N/A     ; -3.000              ;
; Design-wide TNS  ; -426.55  ; 0.0   ; 0.0      ; 0.0     ; -222.735            ;
;  clk             ; -426.550 ; 0.000 ; N/A      ; N/A     ; -222.735            ;
+------------------+----------+-------+----------+---------+---------------------+


+------------------------------------------------------------------------------------------------------------------------------------------------------------------------------------------------------------------------------------------------------------------------------------------------------------------------------------------------------------------------------------------------------------------+
; Board Trace Model Assignments                                                                                                                                                                                                                                                                                                                                                                                    ;
+---------------+--------------+-------------------+-------------------------+-------------------------+---------------+---------------------+----------------+------------------+--------+------------------+------------------------+------------------------+--------------+---------------+-----------------+-------+---------------------+--------------------+---------------+-----------------+-------------+
; Pin           ; I/O Standard ; Near Tline Length ; Near Tline L per Length ; Near Tline C per Length ; Near Series R ; Near Differential R ; Near Pull-up R ; Near Pull-down R ; Near C ; Far Tline Length ; Far Tline L per Length ; Far Tline C per Length ; Far Series R ; Far Pull-up R ; Far Pull-down R ; Far C ; Termination Voltage ; Far Differential R ; EBD File Name ; EBD Signal Name ; EBD Far-end ;
+---------------+--------------+-------------------+-------------------------+-------------------------+---------------+---------------------+----------------+------------------+--------+------------------+------------------------+------------------------+--------------+---------------+-----------------+-------+---------------------+--------------------+---------------+-----------------+-------------+
; product[0]    ; 2.5 V        ; 0 in              ; 0 H/in                  ; 0 F/in                  ; short         ; -                   ; open           ; open             ; open   ; 0 in             ; 0 H/in                 ; 0 F/in                 ; short        ; open          ; open            ; open  ; 0 V                 ; -                  ; n/a           ; n/a             ; n/a         ;
; product[1]    ; 2.5 V        ; 0 in              ; 0 H/in                  ; 0 F/in                  ; short         ; -                   ; open           ; open             ; open   ; 0 in             ; 0 H/in                 ; 0 F/in                 ; short        ; open          ; open            ; open  ; 0 V                 ; -                  ; n/a           ; n/a             ; n/a         ;
; product[2]    ; 2.5 V        ; 0 in              ; 0 H/in                  ; 0 F/in                  ; short         ; -                   ; open           ; open             ; open   ; 0 in             ; 0 H/in                 ; 0 F/in                 ; short        ; open          ; open            ; open  ; 0 V                 ; -                  ; n/a           ; n/a             ; n/a         ;
; product[3]    ; 2.5 V        ; 0 in              ; 0 H/in                  ; 0 F/in                  ; short         ; -                   ; open           ; open             ; open   ; 0 in             ; 0 H/in                 ; 0 F/in                 ; short        ; open          ; open            ; open  ; 0 V                 ; -                  ; n/a           ; n/a             ; n/a         ;
; product[4]    ; 2.5 V        ; 0 in              ; 0 H/in                  ; 0 F/in                  ; short         ; -                   ; open           ; open             ; open   ; 0 in             ; 0 H/in                 ; 0 F/in                 ; short        ; open          ; open            ; open  ; 0 V                 ; -                  ; n/a           ; n/a             ; n/a         ;
; product[5]    ; 2.5 V        ; 0 in              ; 0 H/in                  ; 0 F/in                  ; short         ; -                   ; open           ; open             ; open   ; 0 in             ; 0 H/in                 ; 0 F/in                 ; short        ; open          ; open            ; open  ; 0 V                 ; -                  ; n/a           ; n/a             ; n/a         ;
; product[6]    ; 2.5 V        ; 0 in              ; 0 H/in                  ; 0 F/in                  ; short         ; -                   ; open           ; open             ; open   ; 0 in             ; 0 H/in                 ; 0 F/in                 ; short        ; open          ; open            ; open  ; 0 V                 ; -                  ; n/a           ; n/a             ; n/a         ;
; product[7]    ; 2.5 V        ; 0 in              ; 0 H/in                  ; 0 F/in                  ; short         ; -                   ; open           ; open             ; open   ; 0 in             ; 0 H/in                 ; 0 F/in                 ; short        ; open          ; open            ; open  ; 0 V                 ; -                  ; n/a           ; n/a             ; n/a         ;
; product[8]    ; 2.5 V        ; 0 in              ; 0 H/in                  ; 0 F/in                  ; short         ; -                   ; open           ; open             ; open   ; 0 in             ; 0 H/in                 ; 0 F/in                 ; short        ; open          ; open            ; open  ; 0 V                 ; -                  ; n/a           ; n/a             ; n/a         ;
; product[9]    ; 2.5 V        ; 0 in              ; 0 H/in                  ; 0 F/in                  ; short         ; -                   ; open           ; open             ; open   ; 0 in             ; 0 H/in                 ; 0 F/in                 ; short        ; open          ; open            ; open  ; 0 V                 ; -                  ; n/a           ; n/a             ; n/a         ;
; product[10]   ; 2.5 V        ; 0 in              ; 0 H/in                  ; 0 F/in                  ; short         ; -                   ; open           ; open             ; open   ; 0 in             ; 0 H/in                 ; 0 F/in                 ; short        ; open          ; open            ; open  ; 0 V                 ; -                  ; n/a           ; n/a             ; n/a         ;
; product[11]   ; 2.5 V        ; 0 in              ; 0 H/in                  ; 0 F/in                  ; short         ; -                   ; open           ; open             ; open   ; 0 in             ; 0 H/in                 ; 0 F/in                 ; short        ; open          ; open            ; open  ; 0 V                 ; -                  ; n/a           ; n/a             ; n/a         ;
; product[12]   ; 2.5 V        ; 0 in              ; 0 H/in                  ; 0 F/in                  ; short         ; -                   ; open           ; open             ; open   ; 0 in             ; 0 H/in                 ; 0 F/in                 ; short        ; open          ; open            ; open  ; 0 V                 ; -                  ; n/a           ; n/a             ; n/a         ;
; product[13]   ; 2.5 V        ; 0 in              ; 0 H/in                  ; 0 F/in                  ; short         ; -                   ; open           ; open             ; open   ; 0 in             ; 0 H/in                 ; 0 F/in                 ; short        ; open          ; open            ; open  ; 0 V                 ; -                  ; n/a           ; n/a             ; n/a         ;
; product[14]   ; 2.5 V        ; 0 in              ; 0 H/in                  ; 0 F/in                  ; short         ; -                   ; open           ; open             ; open   ; 0 in             ; 0 H/in                 ; 0 F/in                 ; short        ; open          ; open            ; open  ; 0 V                 ; -                  ; n/a           ; n/a             ; n/a         ;
; product[15]   ; 2.5 V        ; 0 in              ; 0 H/in                  ; 0 F/in                  ; short         ; -                   ; open           ; open             ; open   ; 0 in             ; 0 H/in                 ; 0 F/in                 ; short        ; open          ; open            ; open  ; 0 V                 ; -                  ; n/a           ; n/a             ; n/a         ;
; product[16]   ; 2.5 V        ; 0 in              ; 0 H/in                  ; 0 F/in                  ; short         ; -                   ; open           ; open             ; open   ; 0 in             ; 0 H/in                 ; 0 F/in                 ; short        ; open          ; open            ; open  ; 0 V                 ; -                  ; n/a           ; n/a             ; n/a         ;
; product[17]   ; 2.5 V        ; 0 in              ; 0 H/in                  ; 0 F/in                  ; short         ; -                   ; open           ; open             ; open   ; 0 in             ; 0 H/in                 ; 0 F/in                 ; short        ; open          ; open            ; open  ; 0 V                 ; -                  ; n/a           ; n/a             ; n/a         ;
; product[18]   ; 2.5 V        ; 0 in              ; 0 H/in                  ; 0 F/in                  ; short         ; -                   ; open           ; open             ; open   ; 0 in             ; 0 H/in                 ; 0 F/in                 ; short        ; open          ; open            ; open  ; 0 V                 ; -                  ; n/a           ; n/a             ; n/a         ;
; product[19]   ; 2.5 V        ; 0 in              ; 0 H/in                  ; 0 F/in                  ; short         ; -                   ; open           ; open             ; open   ; 0 in             ; 0 H/in                 ; 0 F/in                 ; short        ; open          ; open            ; open  ; 0 V                 ; -                  ; n/a           ; n/a             ; n/a         ;
; product[20]   ; 2.5 V        ; 0 in              ; 0 H/in                  ; 0 F/in                  ; short         ; -                   ; open           ; open             ; open   ; 0 in             ; 0 H/in                 ; 0 F/in                 ; short        ; open          ; open            ; open  ; 0 V                 ; -                  ; n/a           ; n/a             ; n/a         ;
; product[21]   ; 2.5 V        ; 0 in              ; 0 H/in                  ; 0 F/in                  ; short         ; -                   ; open           ; open             ; open   ; 0 in             ; 0 H/in                 ; 0 F/in                 ; short        ; open          ; open            ; open  ; 0 V                 ; -                  ; n/a           ; n/a             ; n/a         ;
; product[22]   ; 2.5 V        ; 0 in              ; 0 H/in                  ; 0 F/in                  ; short         ; -                   ; open           ; open             ; open   ; 0 in             ; 0 H/in                 ; 0 F/in                 ; short        ; open          ; open            ; open  ; 0 V                 ; -                  ; n/a           ; n/a             ; n/a         ;
; product[23]   ; 2.5 V        ; 0 in              ; 0 H/in                  ; 0 F/in                  ; short         ; -                   ; open           ; open             ; open   ; 0 in             ; 0 H/in                 ; 0 F/in                 ; short        ; open          ; open            ; open  ; 0 V                 ; -                  ; n/a           ; n/a             ; n/a         ;
; product[24]   ; 2.5 V        ; 0 in              ; 0 H/in                  ; 0 F/in                  ; short         ; -                   ; open           ; open             ; open   ; 0 in             ; 0 H/in                 ; 0 F/in                 ; short        ; open          ; open            ; open  ; 0 V                 ; -                  ; n/a           ; n/a             ; n/a         ;
; product[25]   ; 2.5 V        ; 0 in              ; 0 H/in                  ; 0 F/in                  ; short         ; -                   ; open           ; open             ; open   ; 0 in             ; 0 H/in                 ; 0 F/in                 ; short        ; open          ; open            ; open  ; 0 V                 ; -                  ; n/a           ; n/a             ; n/a         ;
; product[26]   ; 2.5 V        ; 0 in              ; 0 H/in                  ; 0 F/in                  ; short         ; -                   ; open           ; open             ; open   ; 0 in             ; 0 H/in                 ; 0 F/in                 ; short        ; open          ; open            ; open  ; 0 V                 ; -                  ; n/a           ; n/a             ; n/a         ;
; product[27]   ; 2.5 V        ; 0 in              ; 0 H/in                  ; 0 F/in                  ; short         ; -                   ; open           ; open             ; open   ; 0 in             ; 0 H/in                 ; 0 F/in                 ; short        ; open          ; open            ; open  ; 0 V                 ; -                  ; n/a           ; n/a             ; n/a         ;
; product[28]   ; 2.5 V        ; 0 in              ; 0 H/in                  ; 0 F/in                  ; short         ; -                   ; open           ; open             ; open   ; 0 in             ; 0 H/in                 ; 0 F/in                 ; short        ; open          ; open            ; open  ; 0 V                 ; -                  ; n/a           ; n/a             ; n/a         ;
; product[29]   ; 2.5 V        ; 0 in              ; 0 H/in                  ; 0 F/in                  ; short         ; -                   ; open           ; open             ; open   ; 0 in             ; 0 H/in                 ; 0 F/in                 ; short        ; open          ; open            ; open  ; 0 V                 ; -                  ; n/a           ; n/a             ; n/a         ;
; product[30]   ; 2.5 V        ; 0 in              ; 0 H/in                  ; 0 F/in                  ; short         ; -                   ; open           ; open             ; open   ; 0 in             ; 0 H/in                 ; 0 F/in                 ; short        ; open          ; open            ; open  ; 0 V                 ; -                  ; n/a           ; n/a             ; n/a         ;
; product[31]   ; 2.5 V        ; 0 in              ; 0 H/in                  ; 0 F/in                  ; short         ; -                   ; open           ; open             ; open   ; 0 in             ; 0 H/in                 ; 0 F/in                 ; short        ; open          ; open            ; open  ; 0 V                 ; -                  ; n/a           ; n/a             ; n/a         ;
; product[32]   ; 2.5 V        ; 0 in              ; 0 H/in                  ; 0 F/in                  ; short         ; -                   ; open           ; open             ; open   ; 0 in             ; 0 H/in                 ; 0 F/in                 ; short        ; open          ; open            ; open  ; 0 V                 ; -                  ; n/a           ; n/a             ; n/a         ;
; product[33]   ; 2.5 V        ; 0 in              ; 0 H/in                  ; 0 F/in                  ; short         ; -                   ; open           ; open             ; open   ; 0 in             ; 0 H/in                 ; 0 F/in                 ; short        ; open          ; open            ; open  ; 0 V                 ; -                  ; n/a           ; n/a             ; n/a         ;
; product[34]   ; 2.5 V        ; 0 in              ; 0 H/in                  ; 0 F/in                  ; short         ; -                   ; open           ; open             ; open   ; 0 in             ; 0 H/in                 ; 0 F/in                 ; short        ; open          ; open            ; open  ; 0 V                 ; -                  ; n/a           ; n/a             ; n/a         ;
; product[35]   ; 2.5 V        ; 0 in              ; 0 H/in                  ; 0 F/in                  ; short         ; -                   ; open           ; open             ; open   ; 0 in             ; 0 H/in                 ; 0 F/in                 ; short        ; open          ; open            ; open  ; 0 V                 ; -                  ; n/a           ; n/a             ; n/a         ;
; product[36]   ; 2.5 V        ; 0 in              ; 0 H/in                  ; 0 F/in                  ; short         ; -                   ; open           ; open             ; open   ; 0 in             ; 0 H/in                 ; 0 F/in                 ; short        ; open          ; open            ; open  ; 0 V                 ; -                  ; n/a           ; n/a             ; n/a         ;
; product[37]   ; 2.5 V        ; 0 in              ; 0 H/in                  ; 0 F/in                  ; short         ; -                   ; open           ; open             ; open   ; 0 in             ; 0 H/in                 ; 0 F/in                 ; short        ; open          ; open            ; open  ; 0 V                 ; -                  ; n/a           ; n/a             ; n/a         ;
; product[38]   ; 2.5 V        ; 0 in              ; 0 H/in                  ; 0 F/in                  ; short         ; -                   ; open           ; open             ; open   ; 0 in             ; 0 H/in                 ; 0 F/in                 ; short        ; open          ; open            ; open  ; 0 V                 ; -                  ; n/a           ; n/a             ; n/a         ;
; product[39]   ; 2.5 V        ; 0 in              ; 0 H/in                  ; 0 F/in                  ; short         ; -                   ; open           ; open             ; open   ; 0 in             ; 0 H/in                 ; 0 F/in                 ; short        ; open          ; open            ; open  ; 0 V                 ; -                  ; n/a           ; n/a             ; n/a         ;
; product[40]   ; 2.5 V        ; 0 in              ; 0 H/in                  ; 0 F/in                  ; short         ; -                   ; open           ; open             ; open   ; 0 in             ; 0 H/in                 ; 0 F/in                 ; short        ; open          ; open            ; open  ; 0 V                 ; -                  ; n/a           ; n/a             ; n/a         ;
; product[41]   ; 2.5 V        ; 0 in              ; 0 H/in                  ; 0 F/in                  ; short         ; -                   ; open           ; open             ; open   ; 0 in             ; 0 H/in                 ; 0 F/in                 ; short        ; open          ; open            ; open  ; 0 V                 ; -                  ; n/a           ; n/a             ; n/a         ;
; product[42]   ; 2.5 V        ; 0 in              ; 0 H/in                  ; 0 F/in                  ; short         ; -                   ; open           ; open             ; open   ; 0 in             ; 0 H/in                 ; 0 F/in                 ; short        ; open          ; open            ; open  ; 0 V                 ; -                  ; n/a           ; n/a             ; n/a         ;
; product[43]   ; 2.5 V        ; 0 in              ; 0 H/in                  ; 0 F/in                  ; short         ; -                   ; open           ; open             ; open   ; 0 in             ; 0 H/in                 ; 0 F/in                 ; short        ; open          ; open            ; open  ; 0 V                 ; -                  ; n/a           ; n/a             ; n/a         ;
; product[44]   ; 2.5 V        ; 0 in              ; 0 H/in                  ; 0 F/in                  ; short         ; -                   ; open           ; open             ; open   ; 0 in             ; 0 H/in                 ; 0 F/in                 ; short        ; open          ; open            ; open  ; 0 V                 ; -                  ; n/a           ; n/a             ; n/a         ;
; product[45]   ; 2.5 V        ; 0 in              ; 0 H/in                  ; 0 F/in                  ; short         ; -                   ; open           ; open             ; open   ; 0 in             ; 0 H/in                 ; 0 F/in                 ; short        ; open          ; open            ; open  ; 0 V                 ; -                  ; n/a           ; n/a             ; n/a         ;
; product[46]   ; 2.5 V        ; 0 in              ; 0 H/in                  ; 0 F/in                  ; short         ; -                   ; open           ; open             ; open   ; 0 in             ; 0 H/in                 ; 0 F/in                 ; short        ; open          ; open            ; open  ; 0 V                 ; -                  ; n/a           ; n/a             ; n/a         ;
; product[47]   ; 2.5 V        ; 0 in              ; 0 H/in                  ; 0 F/in                  ; short         ; -                   ; open           ; open             ; open   ; 0 in             ; 0 H/in                 ; 0 F/in                 ; short        ; open          ; open            ; open  ; 0 V                 ; -                  ; n/a           ; n/a             ; n/a         ;
; product[48]   ; 2.5 V        ; 0 in              ; 0 H/in                  ; 0 F/in                  ; short         ; -                   ; open           ; open             ; open   ; 0 in             ; 0 H/in                 ; 0 F/in                 ; short        ; open          ; open            ; open  ; 0 V                 ; -                  ; n/a           ; n/a             ; n/a         ;
; product[49]   ; 2.5 V        ; 0 in              ; 0 H/in                  ; 0 F/in                  ; short         ; -                   ; open           ; open             ; open   ; 0 in             ; 0 H/in                 ; 0 F/in                 ; short        ; open          ; open            ; open  ; 0 V                 ; -                  ; n/a           ; n/a             ; n/a         ;
; product[50]   ; 2.5 V        ; 0 in              ; 0 H/in                  ; 0 F/in                  ; short         ; -                   ; open           ; open             ; open   ; 0 in             ; 0 H/in                 ; 0 F/in                 ; short        ; open          ; open            ; open  ; 0 V                 ; -                  ; n/a           ; n/a             ; n/a         ;
; product[51]   ; 2.5 V        ; 0 in              ; 0 H/in                  ; 0 F/in                  ; short         ; -                   ; open           ; open             ; open   ; 0 in             ; 0 H/in                 ; 0 F/in                 ; short        ; open          ; open            ; open  ; 0 V                 ; -                  ; n/a           ; n/a             ; n/a         ;
; product[52]   ; 2.5 V        ; 0 in              ; 0 H/in                  ; 0 F/in                  ; short         ; -                   ; open           ; open             ; open   ; 0 in             ; 0 H/in                 ; 0 F/in                 ; short        ; open          ; open            ; open  ; 0 V                 ; -                  ; n/a           ; n/a             ; n/a         ;
; product[53]   ; 2.5 V        ; 0 in              ; 0 H/in                  ; 0 F/in                  ; short         ; -                   ; open           ; open             ; open   ; 0 in             ; 0 H/in                 ; 0 F/in                 ; short        ; open          ; open            ; open  ; 0 V                 ; -                  ; n/a           ; n/a             ; n/a         ;
; product[54]   ; 2.5 V        ; 0 in              ; 0 H/in                  ; 0 F/in                  ; short         ; -                   ; open           ; open             ; open   ; 0 in             ; 0 H/in                 ; 0 F/in                 ; short        ; open          ; open            ; open  ; 0 V                 ; -                  ; n/a           ; n/a             ; n/a         ;
; product[55]   ; 2.5 V        ; 0 in              ; 0 H/in                  ; 0 F/in                  ; short         ; -                   ; open           ; open             ; open   ; 0 in             ; 0 H/in                 ; 0 F/in                 ; short        ; open          ; open            ; open  ; 0 V                 ; -                  ; n/a           ; n/a             ; n/a         ;
; product[56]   ; 2.5 V        ; 0 in              ; 0 H/in                  ; 0 F/in                  ; short         ; -                   ; open           ; open             ; open   ; 0 in             ; 0 H/in                 ; 0 F/in                 ; short        ; open          ; open            ; open  ; 0 V                 ; -                  ; n/a           ; n/a             ; n/a         ;
; product[57]   ; 2.5 V        ; 0 in              ; 0 H/in                  ; 0 F/in                  ; short         ; -                   ; open           ; open             ; open   ; 0 in             ; 0 H/in                 ; 0 F/in                 ; short        ; open          ; open            ; open  ; 0 V                 ; -                  ; n/a           ; n/a             ; n/a         ;
; product[58]   ; 2.5 V        ; 0 in              ; 0 H/in                  ; 0 F/in                  ; short         ; -                   ; open           ; open             ; open   ; 0 in             ; 0 H/in                 ; 0 F/in                 ; short        ; open          ; open            ; open  ; 0 V                 ; -                  ; n/a           ; n/a             ; n/a         ;
; product[59]   ; 2.5 V        ; 0 in              ; 0 H/in                  ; 0 F/in                  ; short         ; -                   ; open           ; open             ; open   ; 0 in             ; 0 H/in                 ; 0 F/in                 ; short        ; open          ; open            ; open  ; 0 V                 ; -                  ; n/a           ; n/a             ; n/a         ;
; product[60]   ; 2.5 V        ; 0 in              ; 0 H/in                  ; 0 F/in                  ; short         ; -                   ; open           ; open             ; open   ; 0 in             ; 0 H/in                 ; 0 F/in                 ; short        ; open          ; open            ; open  ; 0 V                 ; -                  ; n/a           ; n/a             ; n/a         ;
; product[61]   ; 2.5 V        ; 0 in              ; 0 H/in                  ; 0 F/in                  ; short         ; -                   ; open           ; open             ; open   ; 0 in             ; 0 H/in                 ; 0 F/in                 ; short        ; open          ; open            ; open  ; 0 V                 ; -                  ; n/a           ; n/a             ; n/a         ;
; product[62]   ; 2.5 V        ; 0 in              ; 0 H/in                  ; 0 F/in                  ; short         ; -                   ; open           ; open             ; open   ; 0 in             ; 0 H/in                 ; 0 F/in                 ; short        ; open          ; open            ; open  ; 0 V                 ; -                  ; n/a           ; n/a             ; n/a         ;
; product[63]   ; 2.5 V        ; 0 in              ; 0 H/in                  ; 0 F/in                  ; short         ; -                   ; open           ; open             ; open   ; 0 in             ; 0 H/in                 ; 0 F/in                 ; short        ; open          ; open            ; open  ; 0 V                 ; -                  ; n/a           ; n/a             ; n/a         ;
; done          ; 2.5 V        ; 0 in              ; 0 H/in                  ; 0 F/in                  ; short         ; -                   ; open           ; open             ; open   ; 0 in             ; 0 H/in                 ; 0 F/in                 ; short        ; open          ; open            ; open  ; 0 V                 ; -                  ; n/a           ; n/a             ; n/a         ;
; ~ALTERA_DCLK~ ; 2.5 V        ; 0 in              ; 0 H/in                  ; 0 F/in                  ; short         ; -                   ; open           ; open             ; open   ; 0 in             ; 0 H/in                 ; 0 F/in                 ; short        ; open          ; open            ; open  ; 0 V                 ; -                  ; n/a           ; n/a             ; n/a         ;
; ~ALTERA_nCEO~ ; 2.5 V        ; 0 in              ; 0 H/in                  ; 0 F/in                  ; short         ; -                   ; open           ; open             ; open   ; 0 in             ; 0 H/in                 ; 0 F/in                 ; short        ; open          ; open            ; open  ; 0 V                 ; -                  ; n/a           ; n/a             ; n/a         ;
+---------------+--------------+-------------------+-------------------------+-------------------------+---------------+---------------------+----------------+------------------+--------+------------------+------------------------+------------------------+--------------+---------------+-----------------+-------+---------------------+--------------------+---------------+-----------------+-------------+


+----------------------------------------------------------------------------+
; Input Transition Times                                                     ;
+-------------------------+--------------+-----------------+-----------------+
; Pin                     ; I/O Standard ; 10-90 Rise Time ; 90-10 Fall Time ;
+-------------------------+--------------+-----------------+-----------------+
; clk                     ; 2.5 V        ; 2000 ps         ; 2000 ps         ;
; rst_n                   ; 2.5 V        ; 2000 ps         ; 2000 ps         ;
; start                   ; 2.5 V        ; 2000 ps         ; 2000 ps         ;
; multiplicand_in[0]      ; 2.5 V        ; 2000 ps         ; 2000 ps         ;
; multiplier_in[0]        ; 2.5 V        ; 2000 ps         ; 2000 ps         ;
; multiplicand_in[1]      ; 2.5 V        ; 2000 ps         ; 2000 ps         ;
; multiplicand_in[2]      ; 2.5 V        ; 2000 ps         ; 2000 ps         ;
; multiplicand_in[3]      ; 2.5 V        ; 2000 ps         ; 2000 ps         ;
; multiplicand_in[4]      ; 2.5 V        ; 2000 ps         ; 2000 ps         ;
; multiplicand_in[5]      ; 2.5 V        ; 2000 ps         ; 2000 ps         ;
; multiplicand_in[6]      ; 2.5 V        ; 2000 ps         ; 2000 ps         ;
; multiplicand_in[7]      ; 2.5 V        ; 2000 ps         ; 2000 ps         ;
; multiplicand_in[8]      ; 2.5 V        ; 2000 ps         ; 2000 ps         ;
; multiplicand_in[9]      ; 2.5 V        ; 2000 ps         ; 2000 ps         ;
; multiplicand_in[10]     ; 2.5 V        ; 2000 ps         ; 2000 ps         ;
; multiplicand_in[11]     ; 2.5 V        ; 2000 ps         ; 2000 ps         ;
; multiplicand_in[12]     ; 2.5 V        ; 2000 ps         ; 2000 ps         ;
; multiplicand_in[13]     ; 2.5 V        ; 2000 ps         ; 2000 ps         ;
; multiplicand_in[14]     ; 2.5 V        ; 2000 ps         ; 2000 ps         ;
; multiplicand_in[15]     ; 2.5 V        ; 2000 ps         ; 2000 ps         ;
; multiplicand_in[16]     ; 2.5 V        ; 2000 ps         ; 2000 ps         ;
; multiplicand_in[17]     ; 2.5 V        ; 2000 ps         ; 2000 ps         ;
; multiplicand_in[18]     ; 2.5 V        ; 2000 ps         ; 2000 ps         ;
; multiplicand_in[19]     ; 2.5 V        ; 2000 ps         ; 2000 ps         ;
; multiplicand_in[20]     ; 2.5 V        ; 2000 ps         ; 2000 ps         ;
; multiplicand_in[21]     ; 2.5 V        ; 2000 ps         ; 2000 ps         ;
; multiplicand_in[22]     ; 2.5 V        ; 2000 ps         ; 2000 ps         ;
; multiplicand_in[23]     ; 2.5 V        ; 2000 ps         ; 2000 ps         ;
; multiplicand_in[24]     ; 2.5 V        ; 2000 ps         ; 2000 ps         ;
; multiplicand_in[25]     ; 2.5 V        ; 2000 ps         ; 2000 ps         ;
; multiplicand_in[26]     ; 2.5 V        ; 2000 ps         ; 2000 ps         ;
; multiplicand_in[27]     ; 2.5 V        ; 2000 ps         ; 2000 ps         ;
; multiplicand_in[28]     ; 2.5 V        ; 2000 ps         ; 2000 ps         ;
; multiplicand_in[29]     ; 2.5 V        ; 2000 ps         ; 2000 ps         ;
; multiplicand_in[30]     ; 2.5 V        ; 2000 ps         ; 2000 ps         ;
; multiplicand_in[31]     ; 2.5 V        ; 2000 ps         ; 2000 ps         ;
; multiplier_in[1]        ; 2.5 V        ; 2000 ps         ; 2000 ps         ;
; multiplier_in[2]        ; 2.5 V        ; 2000 ps         ; 2000 ps         ;
; multiplier_in[3]        ; 2.5 V        ; 2000 ps         ; 2000 ps         ;
; multiplier_in[4]        ; 2.5 V        ; 2000 ps         ; 2000 ps         ;
; multiplier_in[5]        ; 2.5 V        ; 2000 ps         ; 2000 ps         ;
; multiplier_in[6]        ; 2.5 V        ; 2000 ps         ; 2000 ps         ;
; multiplier_in[7]        ; 2.5 V        ; 2000 ps         ; 2000 ps         ;
; multiplier_in[8]        ; 2.5 V        ; 2000 ps         ; 2000 ps         ;
; multiplier_in[9]        ; 2.5 V        ; 2000 ps         ; 2000 ps         ;
; multiplier_in[10]       ; 2.5 V        ; 2000 ps         ; 2000 ps         ;
; multiplier_in[11]       ; 2.5 V        ; 2000 ps         ; 2000 ps         ;
; multiplier_in[12]       ; 2.5 V        ; 2000 ps         ; 2000 ps         ;
; multiplier_in[13]       ; 2.5 V        ; 2000 ps         ; 2000 ps         ;
; multiplier_in[14]       ; 2.5 V        ; 2000 ps         ; 2000 ps         ;
; multiplier_in[15]       ; 2.5 V        ; 2000 ps         ; 2000 ps         ;
; multiplier_in[16]       ; 2.5 V        ; 2000 ps         ; 2000 ps         ;
; multiplier_in[17]       ; 2.5 V        ; 2000 ps         ; 2000 ps         ;
; multiplier_in[18]       ; 2.5 V        ; 2000 ps         ; 2000 ps         ;
; multiplier_in[19]       ; 2.5 V        ; 2000 ps         ; 2000 ps         ;
; multiplier_in[20]       ; 2.5 V        ; 2000 ps         ; 2000 ps         ;
; multiplier_in[21]       ; 2.5 V        ; 2000 ps         ; 2000 ps         ;
; multiplier_in[22]       ; 2.5 V        ; 2000 ps         ; 2000 ps         ;
; multiplier_in[23]       ; 2.5 V        ; 2000 ps         ; 2000 ps         ;
; multiplier_in[24]       ; 2.5 V        ; 2000 ps         ; 2000 ps         ;
; multiplier_in[25]       ; 2.5 V        ; 2000 ps         ; 2000 ps         ;
; multiplier_in[26]       ; 2.5 V        ; 2000 ps         ; 2000 ps         ;
; multiplier_in[27]       ; 2.5 V        ; 2000 ps         ; 2000 ps         ;
; multiplier_in[28]       ; 2.5 V        ; 2000 ps         ; 2000 ps         ;
; multiplier_in[29]       ; 2.5 V        ; 2000 ps         ; 2000 ps         ;
; multiplier_in[30]       ; 2.5 V        ; 2000 ps         ; 2000 ps         ;
; multiplier_in[31]       ; 2.5 V        ; 2000 ps         ; 2000 ps         ;
; ~ALTERA_ASDO_DATA1~     ; 2.5 V        ; 2000 ps         ; 2000 ps         ;
; ~ALTERA_FLASH_nCE_nCSO~ ; 2.5 V        ; 2000 ps         ; 2000 ps         ;
; ~ALTERA_DATA0~          ; 2.5 V        ; 2000 ps         ; 2000 ps         ;
+-------------------------+--------------+-----------------+-----------------+


+--------------------------------------------------------------------------------------------------------------------------------------------------------------------------------------------------------------------------------------------------------------------------------------------------------------------------------------------------------------------------------------------------------------------------------------------------------------------------------------------------------------------------------------------------------------------------------------------------------------------------------------------------------------------------------------------+
; Signal Integrity Metrics (Slow 1200mv 0c Model)                                                                                                                                                                                                                                                                                                                                                                                                                                                                                                                                                                                                                                            ;
+---------------+--------------+---------------------+---------------------+------------------------------+------------------------------+---------------------+---------------------+--------------------------------------+--------------------------------------+-----------------------------+-----------------------------+----------------------------+----------------------------+-----------------------------+-----------------------------+--------------------+--------------------+-------------------------------------+-------------------------------------+----------------------------+----------------------------+---------------------------+---------------------------+
; Pin           ; I/O Standard ; Board Delay on Rise ; Board Delay on Fall ; Steady State Voh at FPGA Pin ; Steady State Vol at FPGA Pin ; Voh Max at FPGA Pin ; Vol Min at FPGA Pin ; Ringback Voltage on Rise at FPGA Pin ; Ringback Voltage on Fall at FPGA Pin ; 10-90 Rise Time at FPGA Pin ; 90-10 Fall Time at FPGA Pin ; Monotonic Rise at FPGA Pin ; Monotonic Fall at FPGA Pin ; Steady State Voh at Far-end ; Steady State Vol at Far-end ; Voh Max at Far-end ; Vol Min at Far-end ; Ringback Voltage on Rise at Far-end ; Ringback Voltage on Fall at Far-end ; 10-90 Rise Time at Far-end ; 90-10 Fall Time at Far-end ; Monotonic Rise at Far-end ; Monotonic Fall at Far-end ;
+---------------+--------------+---------------------+---------------------+------------------------------+------------------------------+---------------------+---------------------+--------------------------------------+--------------------------------------+-----------------------------+-----------------------------+----------------------------+----------------------------+-----------------------------+-----------------------------+--------------------+--------------------+-------------------------------------+-------------------------------------+----------------------------+----------------------------+---------------------------+---------------------------+
; product[0]    ; 2.5 V        ; 0 s                 ; 0 s                 ; 2.32 V                       ; 4.49e-09 V                   ; 2.38 V              ; -0.00552 V          ; 0.096 V                              ; 0.019 V                              ; 4.18e-10 s                  ; 3.59e-10 s                  ; No                         ; Yes                        ; 2.32 V                      ; 4.49e-09 V                  ; 2.38 V             ; -0.00552 V         ; 0.096 V                             ; 0.019 V                             ; 4.18e-10 s                 ; 3.59e-10 s                 ; No                        ; Yes                       ;
; product[1]    ; 2.5 V        ; 0 s                 ; 0 s                 ; 2.32 V                       ; 4.49e-09 V                   ; 2.38 V              ; -0.00552 V          ; 0.096 V                              ; 0.019 V                              ; 4.18e-10 s                  ; 3.59e-10 s                  ; No                         ; Yes                        ; 2.32 V                      ; 4.49e-09 V                  ; 2.38 V             ; -0.00552 V         ; 0.096 V                             ; 0.019 V                             ; 4.18e-10 s                 ; 3.59e-10 s                 ; No                        ; Yes                       ;
; product[2]    ; 2.5 V        ; 0 s                 ; 0 s                 ; 2.32 V                       ; 4.49e-09 V                   ; 2.38 V              ; -0.00552 V          ; 0.096 V                              ; 0.019 V                              ; 4.18e-10 s                  ; 3.59e-10 s                  ; No                         ; Yes                        ; 2.32 V                      ; 4.49e-09 V                  ; 2.38 V             ; -0.00552 V         ; 0.096 V                             ; 0.019 V                             ; 4.18e-10 s                 ; 3.59e-10 s                 ; No                        ; Yes                       ;
; product[3]    ; 2.5 V        ; 0 s                 ; 0 s                 ; 2.32 V                       ; 3.07e-09 V                   ; 2.37 V              ; -0.00994 V          ; 0.186 V                              ; 0.028 V                              ; 4.98e-10 s                  ; 4.96e-10 s                  ; Yes                        ; Yes                        ; 2.32 V                      ; 3.07e-09 V                  ; 2.37 V             ; -0.00994 V         ; 0.186 V                             ; 0.028 V                             ; 4.98e-10 s                 ; 4.96e-10 s                 ; Yes                       ; Yes                       ;
; product[4]    ; 2.5 V        ; 0 s                 ; 0 s                 ; 2.32 V                       ; 3.07e-09 V                   ; 2.38 V              ; -0.0144 V           ; 0.227 V                              ; 0.024 V                              ; 3.14e-10 s                  ; 3.39e-10 s                  ; Yes                        ; Yes                        ; 2.32 V                      ; 3.07e-09 V                  ; 2.38 V             ; -0.0144 V          ; 0.227 V                             ; 0.024 V                             ; 3.14e-10 s                 ; 3.39e-10 s                 ; Yes                       ; Yes                       ;
; product[5]    ; 2.5 V        ; 0 s                 ; 0 s                 ; 2.32 V                       ; 3.07e-09 V                   ; 2.37 V              ; -0.00994 V          ; 0.186 V                              ; 0.028 V                              ; 4.98e-10 s                  ; 4.96e-10 s                  ; Yes                        ; Yes                        ; 2.32 V                      ; 3.07e-09 V                  ; 2.37 V             ; -0.00994 V         ; 0.186 V                             ; 0.028 V                             ; 4.98e-10 s                 ; 4.96e-10 s                 ; Yes                       ; Yes                       ;
; product[6]    ; 2.5 V        ; 0 s                 ; 0 s                 ; 2.32 V                       ; 4.49e-09 V                   ; 2.38 V              ; -0.00552 V          ; 0.096 V                              ; 0.019 V                              ; 4.18e-10 s                  ; 3.59e-10 s                  ; No                         ; Yes                        ; 2.32 V                      ; 4.49e-09 V                  ; 2.38 V             ; -0.00552 V         ; 0.096 V                             ; 0.019 V                             ; 4.18e-10 s                 ; 3.59e-10 s                 ; No                        ; Yes                       ;
; product[7]    ; 2.5 V        ; 0 s                 ; 0 s                 ; 2.32 V                       ; 4.49e-09 V                   ; 2.38 V              ; -0.00552 V          ; 0.096 V                              ; 0.019 V                              ; 4.18e-10 s                  ; 3.59e-10 s                  ; No                         ; Yes                        ; 2.32 V                      ; 4.49e-09 V                  ; 2.38 V             ; -0.00552 V         ; 0.096 V                             ; 0.019 V                             ; 4.18e-10 s                 ; 3.59e-10 s                 ; No                        ; Yes                       ;
; product[8]    ; 2.5 V        ; 0 s                 ; 0 s                 ; 2.32 V                       ; 4.49e-09 V                   ; 2.38 V              ; -0.00552 V          ; 0.096 V                              ; 0.019 V                              ; 4.18e-10 s                  ; 3.59e-10 s                  ; No                         ; Yes                        ; 2.32 V                      ; 4.49e-09 V                  ; 2.38 V             ; -0.00552 V         ; 0.096 V                             ; 0.019 V                             ; 4.18e-10 s                 ; 3.59e-10 s                 ; No                        ; Yes                       ;
; product[9]    ; 2.5 V        ; 0 s                 ; 0 s                 ; 2.32 V                       ; 3.07e-09 V                   ; 2.37 V              ; -0.00994 V          ; 0.186 V                              ; 0.028 V                              ; 4.98e-10 s                  ; 4.96e-10 s                  ; Yes                        ; Yes                        ; 2.32 V                      ; 3.07e-09 V                  ; 2.37 V             ; -0.00994 V         ; 0.186 V                             ; 0.028 V                             ; 4.98e-10 s                 ; 4.96e-10 s                 ; Yes                       ; Yes                       ;
; product[10]   ; 2.5 V        ; 0 s                 ; 0 s                 ; 2.32 V                       ; 4.49e-09 V                   ; 2.38 V              ; -0.00552 V          ; 0.096 V                              ; 0.019 V                              ; 4.18e-10 s                  ; 3.59e-10 s                  ; No                         ; Yes                        ; 2.32 V                      ; 4.49e-09 V                  ; 2.38 V             ; -0.00552 V         ; 0.096 V                             ; 0.019 V                             ; 4.18e-10 s                 ; 3.59e-10 s                 ; No                        ; Yes                       ;
; product[11]   ; 2.5 V        ; 0 s                 ; 0 s                 ; 2.32 V                       ; 4.49e-09 V                   ; 2.38 V              ; -0.00552 V          ; 0.096 V                              ; 0.019 V                              ; 4.18e-10 s                  ; 3.59e-10 s                  ; No                         ; Yes                        ; 2.32 V                      ; 4.49e-09 V                  ; 2.38 V             ; -0.00552 V         ; 0.096 V                             ; 0.019 V                             ; 4.18e-10 s                 ; 3.59e-10 s                 ; No                        ; Yes                       ;
; product[12]   ; 2.5 V        ; 0 s                 ; 0 s                 ; 2.32 V                       ; 4.49e-09 V                   ; 2.38 V              ; -0.00552 V          ; 0.096 V                              ; 0.019 V                              ; 4.18e-10 s                  ; 3.59e-10 s                  ; No                         ; Yes                        ; 2.32 V                      ; 4.49e-09 V                  ; 2.38 V             ; -0.00552 V         ; 0.096 V                             ; 0.019 V                             ; 4.18e-10 s                 ; 3.59e-10 s                 ; No                        ; Yes                       ;
; product[13]   ; 2.5 V        ; 0 s                 ; 0 s                 ; 2.32 V                       ; 4.49e-09 V                   ; 2.38 V              ; -0.00552 V          ; 0.096 V                              ; 0.019 V                              ; 4.18e-10 s                  ; 3.59e-10 s                  ; No                         ; Yes                        ; 2.32 V                      ; 4.49e-09 V                  ; 2.38 V             ; -0.00552 V         ; 0.096 V                             ; 0.019 V                             ; 4.18e-10 s                 ; 3.59e-10 s                 ; No                        ; Yes                       ;
; product[14]   ; 2.5 V        ; 0 s                 ; 0 s                 ; 2.32 V                       ; 3.07e-09 V                   ; 2.37 V              ; -0.00994 V          ; 0.186 V                              ; 0.028 V                              ; 4.98e-10 s                  ; 4.96e-10 s                  ; Yes                        ; Yes                        ; 2.32 V                      ; 3.07e-09 V                  ; 2.37 V             ; -0.00994 V         ; 0.186 V                             ; 0.028 V                             ; 4.98e-10 s                 ; 4.96e-10 s                 ; Yes                       ; Yes                       ;
; product[15]   ; 2.5 V        ; 0 s                 ; 0 s                 ; 2.32 V                       ; 4.49e-09 V                   ; 2.38 V              ; -0.00552 V          ; 0.096 V                              ; 0.019 V                              ; 4.18e-10 s                  ; 3.59e-10 s                  ; No                         ; Yes                        ; 2.32 V                      ; 4.49e-09 V                  ; 2.38 V             ; -0.00552 V         ; 0.096 V                             ; 0.019 V                             ; 4.18e-10 s                 ; 3.59e-10 s                 ; No                        ; Yes                       ;
; product[16]   ; 2.5 V        ; 0 s                 ; 0 s                 ; 2.32 V                       ; 4.49e-09 V                   ; 2.38 V              ; -0.00552 V          ; 0.096 V                              ; 0.019 V                              ; 4.18e-10 s                  ; 3.59e-10 s                  ; No                         ; Yes                        ; 2.32 V                      ; 4.49e-09 V                  ; 2.38 V             ; -0.00552 V         ; 0.096 V                             ; 0.019 V                             ; 4.18e-10 s                 ; 3.59e-10 s                 ; No                        ; Yes                       ;
; product[17]   ; 2.5 V        ; 0 s                 ; 0 s                 ; 2.32 V                       ; 4.49e-09 V                   ; 2.38 V              ; -0.00552 V          ; 0.096 V                              ; 0.019 V                              ; 4.18e-10 s                  ; 3.59e-10 s                  ; No                         ; Yes                        ; 2.32 V                      ; 4.49e-09 V                  ; 2.38 V             ; -0.00552 V         ; 0.096 V                             ; 0.019 V                             ; 4.18e-10 s                 ; 3.59e-10 s                 ; No                        ; Yes                       ;
; product[18]   ; 2.5 V        ; 0 s                 ; 0 s                 ; 2.32 V                       ; 4.49e-09 V                   ; 2.38 V              ; -0.00552 V          ; 0.096 V                              ; 0.019 V                              ; 4.18e-10 s                  ; 3.59e-10 s                  ; No                         ; Yes                        ; 2.32 V                      ; 4.49e-09 V                  ; 2.38 V             ; -0.00552 V         ; 0.096 V                             ; 0.019 V                             ; 4.18e-10 s                 ; 3.59e-10 s                 ; No                        ; Yes                       ;
; product[19]   ; 2.5 V        ; 0 s                 ; 0 s                 ; 2.32 V                       ; 4.49e-09 V                   ; 2.38 V              ; -0.00552 V          ; 0.096 V                              ; 0.019 V                              ; 4.18e-10 s                  ; 3.59e-10 s                  ; No                         ; Yes                        ; 2.32 V                      ; 4.49e-09 V                  ; 2.38 V             ; -0.00552 V         ; 0.096 V                             ; 0.019 V                             ; 4.18e-10 s                 ; 3.59e-10 s                 ; No                        ; Yes                       ;
; product[20]   ; 2.5 V        ; 0 s                 ; 0 s                 ; 2.32 V                       ; 4.49e-09 V                   ; 2.38 V              ; -0.00552 V          ; 0.096 V                              ; 0.019 V                              ; 4.18e-10 s                  ; 3.59e-10 s                  ; No                         ; Yes                        ; 2.32 V                      ; 4.49e-09 V                  ; 2.38 V             ; -0.00552 V         ; 0.096 V                             ; 0.019 V                             ; 4.18e-10 s                 ; 3.59e-10 s                 ; No                        ; Yes                       ;
; product[21]   ; 2.5 V        ; 0 s                 ; 0 s                 ; 2.32 V                       ; 4.49e-09 V                   ; 2.38 V              ; -0.00552 V          ; 0.096 V                              ; 0.019 V                              ; 4.18e-10 s                  ; 3.59e-10 s                  ; No                         ; Yes                        ; 2.32 V                      ; 4.49e-09 V                  ; 2.38 V             ; -0.00552 V         ; 0.096 V                             ; 0.019 V                             ; 4.18e-10 s                 ; 3.59e-10 s                 ; No                        ; Yes                       ;
; product[22]   ; 2.5 V        ; 0 s                 ; 0 s                 ; 2.32 V                       ; 4.49e-09 V                   ; 2.38 V              ; -0.00552 V          ; 0.096 V                              ; 0.019 V                              ; 4.18e-10 s                  ; 3.59e-10 s                  ; No                         ; Yes                        ; 2.32 V                      ; 4.49e-09 V                  ; 2.38 V             ; -0.00552 V         ; 0.096 V                             ; 0.019 V                             ; 4.18e-10 s                 ; 3.59e-10 s                 ; No                        ; Yes                       ;
; product[23]   ; 2.5 V        ; 0 s                 ; 0 s                 ; 2.32 V                       ; 4.49e-09 V                   ; 2.38 V              ; -0.00552 V          ; 0.096 V                              ; 0.019 V                              ; 4.18e-10 s                  ; 3.59e-10 s                  ; No                         ; Yes                        ; 2.32 V                      ; 4.49e-09 V                  ; 2.38 V             ; -0.00552 V         ; 0.096 V                             ; 0.019 V                             ; 4.18e-10 s                 ; 3.59e-10 s                 ; No                        ; Yes                       ;
; product[24]   ; 2.5 V        ; 0 s                 ; 0 s                 ; 2.32 V                       ; 4.49e-09 V                   ; 2.38 V              ; -0.00552 V          ; 0.096 V                              ; 0.019 V                              ; 4.18e-10 s                  ; 3.59e-10 s                  ; No                         ; Yes                        ; 2.32 V                      ; 4.49e-09 V                  ; 2.38 V             ; -0.00552 V         ; 0.096 V                             ; 0.019 V                             ; 4.18e-10 s                 ; 3.59e-10 s                 ; No                        ; Yes                       ;
; product[25]   ; 2.5 V        ; 0 s                 ; 0 s                 ; 2.32 V                       ; 4.49e-09 V                   ; 2.38 V              ; -0.00552 V          ; 0.096 V                              ; 0.019 V                              ; 4.18e-10 s                  ; 3.59e-10 s                  ; No                         ; Yes                        ; 2.32 V                      ; 4.49e-09 V                  ; 2.38 V             ; -0.00552 V         ; 0.096 V                             ; 0.019 V                             ; 4.18e-10 s                 ; 3.59e-10 s                 ; No                        ; Yes                       ;
; product[26]   ; 2.5 V        ; 0 s                 ; 0 s                 ; 2.32 V                       ; 4.49e-09 V                   ; 2.33 V              ; -0.00467 V          ; 0.226 V                              ; 0.087 V                              ; 2.91e-09 s                  ; 2.74e-09 s                  ; Yes                        ; Yes                        ; 2.32 V                      ; 4.49e-09 V                  ; 2.33 V             ; -0.00467 V         ; 0.226 V                             ; 0.087 V                             ; 2.91e-09 s                 ; 2.74e-09 s                 ; Yes                       ; Yes                       ;
; product[27]   ; 2.5 V        ; 0 s                 ; 0 s                 ; 2.32 V                       ; 4.49e-09 V                   ; 2.38 V              ; -0.00552 V          ; 0.096 V                              ; 0.019 V                              ; 4.18e-10 s                  ; 3.59e-10 s                  ; No                         ; Yes                        ; 2.32 V                      ; 4.49e-09 V                  ; 2.38 V             ; -0.00552 V         ; 0.096 V                             ; 0.019 V                             ; 4.18e-10 s                 ; 3.59e-10 s                 ; No                        ; Yes                       ;
; product[28]   ; 2.5 V        ; 0 s                 ; 0 s                 ; 2.32 V                       ; 4.49e-09 V                   ; 2.38 V              ; -0.00552 V          ; 0.096 V                              ; 0.019 V                              ; 4.18e-10 s                  ; 3.59e-10 s                  ; No                         ; Yes                        ; 2.32 V                      ; 4.49e-09 V                  ; 2.38 V             ; -0.00552 V         ; 0.096 V                             ; 0.019 V                             ; 4.18e-10 s                 ; 3.59e-10 s                 ; No                        ; Yes                       ;
; product[29]   ; 2.5 V        ; 0 s                 ; 0 s                 ; 2.32 V                       ; 3.07e-09 V                   ; 2.37 V              ; -0.00994 V          ; 0.186 V                              ; 0.028 V                              ; 4.98e-10 s                  ; 4.96e-10 s                  ; Yes                        ; Yes                        ; 2.32 V                      ; 3.07e-09 V                  ; 2.37 V             ; -0.00994 V         ; 0.186 V                             ; 0.028 V                             ; 4.98e-10 s                 ; 4.96e-10 s                 ; Yes                       ; Yes                       ;
; product[30]   ; 2.5 V        ; 0 s                 ; 0 s                 ; 2.32 V                       ; 3.07e-09 V                   ; 2.37 V              ; -0.00994 V          ; 0.186 V                              ; 0.028 V                              ; 4.98e-10 s                  ; 4.96e-10 s                  ; Yes                        ; Yes                        ; 2.32 V                      ; 3.07e-09 V                  ; 2.37 V             ; -0.00994 V         ; 0.186 V                             ; 0.028 V                             ; 4.98e-10 s                 ; 4.96e-10 s                 ; Yes                       ; Yes                       ;
; product[31]   ; 2.5 V        ; 0 s                 ; 0 s                 ; 2.32 V                       ; 4.49e-09 V                   ; 2.38 V              ; -0.00552 V          ; 0.096 V                              ; 0.019 V                              ; 4.18e-10 s                  ; 3.59e-10 s                  ; No                         ; Yes                        ; 2.32 V                      ; 4.49e-09 V                  ; 2.38 V             ; -0.00552 V         ; 0.096 V                             ; 0.019 V                             ; 4.18e-10 s                 ; 3.59e-10 s                 ; No                        ; Yes                       ;
; product[32]   ; 2.5 V        ; 0 s                 ; 0 s                 ; 2.32 V                       ; 4.49e-09 V                   ; 2.38 V              ; -0.00552 V          ; 0.096 V                              ; 0.019 V                              ; 4.18e-10 s                  ; 3.59e-10 s                  ; No                         ; Yes                        ; 2.32 V                      ; 4.49e-09 V                  ; 2.38 V             ; -0.00552 V         ; 0.096 V                             ; 0.019 V                             ; 4.18e-10 s                 ; 3.59e-10 s                 ; No                        ; Yes                       ;
; product[33]   ; 2.5 V        ; 0 s                 ; 0 s                 ; 2.32 V                       ; 4.49e-09 V                   ; 2.38 V              ; -0.00552 V          ; 0.096 V                              ; 0.019 V                              ; 4.18e-10 s                  ; 3.59e-10 s                  ; No                         ; Yes                        ; 2.32 V                      ; 4.49e-09 V                  ; 2.38 V             ; -0.00552 V         ; 0.096 V                             ; 0.019 V                             ; 4.18e-10 s                 ; 3.59e-10 s                 ; No                        ; Yes                       ;
; product[34]   ; 2.5 V        ; 0 s                 ; 0 s                 ; 2.32 V                       ; 4.49e-09 V                   ; 2.38 V              ; -0.00552 V          ; 0.096 V                              ; 0.019 V                              ; 4.18e-10 s                  ; 3.59e-10 s                  ; No                         ; Yes                        ; 2.32 V                      ; 4.49e-09 V                  ; 2.38 V             ; -0.00552 V         ; 0.096 V                             ; 0.019 V                             ; 4.18e-10 s                 ; 3.59e-10 s                 ; No                        ; Yes                       ;
; product[35]   ; 2.5 V        ; 0 s                 ; 0 s                 ; 2.32 V                       ; 4.49e-09 V                   ; 2.38 V              ; -0.00552 V          ; 0.096 V                              ; 0.019 V                              ; 4.18e-10 s                  ; 3.59e-10 s                  ; No                         ; Yes                        ; 2.32 V                      ; 4.49e-09 V                  ; 2.38 V             ; -0.00552 V         ; 0.096 V                             ; 0.019 V                             ; 4.18e-10 s                 ; 3.59e-10 s                 ; No                        ; Yes                       ;
; product[36]   ; 2.5 V        ; 0 s                 ; 0 s                 ; 2.32 V                       ; 4.49e-09 V                   ; 2.33 V              ; -0.00467 V          ; 0.226 V                              ; 0.087 V                              ; 2.91e-09 s                  ; 2.74e-09 s                  ; Yes                        ; Yes                        ; 2.32 V                      ; 4.49e-09 V                  ; 2.33 V             ; -0.00467 V         ; 0.226 V                             ; 0.087 V                             ; 2.91e-09 s                 ; 2.74e-09 s                 ; Yes                       ; Yes                       ;
; product[37]   ; 2.5 V        ; 0 s                 ; 0 s                 ; 2.32 V                       ; 4.49e-09 V                   ; 2.33 V              ; -0.00467 V          ; 0.226 V                              ; 0.087 V                              ; 2.91e-09 s                  ; 2.74e-09 s                  ; Yes                        ; Yes                        ; 2.32 V                      ; 4.49e-09 V                  ; 2.33 V             ; -0.00467 V         ; 0.226 V                             ; 0.087 V                             ; 2.91e-09 s                 ; 2.74e-09 s                 ; Yes                       ; Yes                       ;
; product[38]   ; 2.5 V        ; 0 s                 ; 0 s                 ; 2.32 V                       ; 4.49e-09 V                   ; 2.38 V              ; -0.00552 V          ; 0.096 V                              ; 0.019 V                              ; 4.18e-10 s                  ; 3.59e-10 s                  ; No                         ; Yes                        ; 2.32 V                      ; 4.49e-09 V                  ; 2.38 V             ; -0.00552 V         ; 0.096 V                             ; 0.019 V                             ; 4.18e-10 s                 ; 3.59e-10 s                 ; No                        ; Yes                       ;
; product[39]   ; 2.5 V        ; 0 s                 ; 0 s                 ; 2.32 V                       ; 4.49e-09 V                   ; 2.38 V              ; -0.00552 V          ; 0.096 V                              ; 0.019 V                              ; 4.18e-10 s                  ; 3.59e-10 s                  ; No                         ; Yes                        ; 2.32 V                      ; 4.49e-09 V                  ; 2.38 V             ; -0.00552 V         ; 0.096 V                             ; 0.019 V                             ; 4.18e-10 s                 ; 3.59e-10 s                 ; No                        ; Yes                       ;
; product[40]   ; 2.5 V        ; 0 s                 ; 0 s                 ; 2.32 V                       ; 4.49e-09 V                   ; 2.38 V              ; -0.00552 V          ; 0.096 V                              ; 0.019 V                              ; 4.18e-10 s                  ; 3.59e-10 s                  ; No                         ; Yes                        ; 2.32 V                      ; 4.49e-09 V                  ; 2.38 V             ; -0.00552 V         ; 0.096 V                             ; 0.019 V                             ; 4.18e-10 s                 ; 3.59e-10 s                 ; No                        ; Yes                       ;
; product[41]   ; 2.5 V        ; 0 s                 ; 0 s                 ; 2.32 V                       ; 4.49e-09 V                   ; 2.38 V              ; -0.00552 V          ; 0.096 V                              ; 0.019 V                              ; 4.18e-10 s                  ; 3.59e-10 s                  ; No                         ; Yes                        ; 2.32 V                      ; 4.49e-09 V                  ; 2.38 V             ; -0.00552 V         ; 0.096 V                             ; 0.019 V                             ; 4.18e-10 s                 ; 3.59e-10 s                 ; No                        ; Yes                       ;
; product[42]   ; 2.5 V        ; 0 s                 ; 0 s                 ; 2.32 V                       ; 4.49e-09 V                   ; 2.38 V              ; -0.00552 V          ; 0.096 V                              ; 0.019 V                              ; 4.18e-10 s                  ; 3.59e-10 s                  ; No                         ; Yes                        ; 2.32 V                      ; 4.49e-09 V                  ; 2.38 V             ; -0.00552 V         ; 0.096 V                             ; 0.019 V                             ; 4.18e-10 s                 ; 3.59e-10 s                 ; No                        ; Yes                       ;
; product[43]   ; 2.5 V        ; 0 s                 ; 0 s                 ; 2.32 V                       ; 4.49e-09 V                   ; 2.38 V              ; -0.00552 V          ; 0.096 V                              ; 0.019 V                              ; 4.18e-10 s                  ; 3.59e-10 s                  ; No                         ; Yes                        ; 2.32 V                      ; 4.49e-09 V                  ; 2.38 V             ; -0.00552 V         ; 0.096 V                             ; 0.019 V                             ; 4.18e-10 s                 ; 3.59e-10 s                 ; No                        ; Yes                       ;
; product[44]   ; 2.5 V        ; 0 s                 ; 0 s                 ; 2.32 V                       ; 4.49e-09 V                   ; 2.38 V              ; -0.00552 V          ; 0.096 V                              ; 0.019 V                              ; 4.18e-10 s                  ; 3.59e-10 s                  ; No                         ; Yes                        ; 2.32 V                      ; 4.49e-09 V                  ; 2.38 V             ; -0.00552 V         ; 0.096 V                             ; 0.019 V                             ; 4.18e-10 s                 ; 3.59e-10 s                 ; No                        ; Yes                       ;
; product[45]   ; 2.5 V        ; 0 s                 ; 0 s                 ; 2.32 V                       ; 4.49e-09 V                   ; 2.38 V              ; -0.00552 V          ; 0.096 V                              ; 0.019 V                              ; 4.18e-10 s                  ; 3.59e-10 s                  ; No                         ; Yes                        ; 2.32 V                      ; 4.49e-09 V                  ; 2.38 V             ; -0.00552 V         ; 0.096 V                             ; 0.019 V                             ; 4.18e-10 s                 ; 3.59e-10 s                 ; No                        ; Yes                       ;
; product[46]   ; 2.5 V        ; 0 s                 ; 0 s                 ; 2.32 V                       ; 4.49e-09 V                   ; 2.38 V              ; -0.00552 V          ; 0.096 V                              ; 0.019 V                              ; 4.18e-10 s                  ; 3.59e-10 s                  ; No                         ; Yes                        ; 2.32 V                      ; 4.49e-09 V                  ; 2.38 V             ; -0.00552 V         ; 0.096 V                             ; 0.019 V                             ; 4.18e-10 s                 ; 3.59e-10 s                 ; No                        ; Yes                       ;
; product[47]   ; 2.5 V        ; 0 s                 ; 0 s                 ; 2.32 V                       ; 4.49e-09 V                   ; 2.38 V              ; -0.00552 V          ; 0.096 V                              ; 0.019 V                              ; 4.18e-10 s                  ; 3.59e-10 s                  ; No                         ; Yes                        ; 2.32 V                      ; 4.49e-09 V                  ; 2.38 V             ; -0.00552 V         ; 0.096 V                             ; 0.019 V                             ; 4.18e-10 s                 ; 3.59e-10 s                 ; No                        ; Yes                       ;
; product[48]   ; 2.5 V        ; 0 s                 ; 0 s                 ; 2.32 V                       ; 4.49e-09 V                   ; 2.38 V              ; -0.00552 V          ; 0.096 V                              ; 0.019 V                              ; 4.18e-10 s                  ; 3.59e-10 s                  ; No                         ; Yes                        ; 2.32 V                      ; 4.49e-09 V                  ; 2.38 V             ; -0.00552 V         ; 0.096 V                             ; 0.019 V                             ; 4.18e-10 s                 ; 3.59e-10 s                 ; No                        ; Yes                       ;
; product[49]   ; 2.5 V        ; 0 s                 ; 0 s                 ; 2.32 V                       ; 4.49e-09 V                   ; 2.38 V              ; -0.00552 V          ; 0.096 V                              ; 0.019 V                              ; 4.18e-10 s                  ; 3.59e-10 s                  ; No                         ; Yes                        ; 2.32 V                      ; 4.49e-09 V                  ; 2.38 V             ; -0.00552 V         ; 0.096 V                             ; 0.019 V                             ; 4.18e-10 s                 ; 3.59e-10 s                 ; No                        ; Yes                       ;
; product[50]   ; 2.5 V        ; 0 s                 ; 0 s                 ; 2.32 V                       ; 4.49e-09 V                   ; 2.38 V              ; -0.00552 V          ; 0.096 V                              ; 0.019 V                              ; 4.18e-10 s                  ; 3.59e-10 s                  ; No                         ; Yes                        ; 2.32 V                      ; 4.49e-09 V                  ; 2.38 V             ; -0.00552 V         ; 0.096 V                             ; 0.019 V                             ; 4.18e-10 s                 ; 3.59e-10 s                 ; No                        ; Yes                       ;
; product[51]   ; 2.5 V        ; 0 s                 ; 0 s                 ; 2.32 V                       ; 4.49e-09 V                   ; 2.38 V              ; -0.00552 V          ; 0.096 V                              ; 0.019 V                              ; 4.18e-10 s                  ; 3.59e-10 s                  ; No                         ; Yes                        ; 2.32 V                      ; 4.49e-09 V                  ; 2.38 V             ; -0.00552 V         ; 0.096 V                             ; 0.019 V                             ; 4.18e-10 s                 ; 3.59e-10 s                 ; No                        ; Yes                       ;
; product[52]   ; 2.5 V        ; 0 s                 ; 0 s                 ; 2.32 V                       ; 4.49e-09 V                   ; 2.38 V              ; -0.00552 V          ; 0.096 V                              ; 0.019 V                              ; 4.18e-10 s                  ; 3.59e-10 s                  ; No                         ; Yes                        ; 2.32 V                      ; 4.49e-09 V                  ; 2.38 V             ; -0.00552 V         ; 0.096 V                             ; 0.019 V                             ; 4.18e-10 s                 ; 3.59e-10 s                 ; No                        ; Yes                       ;
; product[53]   ; 2.5 V        ; 0 s                 ; 0 s                 ; 2.32 V                       ; 4.49e-09 V                   ; 2.38 V              ; -0.00552 V          ; 0.096 V                              ; 0.019 V                              ; 4.18e-10 s                  ; 3.59e-10 s                  ; No                         ; Yes                        ; 2.32 V                      ; 4.49e-09 V                  ; 2.38 V             ; -0.00552 V         ; 0.096 V                             ; 0.019 V                             ; 4.18e-10 s                 ; 3.59e-10 s                 ; No                        ; Yes                       ;
; product[54]   ; 2.5 V        ; 0 s                 ; 0 s                 ; 2.32 V                       ; 4.49e-09 V                   ; 2.38 V              ; -0.00552 V          ; 0.096 V                              ; 0.019 V                              ; 4.18e-10 s                  ; 3.59e-10 s                  ; No                         ; Yes                        ; 2.32 V                      ; 4.49e-09 V                  ; 2.38 V             ; -0.00552 V         ; 0.096 V                             ; 0.019 V                             ; 4.18e-10 s                 ; 3.59e-10 s                 ; No                        ; Yes                       ;
; product[55]   ; 2.5 V        ; 0 s                 ; 0 s                 ; 2.32 V                       ; 4.49e-09 V                   ; 2.38 V              ; -0.00552 V          ; 0.096 V                              ; 0.019 V                              ; 4.18e-10 s                  ; 3.59e-10 s                  ; No                         ; Yes                        ; 2.32 V                      ; 4.49e-09 V                  ; 2.38 V             ; -0.00552 V         ; 0.096 V                             ; 0.019 V                             ; 4.18e-10 s                 ; 3.59e-10 s                 ; No                        ; Yes                       ;
; product[56]   ; 2.5 V        ; 0 s                 ; 0 s                 ; 2.32 V                       ; 4.49e-09 V                   ; 2.38 V              ; -0.00552 V          ; 0.096 V                              ; 0.019 V                              ; 4.18e-10 s                  ; 3.59e-10 s                  ; No                         ; Yes                        ; 2.32 V                      ; 4.49e-09 V                  ; 2.38 V             ; -0.00552 V         ; 0.096 V                             ; 0.019 V                             ; 4.18e-10 s                 ; 3.59e-10 s                 ; No                        ; Yes                       ;
; product[57]   ; 2.5 V        ; 0 s                 ; 0 s                 ; 2.32 V                       ; 4.49e-09 V                   ; 2.38 V              ; -0.00552 V          ; 0.096 V                              ; 0.019 V                              ; 4.18e-10 s                  ; 3.59e-10 s                  ; No                         ; Yes                        ; 2.32 V                      ; 4.49e-09 V                  ; 2.38 V             ; -0.00552 V         ; 0.096 V                             ; 0.019 V                             ; 4.18e-10 s                 ; 3.59e-10 s                 ; No                        ; Yes                       ;
; product[58]   ; 2.5 V        ; 0 s                 ; 0 s                 ; 2.32 V                       ; 4.49e-09 V                   ; 2.38 V              ; -0.00552 V          ; 0.096 V                              ; 0.019 V                              ; 4.18e-10 s                  ; 3.59e-10 s                  ; No                         ; Yes                        ; 2.32 V                      ; 4.49e-09 V                  ; 2.38 V             ; -0.00552 V         ; 0.096 V                             ; 0.019 V                             ; 4.18e-10 s                 ; 3.59e-10 s                 ; No                        ; Yes                       ;
; product[59]   ; 2.5 V        ; 0 s                 ; 0 s                 ; 2.32 V                       ; 4.49e-09 V                   ; 2.38 V              ; -0.00552 V          ; 0.096 V                              ; 0.019 V                              ; 4.18e-10 s                  ; 3.59e-10 s                  ; No                         ; Yes                        ; 2.32 V                      ; 4.49e-09 V                  ; 2.38 V             ; -0.00552 V         ; 0.096 V                             ; 0.019 V                             ; 4.18e-10 s                 ; 3.59e-10 s                 ; No                        ; Yes                       ;
; product[60]   ; 2.5 V        ; 0 s                 ; 0 s                 ; 2.32 V                       ; 4.49e-09 V                   ; 2.38 V              ; -0.00552 V          ; 0.096 V                              ; 0.019 V                              ; 4.18e-10 s                  ; 3.59e-10 s                  ; No                         ; Yes                        ; 2.32 V                      ; 4.49e-09 V                  ; 2.38 V             ; -0.00552 V         ; 0.096 V                             ; 0.019 V                             ; 4.18e-10 s                 ; 3.59e-10 s                 ; No                        ; Yes                       ;
; product[61]   ; 2.5 V        ; 0 s                 ; 0 s                 ; 2.32 V                       ; 3.07e-09 V                   ; 2.38 V              ; -0.0144 V           ; 0.227 V                              ; 0.024 V                              ; 3.14e-10 s                  ; 3.39e-10 s                  ; Yes                        ; Yes                        ; 2.32 V                      ; 3.07e-09 V                  ; 2.38 V             ; -0.0144 V          ; 0.227 V                             ; 0.024 V                             ; 3.14e-10 s                 ; 3.39e-10 s                 ; Yes                       ; Yes                       ;
; product[62]   ; 2.5 V        ; 0 s                 ; 0 s                 ; 2.32 V                       ; 4.49e-09 V                   ; 2.38 V              ; -0.00552 V          ; 0.096 V                              ; 0.019 V                              ; 4.18e-10 s                  ; 3.59e-10 s                  ; No                         ; Yes                        ; 2.32 V                      ; 4.49e-09 V                  ; 2.38 V             ; -0.00552 V         ; 0.096 V                             ; 0.019 V                             ; 4.18e-10 s                 ; 3.59e-10 s                 ; No                        ; Yes                       ;
; product[63]   ; 2.5 V        ; 0 s                 ; 0 s                 ; 2.32 V                       ; 4.49e-09 V                   ; 2.38 V              ; -0.00552 V          ; 0.096 V                              ; 0.019 V                              ; 4.18e-10 s                  ; 3.59e-10 s                  ; No                         ; Yes                        ; 2.32 V                      ; 4.49e-09 V                  ; 2.38 V             ; -0.00552 V         ; 0.096 V                             ; 0.019 V                             ; 4.18e-10 s                 ; 3.59e-10 s                 ; No                        ; Yes                       ;
; done          ; 2.5 V        ; 0 s                 ; 0 s                 ; 2.32 V                       ; 4.49e-09 V                   ; 2.38 V              ; -0.00552 V          ; 0.096 V                              ; 0.019 V                              ; 4.18e-10 s                  ; 3.59e-10 s                  ; No                         ; Yes                        ; 2.32 V                      ; 4.49e-09 V                  ; 2.38 V             ; -0.00552 V         ; 0.096 V                             ; 0.019 V                             ; 4.18e-10 s                 ; 3.59e-10 s                 ; No                        ; Yes                       ;
; ~ALTERA_DCLK~ ; 2.5 V        ; 0 s                 ; 0 s                 ; 2.32 V                       ; 2.67e-09 V                   ; 2.38 V              ; -0.0485 V           ; 0.167 V                              ; 0.096 V                              ; 2.95e-10 s                  ; 2.73e-10 s                  ; Yes                        ; Yes                        ; 2.32 V                      ; 2.67e-09 V                  ; 2.38 V             ; -0.0485 V          ; 0.167 V                             ; 0.096 V                             ; 2.95e-10 s                 ; 2.73e-10 s                 ; Yes                       ; Yes                       ;
; ~ALTERA_nCEO~ ; 2.5 V        ; 0 s                 ; 0 s                 ; 2.32 V                       ; 4.18e-09 V                   ; 2.38 V              ; -0.00483 V          ; 0.152 V                              ; 0.012 V                              ; 4.81e-10 s                  ; 6.29e-10 s                  ; Yes                        ; Yes                        ; 2.32 V                      ; 4.18e-09 V                  ; 2.38 V             ; -0.00483 V         ; 0.152 V                             ; 0.012 V                             ; 4.81e-10 s                 ; 6.29e-10 s                 ; Yes                       ; Yes                       ;
+---------------+--------------+---------------------+---------------------+------------------------------+------------------------------+---------------------+---------------------+--------------------------------------+--------------------------------------+-----------------------------+-----------------------------+----------------------------+----------------------------+-----------------------------+-----------------------------+--------------------+--------------------+-------------------------------------+-------------------------------------+----------------------------+----------------------------+---------------------------+---------------------------+


+--------------------------------------------------------------------------------------------------------------------------------------------------------------------------------------------------------------------------------------------------------------------------------------------------------------------------------------------------------------------------------------------------------------------------------------------------------------------------------------------------------------------------------------------------------------------------------------------------------------------------------------------------------------------------------------------+
; Signal Integrity Metrics (Slow 1200mv 85c Model)                                                                                                                                                                                                                                                                                                                                                                                                                                                                                                                                                                                                                                           ;
+---------------+--------------+---------------------+---------------------+------------------------------+------------------------------+---------------------+---------------------+--------------------------------------+--------------------------------------+-----------------------------+-----------------------------+----------------------------+----------------------------+-----------------------------+-----------------------------+--------------------+--------------------+-------------------------------------+-------------------------------------+----------------------------+----------------------------+---------------------------+---------------------------+
; Pin           ; I/O Standard ; Board Delay on Rise ; Board Delay on Fall ; Steady State Voh at FPGA Pin ; Steady State Vol at FPGA Pin ; Voh Max at FPGA Pin ; Vol Min at FPGA Pin ; Ringback Voltage on Rise at FPGA Pin ; Ringback Voltage on Fall at FPGA Pin ; 10-90 Rise Time at FPGA Pin ; 90-10 Fall Time at FPGA Pin ; Monotonic Rise at FPGA Pin ; Monotonic Fall at FPGA Pin ; Steady State Voh at Far-end ; Steady State Vol at Far-end ; Voh Max at Far-end ; Vol Min at Far-end ; Ringback Voltage on Rise at Far-end ; Ringback Voltage on Fall at Far-end ; 10-90 Rise Time at Far-end ; 90-10 Fall Time at Far-end ; Monotonic Rise at Far-end ; Monotonic Fall at Far-end ;
+---------------+--------------+---------------------+---------------------+------------------------------+------------------------------+---------------------+---------------------+--------------------------------------+--------------------------------------+-----------------------------+-----------------------------+----------------------------+----------------------------+-----------------------------+-----------------------------+--------------------+--------------------+-------------------------------------+-------------------------------------+----------------------------+----------------------------+---------------------------+---------------------------+
; product[0]    ; 2.5 V        ; 0 s                 ; 0 s                 ; 2.32 V                       ; 6.92e-07 V                   ; 2.35 V              ; -0.00996 V          ; 0.121 V                              ; 0.03 V                               ; 4.64e-10 s                  ; 4.47e-10 s                  ; Yes                        ; Yes                        ; 2.32 V                      ; 6.92e-07 V                  ; 2.35 V             ; -0.00996 V         ; 0.121 V                             ; 0.03 V                              ; 4.64e-10 s                 ; 4.47e-10 s                 ; Yes                       ; Yes                       ;
; product[1]    ; 2.5 V        ; 0 s                 ; 0 s                 ; 2.32 V                       ; 6.92e-07 V                   ; 2.35 V              ; -0.00996 V          ; 0.121 V                              ; 0.03 V                               ; 4.64e-10 s                  ; 4.47e-10 s                  ; Yes                        ; Yes                        ; 2.32 V                      ; 6.92e-07 V                  ; 2.35 V             ; -0.00996 V         ; 0.121 V                             ; 0.03 V                              ; 4.64e-10 s                 ; 4.47e-10 s                 ; Yes                       ; Yes                       ;
; product[2]    ; 2.5 V        ; 0 s                 ; 0 s                 ; 2.32 V                       ; 6.92e-07 V                   ; 2.35 V              ; -0.00996 V          ; 0.121 V                              ; 0.03 V                               ; 4.64e-10 s                  ; 4.47e-10 s                  ; Yes                        ; Yes                        ; 2.32 V                      ; 6.92e-07 V                  ; 2.35 V             ; -0.00996 V         ; 0.121 V                             ; 0.03 V                              ; 4.64e-10 s                 ; 4.47e-10 s                 ; Yes                       ; Yes                       ;
; product[3]    ; 2.5 V        ; 0 s                 ; 0 s                 ; 2.32 V                       ; 4.67e-07 V                   ; 2.35 V              ; -0.00942 V          ; 0.116 V                              ; 0.033 V                              ; 6.66e-10 s                  ; 6.27e-10 s                  ; Yes                        ; Yes                        ; 2.32 V                      ; 4.67e-07 V                  ; 2.35 V             ; -0.00942 V         ; 0.116 V                             ; 0.033 V                             ; 6.66e-10 s                 ; 6.27e-10 s                 ; Yes                       ; Yes                       ;
; product[4]    ; 2.5 V        ; 0 s                 ; 0 s                 ; 2.32 V                       ; 4.67e-07 V                   ; 2.36 V              ; -0.00552 V          ; 0.11 V                               ; 0.007 V                              ; 4.54e-10 s                  ; 4.35e-10 s                  ; Yes                        ; Yes                        ; 2.32 V                      ; 4.67e-07 V                  ; 2.36 V             ; -0.00552 V         ; 0.11 V                              ; 0.007 V                             ; 4.54e-10 s                 ; 4.35e-10 s                 ; Yes                       ; Yes                       ;
; product[5]    ; 2.5 V        ; 0 s                 ; 0 s                 ; 2.32 V                       ; 4.67e-07 V                   ; 2.35 V              ; -0.00942 V          ; 0.116 V                              ; 0.033 V                              ; 6.66e-10 s                  ; 6.27e-10 s                  ; Yes                        ; Yes                        ; 2.32 V                      ; 4.67e-07 V                  ; 2.35 V             ; -0.00942 V         ; 0.116 V                             ; 0.033 V                             ; 6.66e-10 s                 ; 6.27e-10 s                 ; Yes                       ; Yes                       ;
; product[6]    ; 2.5 V        ; 0 s                 ; 0 s                 ; 2.32 V                       ; 6.92e-07 V                   ; 2.35 V              ; -0.00996 V          ; 0.121 V                              ; 0.03 V                               ; 4.64e-10 s                  ; 4.47e-10 s                  ; Yes                        ; Yes                        ; 2.32 V                      ; 6.92e-07 V                  ; 2.35 V             ; -0.00996 V         ; 0.121 V                             ; 0.03 V                              ; 4.64e-10 s                 ; 4.47e-10 s                 ; Yes                       ; Yes                       ;
; product[7]    ; 2.5 V        ; 0 s                 ; 0 s                 ; 2.32 V                       ; 6.92e-07 V                   ; 2.35 V              ; -0.00996 V          ; 0.121 V                              ; 0.03 V                               ; 4.64e-10 s                  ; 4.47e-10 s                  ; Yes                        ; Yes                        ; 2.32 V                      ; 6.92e-07 V                  ; 2.35 V             ; -0.00996 V         ; 0.121 V                             ; 0.03 V                              ; 4.64e-10 s                 ; 4.47e-10 s                 ; Yes                       ; Yes                       ;
; product[8]    ; 2.5 V        ; 0 s                 ; 0 s                 ; 2.32 V                       ; 6.92e-07 V                   ; 2.35 V              ; -0.00996 V          ; 0.121 V                              ; 0.03 V                               ; 4.64e-10 s                  ; 4.47e-10 s                  ; Yes                        ; Yes                        ; 2.32 V                      ; 6.92e-07 V                  ; 2.35 V             ; -0.00996 V         ; 0.121 V                             ; 0.03 V                              ; 4.64e-10 s                 ; 4.47e-10 s                 ; Yes                       ; Yes                       ;
; product[9]    ; 2.5 V        ; 0 s                 ; 0 s                 ; 2.32 V                       ; 4.67e-07 V                   ; 2.35 V              ; -0.00942 V          ; 0.116 V                              ; 0.033 V                              ; 6.66e-10 s                  ; 6.27e-10 s                  ; Yes                        ; Yes                        ; 2.32 V                      ; 4.67e-07 V                  ; 2.35 V             ; -0.00942 V         ; 0.116 V                             ; 0.033 V                             ; 6.66e-10 s                 ; 6.27e-10 s                 ; Yes                       ; Yes                       ;
; product[10]   ; 2.5 V        ; 0 s                 ; 0 s                 ; 2.32 V                       ; 6.92e-07 V                   ; 2.35 V              ; -0.00996 V          ; 0.121 V                              ; 0.03 V                               ; 4.64e-10 s                  ; 4.47e-10 s                  ; Yes                        ; Yes                        ; 2.32 V                      ; 6.92e-07 V                  ; 2.35 V             ; -0.00996 V         ; 0.121 V                             ; 0.03 V                              ; 4.64e-10 s                 ; 4.47e-10 s                 ; Yes                       ; Yes                       ;
; product[11]   ; 2.5 V        ; 0 s                 ; 0 s                 ; 2.32 V                       ; 6.92e-07 V                   ; 2.35 V              ; -0.00996 V          ; 0.121 V                              ; 0.03 V                               ; 4.64e-10 s                  ; 4.47e-10 s                  ; Yes                        ; Yes                        ; 2.32 V                      ; 6.92e-07 V                  ; 2.35 V             ; -0.00996 V         ; 0.121 V                             ; 0.03 V                              ; 4.64e-10 s                 ; 4.47e-10 s                 ; Yes                       ; Yes                       ;
; product[12]   ; 2.5 V        ; 0 s                 ; 0 s                 ; 2.32 V                       ; 6.92e-07 V                   ; 2.35 V              ; -0.00996 V          ; 0.121 V                              ; 0.03 V                               ; 4.64e-10 s                  ; 4.47e-10 s                  ; Yes                        ; Yes                        ; 2.32 V                      ; 6.92e-07 V                  ; 2.35 V             ; -0.00996 V         ; 0.121 V                             ; 0.03 V                              ; 4.64e-10 s                 ; 4.47e-10 s                 ; Yes                       ; Yes                       ;
; product[13]   ; 2.5 V        ; 0 s                 ; 0 s                 ; 2.32 V                       ; 6.92e-07 V                   ; 2.35 V              ; -0.00996 V          ; 0.121 V                              ; 0.03 V                               ; 4.64e-10 s                  ; 4.47e-10 s                  ; Yes                        ; Yes                        ; 2.32 V                      ; 6.92e-07 V                  ; 2.35 V             ; -0.00996 V         ; 0.121 V                             ; 0.03 V                              ; 4.64e-10 s                 ; 4.47e-10 s                 ; Yes                       ; Yes                       ;
; product[14]   ; 2.5 V        ; 0 s                 ; 0 s                 ; 2.32 V                       ; 4.67e-07 V                   ; 2.35 V              ; -0.00942 V          ; 0.116 V                              ; 0.033 V                              ; 6.66e-10 s                  ; 6.27e-10 s                  ; Yes                        ; Yes                        ; 2.32 V                      ; 4.67e-07 V                  ; 2.35 V             ; -0.00942 V         ; 0.116 V                             ; 0.033 V                             ; 6.66e-10 s                 ; 6.27e-10 s                 ; Yes                       ; Yes                       ;
; product[15]   ; 2.5 V        ; 0 s                 ; 0 s                 ; 2.32 V                       ; 6.92e-07 V                   ; 2.35 V              ; -0.00996 V          ; 0.121 V                              ; 0.03 V                               ; 4.64e-10 s                  ; 4.47e-10 s                  ; Yes                        ; Yes                        ; 2.32 V                      ; 6.92e-07 V                  ; 2.35 V             ; -0.00996 V         ; 0.121 V                             ; 0.03 V                              ; 4.64e-10 s                 ; 4.47e-10 s                 ; Yes                       ; Yes                       ;
; product[16]   ; 2.5 V        ; 0 s                 ; 0 s                 ; 2.32 V                       ; 6.92e-07 V                   ; 2.35 V              ; -0.00996 V          ; 0.121 V                              ; 0.03 V                               ; 4.64e-10 s                  ; 4.47e-10 s                  ; Yes                        ; Yes                        ; 2.32 V                      ; 6.92e-07 V                  ; 2.35 V             ; -0.00996 V         ; 0.121 V                             ; 0.03 V                              ; 4.64e-10 s                 ; 4.47e-10 s                 ; Yes                       ; Yes                       ;
; product[17]   ; 2.5 V        ; 0 s                 ; 0 s                 ; 2.32 V                       ; 6.92e-07 V                   ; 2.35 V              ; -0.00996 V          ; 0.121 V                              ; 0.03 V                               ; 4.64e-10 s                  ; 4.47e-10 s                  ; Yes                        ; Yes                        ; 2.32 V                      ; 6.92e-07 V                  ; 2.35 V             ; -0.00996 V         ; 0.121 V                             ; 0.03 V                              ; 4.64e-10 s                 ; 4.47e-10 s                 ; Yes                       ; Yes                       ;
; product[18]   ; 2.5 V        ; 0 s                 ; 0 s                 ; 2.32 V                       ; 6.92e-07 V                   ; 2.35 V              ; -0.00996 V          ; 0.121 V                              ; 0.03 V                               ; 4.64e-10 s                  ; 4.47e-10 s                  ; Yes                        ; Yes                        ; 2.32 V                      ; 6.92e-07 V                  ; 2.35 V             ; -0.00996 V         ; 0.121 V                             ; 0.03 V                              ; 4.64e-10 s                 ; 4.47e-10 s                 ; Yes                       ; Yes                       ;
; product[19]   ; 2.5 V        ; 0 s                 ; 0 s                 ; 2.32 V                       ; 6.92e-07 V                   ; 2.35 V              ; -0.00996 V          ; 0.121 V                              ; 0.03 V                               ; 4.64e-10 s                  ; 4.47e-10 s                  ; Yes                        ; Yes                        ; 2.32 V                      ; 6.92e-07 V                  ; 2.35 V             ; -0.00996 V         ; 0.121 V                             ; 0.03 V                              ; 4.64e-10 s                 ; 4.47e-10 s                 ; Yes                       ; Yes                       ;
; product[20]   ; 2.5 V        ; 0 s                 ; 0 s                 ; 2.32 V                       ; 6.92e-07 V                   ; 2.35 V              ; -0.00996 V          ; 0.121 V                              ; 0.03 V                               ; 4.64e-10 s                  ; 4.47e-10 s                  ; Yes                        ; Yes                        ; 2.32 V                      ; 6.92e-07 V                  ; 2.35 V             ; -0.00996 V         ; 0.121 V                             ; 0.03 V                              ; 4.64e-10 s                 ; 4.47e-10 s                 ; Yes                       ; Yes                       ;
; product[21]   ; 2.5 V        ; 0 s                 ; 0 s                 ; 2.32 V                       ; 6.92e-07 V                   ; 2.35 V              ; -0.00996 V          ; 0.121 V                              ; 0.03 V                               ; 4.64e-10 s                  ; 4.47e-10 s                  ; Yes                        ; Yes                        ; 2.32 V                      ; 6.92e-07 V                  ; 2.35 V             ; -0.00996 V         ; 0.121 V                             ; 0.03 V                              ; 4.64e-10 s                 ; 4.47e-10 s                 ; Yes                       ; Yes                       ;
; product[22]   ; 2.5 V        ; 0 s                 ; 0 s                 ; 2.32 V                       ; 6.92e-07 V                   ; 2.35 V              ; -0.00996 V          ; 0.121 V                              ; 0.03 V                               ; 4.64e-10 s                  ; 4.47e-10 s                  ; Yes                        ; Yes                        ; 2.32 V                      ; 6.92e-07 V                  ; 2.35 V             ; -0.00996 V         ; 0.121 V                             ; 0.03 V                              ; 4.64e-10 s                 ; 4.47e-10 s                 ; Yes                       ; Yes                       ;
; product[23]   ; 2.5 V        ; 0 s                 ; 0 s                 ; 2.32 V                       ; 6.92e-07 V                   ; 2.35 V              ; -0.00996 V          ; 0.121 V                              ; 0.03 V                               ; 4.64e-10 s                  ; 4.47e-10 s                  ; Yes                        ; Yes                        ; 2.32 V                      ; 6.92e-07 V                  ; 2.35 V             ; -0.00996 V         ; 0.121 V                             ; 0.03 V                              ; 4.64e-10 s                 ; 4.47e-10 s                 ; Yes                       ; Yes                       ;
; product[24]   ; 2.5 V        ; 0 s                 ; 0 s                 ; 2.32 V                       ; 6.92e-07 V                   ; 2.35 V              ; -0.00996 V          ; 0.121 V                              ; 0.03 V                               ; 4.64e-10 s                  ; 4.47e-10 s                  ; Yes                        ; Yes                        ; 2.32 V                      ; 6.92e-07 V                  ; 2.35 V             ; -0.00996 V         ; 0.121 V                             ; 0.03 V                              ; 4.64e-10 s                 ; 4.47e-10 s                 ; Yes                       ; Yes                       ;
; product[25]   ; 2.5 V        ; 0 s                 ; 0 s                 ; 2.32 V                       ; 6.92e-07 V                   ; 2.35 V              ; -0.00996 V          ; 0.121 V                              ; 0.03 V                               ; 4.64e-10 s                  ; 4.47e-10 s                  ; Yes                        ; Yes                        ; 2.32 V                      ; 6.92e-07 V                  ; 2.35 V             ; -0.00996 V         ; 0.121 V                             ; 0.03 V                              ; 4.64e-10 s                 ; 4.47e-10 s                 ; Yes                       ; Yes                       ;
; product[26]   ; 2.5 V        ; 0 s                 ; 0 s                 ; 2.32 V                       ; 6.92e-07 V                   ; 2.33 V              ; -0.00265 V          ; 0.133 V                              ; 0.056 V                              ; 3.55e-09 s                  ; 3.31e-09 s                  ; Yes                        ; Yes                        ; 2.32 V                      ; 6.92e-07 V                  ; 2.33 V             ; -0.00265 V         ; 0.133 V                             ; 0.056 V                             ; 3.55e-09 s                 ; 3.31e-09 s                 ; Yes                       ; Yes                       ;
; product[27]   ; 2.5 V        ; 0 s                 ; 0 s                 ; 2.32 V                       ; 6.92e-07 V                   ; 2.35 V              ; -0.00996 V          ; 0.121 V                              ; 0.03 V                               ; 4.64e-10 s                  ; 4.47e-10 s                  ; Yes                        ; Yes                        ; 2.32 V                      ; 6.92e-07 V                  ; 2.35 V             ; -0.00996 V         ; 0.121 V                             ; 0.03 V                              ; 4.64e-10 s                 ; 4.47e-10 s                 ; Yes                       ; Yes                       ;
; product[28]   ; 2.5 V        ; 0 s                 ; 0 s                 ; 2.32 V                       ; 6.92e-07 V                   ; 2.35 V              ; -0.00996 V          ; 0.121 V                              ; 0.03 V                               ; 4.64e-10 s                  ; 4.47e-10 s                  ; Yes                        ; Yes                        ; 2.32 V                      ; 6.92e-07 V                  ; 2.35 V             ; -0.00996 V         ; 0.121 V                             ; 0.03 V                              ; 4.64e-10 s                 ; 4.47e-10 s                 ; Yes                       ; Yes                       ;
; product[29]   ; 2.5 V        ; 0 s                 ; 0 s                 ; 2.32 V                       ; 4.67e-07 V                   ; 2.35 V              ; -0.00942 V          ; 0.116 V                              ; 0.033 V                              ; 6.66e-10 s                  ; 6.27e-10 s                  ; Yes                        ; Yes                        ; 2.32 V                      ; 4.67e-07 V                  ; 2.35 V             ; -0.00942 V         ; 0.116 V                             ; 0.033 V                             ; 6.66e-10 s                 ; 6.27e-10 s                 ; Yes                       ; Yes                       ;
; product[30]   ; 2.5 V        ; 0 s                 ; 0 s                 ; 2.32 V                       ; 4.67e-07 V                   ; 2.35 V              ; -0.00942 V          ; 0.116 V                              ; 0.033 V                              ; 6.66e-10 s                  ; 6.27e-10 s                  ; Yes                        ; Yes                        ; 2.32 V                      ; 4.67e-07 V                  ; 2.35 V             ; -0.00942 V         ; 0.116 V                             ; 0.033 V                             ; 6.66e-10 s                 ; 6.27e-10 s                 ; Yes                       ; Yes                       ;
; product[31]   ; 2.5 V        ; 0 s                 ; 0 s                 ; 2.32 V                       ; 6.92e-07 V                   ; 2.35 V              ; -0.00996 V          ; 0.121 V                              ; 0.03 V                               ; 4.64e-10 s                  ; 4.47e-10 s                  ; Yes                        ; Yes                        ; 2.32 V                      ; 6.92e-07 V                  ; 2.35 V             ; -0.00996 V         ; 0.121 V                             ; 0.03 V                              ; 4.64e-10 s                 ; 4.47e-10 s                 ; Yes                       ; Yes                       ;
; product[32]   ; 2.5 V        ; 0 s                 ; 0 s                 ; 2.32 V                       ; 6.92e-07 V                   ; 2.35 V              ; -0.00996 V          ; 0.121 V                              ; 0.03 V                               ; 4.64e-10 s                  ; 4.47e-10 s                  ; Yes                        ; Yes                        ; 2.32 V                      ; 6.92e-07 V                  ; 2.35 V             ; -0.00996 V         ; 0.121 V                             ; 0.03 V                              ; 4.64e-10 s                 ; 4.47e-10 s                 ; Yes                       ; Yes                       ;
; product[33]   ; 2.5 V        ; 0 s                 ; 0 s                 ; 2.32 V                       ; 6.92e-07 V                   ; 2.35 V              ; -0.00996 V          ; 0.121 V                              ; 0.03 V                               ; 4.64e-10 s                  ; 4.47e-10 s                  ; Yes                        ; Yes                        ; 2.32 V                      ; 6.92e-07 V                  ; 2.35 V             ; -0.00996 V         ; 0.121 V                             ; 0.03 V                              ; 4.64e-10 s                 ; 4.47e-10 s                 ; Yes                       ; Yes                       ;
; product[34]   ; 2.5 V        ; 0 s                 ; 0 s                 ; 2.32 V                       ; 6.92e-07 V                   ; 2.35 V              ; -0.00996 V          ; 0.121 V                              ; 0.03 V                               ; 4.64e-10 s                  ; 4.47e-10 s                  ; Yes                        ; Yes                        ; 2.32 V                      ; 6.92e-07 V                  ; 2.35 V             ; -0.00996 V         ; 0.121 V                             ; 0.03 V                              ; 4.64e-10 s                 ; 4.47e-10 s                 ; Yes                       ; Yes                       ;
; product[35]   ; 2.5 V        ; 0 s                 ; 0 s                 ; 2.32 V                       ; 6.92e-07 V                   ; 2.35 V              ; -0.00996 V          ; 0.121 V                              ; 0.03 V                               ; 4.64e-10 s                  ; 4.47e-10 s                  ; Yes                        ; Yes                        ; 2.32 V                      ; 6.92e-07 V                  ; 2.35 V             ; -0.00996 V         ; 0.121 V                             ; 0.03 V                              ; 4.64e-10 s                 ; 4.47e-10 s                 ; Yes                       ; Yes                       ;
; product[36]   ; 2.5 V        ; 0 s                 ; 0 s                 ; 2.32 V                       ; 6.92e-07 V                   ; 2.33 V              ; -0.00265 V          ; 0.133 V                              ; 0.056 V                              ; 3.55e-09 s                  ; 3.31e-09 s                  ; Yes                        ; Yes                        ; 2.32 V                      ; 6.92e-07 V                  ; 2.33 V             ; -0.00265 V         ; 0.133 V                             ; 0.056 V                             ; 3.55e-09 s                 ; 3.31e-09 s                 ; Yes                       ; Yes                       ;
; product[37]   ; 2.5 V        ; 0 s                 ; 0 s                 ; 2.32 V                       ; 6.92e-07 V                   ; 2.33 V              ; -0.00265 V          ; 0.133 V                              ; 0.056 V                              ; 3.55e-09 s                  ; 3.31e-09 s                  ; Yes                        ; Yes                        ; 2.32 V                      ; 6.92e-07 V                  ; 2.33 V             ; -0.00265 V         ; 0.133 V                             ; 0.056 V                             ; 3.55e-09 s                 ; 3.31e-09 s                 ; Yes                       ; Yes                       ;
; product[38]   ; 2.5 V        ; 0 s                 ; 0 s                 ; 2.32 V                       ; 6.92e-07 V                   ; 2.35 V              ; -0.00996 V          ; 0.121 V                              ; 0.03 V                               ; 4.64e-10 s                  ; 4.47e-10 s                  ; Yes                        ; Yes                        ; 2.32 V                      ; 6.92e-07 V                  ; 2.35 V             ; -0.00996 V         ; 0.121 V                             ; 0.03 V                              ; 4.64e-10 s                 ; 4.47e-10 s                 ; Yes                       ; Yes                       ;
; product[39]   ; 2.5 V        ; 0 s                 ; 0 s                 ; 2.32 V                       ; 6.92e-07 V                   ; 2.35 V              ; -0.00996 V          ; 0.121 V                              ; 0.03 V                               ; 4.64e-10 s                  ; 4.47e-10 s                  ; Yes                        ; Yes                        ; 2.32 V                      ; 6.92e-07 V                  ; 2.35 V             ; -0.00996 V         ; 0.121 V                             ; 0.03 V                              ; 4.64e-10 s                 ; 4.47e-10 s                 ; Yes                       ; Yes                       ;
; product[40]   ; 2.5 V        ; 0 s                 ; 0 s                 ; 2.32 V                       ; 6.92e-07 V                   ; 2.35 V              ; -0.00996 V          ; 0.121 V                              ; 0.03 V                               ; 4.64e-10 s                  ; 4.47e-10 s                  ; Yes                        ; Yes                        ; 2.32 V                      ; 6.92e-07 V                  ; 2.35 V             ; -0.00996 V         ; 0.121 V                             ; 0.03 V                              ; 4.64e-10 s                 ; 4.47e-10 s                 ; Yes                       ; Yes                       ;
; product[41]   ; 2.5 V        ; 0 s                 ; 0 s                 ; 2.32 V                       ; 6.92e-07 V                   ; 2.35 V              ; -0.00996 V          ; 0.121 V                              ; 0.03 V                               ; 4.64e-10 s                  ; 4.47e-10 s                  ; Yes                        ; Yes                        ; 2.32 V                      ; 6.92e-07 V                  ; 2.35 V             ; -0.00996 V         ; 0.121 V                             ; 0.03 V                              ; 4.64e-10 s                 ; 4.47e-10 s                 ; Yes                       ; Yes                       ;
; product[42]   ; 2.5 V        ; 0 s                 ; 0 s                 ; 2.32 V                       ; 6.92e-07 V                   ; 2.35 V              ; -0.00996 V          ; 0.121 V                              ; 0.03 V                               ; 4.64e-10 s                  ; 4.47e-10 s                  ; Yes                        ; Yes                        ; 2.32 V                      ; 6.92e-07 V                  ; 2.35 V             ; -0.00996 V         ; 0.121 V                             ; 0.03 V                              ; 4.64e-10 s                 ; 4.47e-10 s                 ; Yes                       ; Yes                       ;
; product[43]   ; 2.5 V        ; 0 s                 ; 0 s                 ; 2.32 V                       ; 6.92e-07 V                   ; 2.35 V              ; -0.00996 V          ; 0.121 V                              ; 0.03 V                               ; 4.64e-10 s                  ; 4.47e-10 s                  ; Yes                        ; Yes                        ; 2.32 V                      ; 6.92e-07 V                  ; 2.35 V             ; -0.00996 V         ; 0.121 V                             ; 0.03 V                              ; 4.64e-10 s                 ; 4.47e-10 s                 ; Yes                       ; Yes                       ;
; product[44]   ; 2.5 V        ; 0 s                 ; 0 s                 ; 2.32 V                       ; 6.92e-07 V                   ; 2.35 V              ; -0.00996 V          ; 0.121 V                              ; 0.03 V                               ; 4.64e-10 s                  ; 4.47e-10 s                  ; Yes                        ; Yes                        ; 2.32 V                      ; 6.92e-07 V                  ; 2.35 V             ; -0.00996 V         ; 0.121 V                             ; 0.03 V                              ; 4.64e-10 s                 ; 4.47e-10 s                 ; Yes                       ; Yes                       ;
; product[45]   ; 2.5 V        ; 0 s                 ; 0 s                 ; 2.32 V                       ; 6.92e-07 V                   ; 2.35 V              ; -0.00996 V          ; 0.121 V                              ; 0.03 V                               ; 4.64e-10 s                  ; 4.47e-10 s                  ; Yes                        ; Yes                        ; 2.32 V                      ; 6.92e-07 V                  ; 2.35 V             ; -0.00996 V         ; 0.121 V                             ; 0.03 V                              ; 4.64e-10 s                 ; 4.47e-10 s                 ; Yes                       ; Yes                       ;
; product[46]   ; 2.5 V        ; 0 s                 ; 0 s                 ; 2.32 V                       ; 6.92e-07 V                   ; 2.35 V              ; -0.00996 V          ; 0.121 V                              ; 0.03 V                               ; 4.64e-10 s                  ; 4.47e-10 s                  ; Yes                        ; Yes                        ; 2.32 V                      ; 6.92e-07 V                  ; 2.35 V             ; -0.00996 V         ; 0.121 V                             ; 0.03 V                              ; 4.64e-10 s                 ; 4.47e-10 s                 ; Yes                       ; Yes                       ;
; product[47]   ; 2.5 V        ; 0 s                 ; 0 s                 ; 2.32 V                       ; 6.92e-07 V                   ; 2.35 V              ; -0.00996 V          ; 0.121 V                              ; 0.03 V                               ; 4.64e-10 s                  ; 4.47e-10 s                  ; Yes                        ; Yes                        ; 2.32 V                      ; 6.92e-07 V                  ; 2.35 V             ; -0.00996 V         ; 0.121 V                             ; 0.03 V                              ; 4.64e-10 s                 ; 4.47e-10 s                 ; Yes                       ; Yes                       ;
; product[48]   ; 2.5 V        ; 0 s                 ; 0 s                 ; 2.32 V                       ; 6.92e-07 V                   ; 2.35 V              ; -0.00996 V          ; 0.121 V                              ; 0.03 V                               ; 4.64e-10 s                  ; 4.47e-10 s                  ; Yes                        ; Yes                        ; 2.32 V                      ; 6.92e-07 V                  ; 2.35 V             ; -0.00996 V         ; 0.121 V                             ; 0.03 V                              ; 4.64e-10 s                 ; 4.47e-10 s                 ; Yes                       ; Yes                       ;
; product[49]   ; 2.5 V        ; 0 s                 ; 0 s                 ; 2.32 V                       ; 6.92e-07 V                   ; 2.35 V              ; -0.00996 V          ; 0.121 V                              ; 0.03 V                               ; 4.64e-10 s                  ; 4.47e-10 s                  ; Yes                        ; Yes                        ; 2.32 V                      ; 6.92e-07 V                  ; 2.35 V             ; -0.00996 V         ; 0.121 V                             ; 0.03 V                              ; 4.64e-10 s                 ; 4.47e-10 s                 ; Yes                       ; Yes                       ;
; product[50]   ; 2.5 V        ; 0 s                 ; 0 s                 ; 2.32 V                       ; 6.92e-07 V                   ; 2.35 V              ; -0.00996 V          ; 0.121 V                              ; 0.03 V                               ; 4.64e-10 s                  ; 4.47e-10 s                  ; Yes                        ; Yes                        ; 2.32 V                      ; 6.92e-07 V                  ; 2.35 V             ; -0.00996 V         ; 0.121 V                             ; 0.03 V                              ; 4.64e-10 s                 ; 4.47e-10 s                 ; Yes                       ; Yes                       ;
; product[51]   ; 2.5 V        ; 0 s                 ; 0 s                 ; 2.32 V                       ; 6.92e-07 V                   ; 2.35 V              ; -0.00996 V          ; 0.121 V                              ; 0.03 V                               ; 4.64e-10 s                  ; 4.47e-10 s                  ; Yes                        ; Yes                        ; 2.32 V                      ; 6.92e-07 V                  ; 2.35 V             ; -0.00996 V         ; 0.121 V                             ; 0.03 V                              ; 4.64e-10 s                 ; 4.47e-10 s                 ; Yes                       ; Yes                       ;
; product[52]   ; 2.5 V        ; 0 s                 ; 0 s                 ; 2.32 V                       ; 6.92e-07 V                   ; 2.35 V              ; -0.00996 V          ; 0.121 V                              ; 0.03 V                               ; 4.64e-10 s                  ; 4.47e-10 s                  ; Yes                        ; Yes                        ; 2.32 V                      ; 6.92e-07 V                  ; 2.35 V             ; -0.00996 V         ; 0.121 V                             ; 0.03 V                              ; 4.64e-10 s                 ; 4.47e-10 s                 ; Yes                       ; Yes                       ;
; product[53]   ; 2.5 V        ; 0 s                 ; 0 s                 ; 2.32 V                       ; 6.92e-07 V                   ; 2.35 V              ; -0.00996 V          ; 0.121 V                              ; 0.03 V                               ; 4.64e-10 s                  ; 4.47e-10 s                  ; Yes                        ; Yes                        ; 2.32 V                      ; 6.92e-07 V                  ; 2.35 V             ; -0.00996 V         ; 0.121 V                             ; 0.03 V                              ; 4.64e-10 s                 ; 4.47e-10 s                 ; Yes                       ; Yes                       ;
; product[54]   ; 2.5 V        ; 0 s                 ; 0 s                 ; 2.32 V                       ; 6.92e-07 V                   ; 2.35 V              ; -0.00996 V          ; 0.121 V                              ; 0.03 V                               ; 4.64e-10 s                  ; 4.47e-10 s                  ; Yes                        ; Yes                        ; 2.32 V                      ; 6.92e-07 V                  ; 2.35 V             ; -0.00996 V         ; 0.121 V                             ; 0.03 V                              ; 4.64e-10 s                 ; 4.47e-10 s                 ; Yes                       ; Yes                       ;
; product[55]   ; 2.5 V        ; 0 s                 ; 0 s                 ; 2.32 V                       ; 6.92e-07 V                   ; 2.35 V              ; -0.00996 V          ; 0.121 V                              ; 0.03 V                               ; 4.64e-10 s                  ; 4.47e-10 s                  ; Yes                        ; Yes                        ; 2.32 V                      ; 6.92e-07 V                  ; 2.35 V             ; -0.00996 V         ; 0.121 V                             ; 0.03 V                              ; 4.64e-10 s                 ; 4.47e-10 s                 ; Yes                       ; Yes                       ;
; product[56]   ; 2.5 V        ; 0 s                 ; 0 s                 ; 2.32 V                       ; 6.92e-07 V                   ; 2.35 V              ; -0.00996 V          ; 0.121 V                              ; 0.03 V                               ; 4.64e-10 s                  ; 4.47e-10 s                  ; Yes                        ; Yes                        ; 2.32 V                      ; 6.92e-07 V                  ; 2.35 V             ; -0.00996 V         ; 0.121 V                             ; 0.03 V                              ; 4.64e-10 s                 ; 4.47e-10 s                 ; Yes                       ; Yes                       ;
; product[57]   ; 2.5 V        ; 0 s                 ; 0 s                 ; 2.32 V                       ; 6.92e-07 V                   ; 2.35 V              ; -0.00996 V          ; 0.121 V                              ; 0.03 V                               ; 4.64e-10 s                  ; 4.47e-10 s                  ; Yes                        ; Yes                        ; 2.32 V                      ; 6.92e-07 V                  ; 2.35 V             ; -0.00996 V         ; 0.121 V                             ; 0.03 V                              ; 4.64e-10 s                 ; 4.47e-10 s                 ; Yes                       ; Yes                       ;
; product[58]   ; 2.5 V        ; 0 s                 ; 0 s                 ; 2.32 V                       ; 6.92e-07 V                   ; 2.35 V              ; -0.00996 V          ; 0.121 V                              ; 0.03 V                               ; 4.64e-10 s                  ; 4.47e-10 s                  ; Yes                        ; Yes                        ; 2.32 V                      ; 6.92e-07 V                  ; 2.35 V             ; -0.00996 V         ; 0.121 V                             ; 0.03 V                              ; 4.64e-10 s                 ; 4.47e-10 s                 ; Yes                       ; Yes                       ;
; product[59]   ; 2.5 V        ; 0 s                 ; 0 s                 ; 2.32 V                       ; 6.92e-07 V                   ; 2.35 V              ; -0.00996 V          ; 0.121 V                              ; 0.03 V                               ; 4.64e-10 s                  ; 4.47e-10 s                  ; Yes                        ; Yes                        ; 2.32 V                      ; 6.92e-07 V                  ; 2.35 V             ; -0.00996 V         ; 0.121 V                             ; 0.03 V                              ; 4.64e-10 s                 ; 4.47e-10 s                 ; Yes                       ; Yes                       ;
; product[60]   ; 2.5 V        ; 0 s                 ; 0 s                 ; 2.32 V                       ; 6.92e-07 V                   ; 2.35 V              ; -0.00996 V          ; 0.121 V                              ; 0.03 V                               ; 4.64e-10 s                  ; 4.47e-10 s                  ; Yes                        ; Yes                        ; 2.32 V                      ; 6.92e-07 V                  ; 2.35 V             ; -0.00996 V         ; 0.121 V                             ; 0.03 V                              ; 4.64e-10 s                 ; 4.47e-10 s                 ; Yes                       ; Yes                       ;
; product[61]   ; 2.5 V        ; 0 s                 ; 0 s                 ; 2.32 V                       ; 4.67e-07 V                   ; 2.36 V              ; -0.00552 V          ; 0.11 V                               ; 0.007 V                              ; 4.54e-10 s                  ; 4.35e-10 s                  ; Yes                        ; Yes                        ; 2.32 V                      ; 4.67e-07 V                  ; 2.36 V             ; -0.00552 V         ; 0.11 V                              ; 0.007 V                             ; 4.54e-10 s                 ; 4.35e-10 s                 ; Yes                       ; Yes                       ;
; product[62]   ; 2.5 V        ; 0 s                 ; 0 s                 ; 2.32 V                       ; 6.92e-07 V                   ; 2.35 V              ; -0.00996 V          ; 0.121 V                              ; 0.03 V                               ; 4.64e-10 s                  ; 4.47e-10 s                  ; Yes                        ; Yes                        ; 2.32 V                      ; 6.92e-07 V                  ; 2.35 V             ; -0.00996 V         ; 0.121 V                             ; 0.03 V                              ; 4.64e-10 s                 ; 4.47e-10 s                 ; Yes                       ; Yes                       ;
; product[63]   ; 2.5 V        ; 0 s                 ; 0 s                 ; 2.32 V                       ; 6.92e-07 V                   ; 2.35 V              ; -0.00996 V          ; 0.121 V                              ; 0.03 V                               ; 4.64e-10 s                  ; 4.47e-10 s                  ; Yes                        ; Yes                        ; 2.32 V                      ; 6.92e-07 V                  ; 2.35 V             ; -0.00996 V         ; 0.121 V                             ; 0.03 V                              ; 4.64e-10 s                 ; 4.47e-10 s                 ; Yes                       ; Yes                       ;
; done          ; 2.5 V        ; 0 s                 ; 0 s                 ; 2.32 V                       ; 6.92e-07 V                   ; 2.35 V              ; -0.00996 V          ; 0.121 V                              ; 0.03 V                               ; 4.64e-10 s                  ; 4.47e-10 s                  ; Yes                        ; Yes                        ; 2.32 V                      ; 6.92e-07 V                  ; 2.35 V             ; -0.00996 V         ; 0.121 V                             ; 0.03 V                              ; 4.64e-10 s                 ; 4.47e-10 s                 ; Yes                       ; Yes                       ;
; ~ALTERA_DCLK~ ; 2.5 V        ; 0 s                 ; 0 s                 ; 2.32 V                       ; 3.75e-07 V                   ; 2.35 V              ; -0.0109 V           ; 0.084 V                              ; 0.027 V                              ; 4.31e-10 s                  ; 3.61e-10 s                  ; Yes                        ; Yes                        ; 2.32 V                      ; 3.75e-07 V                  ; 2.35 V             ; -0.0109 V          ; 0.084 V                             ; 0.027 V                             ; 4.31e-10 s                 ; 3.61e-10 s                 ; Yes                       ; Yes                       ;
; ~ALTERA_nCEO~ ; 2.5 V        ; 0 s                 ; 0 s                 ; 2.32 V                       ; 6.15e-07 V                   ; 2.35 V              ; -0.00712 V          ; 0.093 V                              ; 0.02 V                               ; 6.21e-10 s                  ; 7.9e-10 s                   ; Yes                        ; Yes                        ; 2.32 V                      ; 6.15e-07 V                  ; 2.35 V             ; -0.00712 V         ; 0.093 V                             ; 0.02 V                              ; 6.21e-10 s                 ; 7.9e-10 s                  ; Yes                       ; Yes                       ;
+---------------+--------------+---------------------+---------------------+------------------------------+------------------------------+---------------------+---------------------+--------------------------------------+--------------------------------------+-----------------------------+-----------------------------+----------------------------+----------------------------+-----------------------------+-----------------------------+--------------------+--------------------+-------------------------------------+-------------------------------------+----------------------------+----------------------------+---------------------------+---------------------------+


+--------------------------------------------------------------------------------------------------------------------------------------------------------------------------------------------------------------------------------------------------------------------------------------------------------------------------------------------------------------------------------------------------------------------------------------------------------------------------------------------------------------------------------------------------------------------------------------------------------------------------------------------------------------------------------------------+
; Signal Integrity Metrics (Fast 1200mv 0c Model)                                                                                                                                                                                                                                                                                                                                                                                                                                                                                                                                                                                                                                            ;
+---------------+--------------+---------------------+---------------------+------------------------------+------------------------------+---------------------+---------------------+--------------------------------------+--------------------------------------+-----------------------------+-----------------------------+----------------------------+----------------------------+-----------------------------+-----------------------------+--------------------+--------------------+-------------------------------------+-------------------------------------+----------------------------+----------------------------+---------------------------+---------------------------+
; Pin           ; I/O Standard ; Board Delay on Rise ; Board Delay on Fall ; Steady State Voh at FPGA Pin ; Steady State Vol at FPGA Pin ; Voh Max at FPGA Pin ; Vol Min at FPGA Pin ; Ringback Voltage on Rise at FPGA Pin ; Ringback Voltage on Fall at FPGA Pin ; 10-90 Rise Time at FPGA Pin ; 90-10 Fall Time at FPGA Pin ; Monotonic Rise at FPGA Pin ; Monotonic Fall at FPGA Pin ; Steady State Voh at Far-end ; Steady State Vol at Far-end ; Voh Max at Far-end ; Vol Min at Far-end ; Ringback Voltage on Rise at Far-end ; Ringback Voltage on Fall at Far-end ; 10-90 Rise Time at Far-end ; 90-10 Fall Time at Far-end ; Monotonic Rise at Far-end ; Monotonic Fall at Far-end ;
+---------------+--------------+---------------------+---------------------+------------------------------+------------------------------+---------------------+---------------------+--------------------------------------+--------------------------------------+-----------------------------+-----------------------------+----------------------------+----------------------------+-----------------------------+-----------------------------+--------------------+--------------------+-------------------------------------+-------------------------------------+----------------------------+----------------------------+---------------------------+---------------------------+
; product[0]    ; 2.5 V        ; 0 s                 ; 0 s                 ; 2.62 V                       ; 4.05e-08 V                   ; 2.72 V              ; -0.0349 V           ; 0.173 V                              ; 0.1 V                                ; 2.72e-10 s                  ; 2.69e-10 s                  ; Yes                        ; Yes                        ; 2.62 V                      ; 4.05e-08 V                  ; 2.72 V             ; -0.0349 V          ; 0.173 V                             ; 0.1 V                               ; 2.72e-10 s                 ; 2.69e-10 s                 ; Yes                       ; Yes                       ;
; product[1]    ; 2.5 V        ; 0 s                 ; 0 s                 ; 2.62 V                       ; 4.05e-08 V                   ; 2.72 V              ; -0.0349 V           ; 0.173 V                              ; 0.1 V                                ; 2.72e-10 s                  ; 2.69e-10 s                  ; Yes                        ; Yes                        ; 2.62 V                      ; 4.05e-08 V                  ; 2.72 V             ; -0.0349 V          ; 0.173 V                             ; 0.1 V                               ; 2.72e-10 s                 ; 2.69e-10 s                 ; Yes                       ; Yes                       ;
; product[2]    ; 2.5 V        ; 0 s                 ; 0 s                 ; 2.62 V                       ; 4.05e-08 V                   ; 2.72 V              ; -0.0349 V           ; 0.173 V                              ; 0.1 V                                ; 2.72e-10 s                  ; 2.69e-10 s                  ; Yes                        ; Yes                        ; 2.62 V                      ; 4.05e-08 V                  ; 2.72 V             ; -0.0349 V          ; 0.173 V                             ; 0.1 V                               ; 2.72e-10 s                 ; 2.69e-10 s                 ; Yes                       ; Yes                       ;
; product[3]    ; 2.5 V        ; 0 s                 ; 0 s                 ; 2.62 V                       ; 2.74e-08 V                   ; 2.71 V              ; -0.0317 V           ; 0.148 V                              ; 0.064 V                              ; 4.51e-10 s                  ; 4.15e-10 s                  ; No                         ; Yes                        ; 2.62 V                      ; 2.74e-08 V                  ; 2.71 V             ; -0.0317 V          ; 0.148 V                             ; 0.064 V                             ; 4.51e-10 s                 ; 4.15e-10 s                 ; No                        ; Yes                       ;
; product[4]    ; 2.5 V        ; 0 s                 ; 0 s                 ; 2.62 V                       ; 2.74e-08 V                   ; 2.73 V              ; -0.0384 V           ; 0.169 V                              ; 0.089 V                              ; 2.7e-10 s                   ; 2.62e-10 s                  ; Yes                        ; Yes                        ; 2.62 V                      ; 2.74e-08 V                  ; 2.73 V             ; -0.0384 V          ; 0.169 V                             ; 0.089 V                             ; 2.7e-10 s                  ; 2.62e-10 s                 ; Yes                       ; Yes                       ;
; product[5]    ; 2.5 V        ; 0 s                 ; 0 s                 ; 2.62 V                       ; 2.74e-08 V                   ; 2.71 V              ; -0.0317 V           ; 0.148 V                              ; 0.064 V                              ; 4.51e-10 s                  ; 4.15e-10 s                  ; No                         ; Yes                        ; 2.62 V                      ; 2.74e-08 V                  ; 2.71 V             ; -0.0317 V          ; 0.148 V                             ; 0.064 V                             ; 4.51e-10 s                 ; 4.15e-10 s                 ; No                        ; Yes                       ;
; product[6]    ; 2.5 V        ; 0 s                 ; 0 s                 ; 2.62 V                       ; 4.05e-08 V                   ; 2.72 V              ; -0.0349 V           ; 0.173 V                              ; 0.1 V                                ; 2.72e-10 s                  ; 2.69e-10 s                  ; Yes                        ; Yes                        ; 2.62 V                      ; 4.05e-08 V                  ; 2.72 V             ; -0.0349 V          ; 0.173 V                             ; 0.1 V                               ; 2.72e-10 s                 ; 2.69e-10 s                 ; Yes                       ; Yes                       ;
; product[7]    ; 2.5 V        ; 0 s                 ; 0 s                 ; 2.62 V                       ; 4.05e-08 V                   ; 2.72 V              ; -0.0349 V           ; 0.173 V                              ; 0.1 V                                ; 2.72e-10 s                  ; 2.69e-10 s                  ; Yes                        ; Yes                        ; 2.62 V                      ; 4.05e-08 V                  ; 2.72 V             ; -0.0349 V          ; 0.173 V                             ; 0.1 V                               ; 2.72e-10 s                 ; 2.69e-10 s                 ; Yes                       ; Yes                       ;
; product[8]    ; 2.5 V        ; 0 s                 ; 0 s                 ; 2.62 V                       ; 4.05e-08 V                   ; 2.72 V              ; -0.0349 V           ; 0.173 V                              ; 0.1 V                                ; 2.72e-10 s                  ; 2.69e-10 s                  ; Yes                        ; Yes                        ; 2.62 V                      ; 4.05e-08 V                  ; 2.72 V             ; -0.0349 V          ; 0.173 V                             ; 0.1 V                               ; 2.72e-10 s                 ; 2.69e-10 s                 ; Yes                       ; Yes                       ;
; product[9]    ; 2.5 V        ; 0 s                 ; 0 s                 ; 2.62 V                       ; 2.74e-08 V                   ; 2.71 V              ; -0.0317 V           ; 0.148 V                              ; 0.064 V                              ; 4.51e-10 s                  ; 4.15e-10 s                  ; No                         ; Yes                        ; 2.62 V                      ; 2.74e-08 V                  ; 2.71 V             ; -0.0317 V          ; 0.148 V                             ; 0.064 V                             ; 4.51e-10 s                 ; 4.15e-10 s                 ; No                        ; Yes                       ;
; product[10]   ; 2.5 V        ; 0 s                 ; 0 s                 ; 2.62 V                       ; 4.05e-08 V                   ; 2.72 V              ; -0.0349 V           ; 0.173 V                              ; 0.1 V                                ; 2.72e-10 s                  ; 2.69e-10 s                  ; Yes                        ; Yes                        ; 2.62 V                      ; 4.05e-08 V                  ; 2.72 V             ; -0.0349 V          ; 0.173 V                             ; 0.1 V                               ; 2.72e-10 s                 ; 2.69e-10 s                 ; Yes                       ; Yes                       ;
; product[11]   ; 2.5 V        ; 0 s                 ; 0 s                 ; 2.62 V                       ; 4.05e-08 V                   ; 2.72 V              ; -0.0349 V           ; 0.173 V                              ; 0.1 V                                ; 2.72e-10 s                  ; 2.69e-10 s                  ; Yes                        ; Yes                        ; 2.62 V                      ; 4.05e-08 V                  ; 2.72 V             ; -0.0349 V          ; 0.173 V                             ; 0.1 V                               ; 2.72e-10 s                 ; 2.69e-10 s                 ; Yes                       ; Yes                       ;
; product[12]   ; 2.5 V        ; 0 s                 ; 0 s                 ; 2.62 V                       ; 4.05e-08 V                   ; 2.72 V              ; -0.0349 V           ; 0.173 V                              ; 0.1 V                                ; 2.72e-10 s                  ; 2.69e-10 s                  ; Yes                        ; Yes                        ; 2.62 V                      ; 4.05e-08 V                  ; 2.72 V             ; -0.0349 V          ; 0.173 V                             ; 0.1 V                               ; 2.72e-10 s                 ; 2.69e-10 s                 ; Yes                       ; Yes                       ;
; product[13]   ; 2.5 V        ; 0 s                 ; 0 s                 ; 2.62 V                       ; 4.05e-08 V                   ; 2.72 V              ; -0.0349 V           ; 0.173 V                              ; 0.1 V                                ; 2.72e-10 s                  ; 2.69e-10 s                  ; Yes                        ; Yes                        ; 2.62 V                      ; 4.05e-08 V                  ; 2.72 V             ; -0.0349 V          ; 0.173 V                             ; 0.1 V                               ; 2.72e-10 s                 ; 2.69e-10 s                 ; Yes                       ; Yes                       ;
; product[14]   ; 2.5 V        ; 0 s                 ; 0 s                 ; 2.62 V                       ; 2.74e-08 V                   ; 2.71 V              ; -0.0317 V           ; 0.148 V                              ; 0.064 V                              ; 4.51e-10 s                  ; 4.15e-10 s                  ; No                         ; Yes                        ; 2.62 V                      ; 2.74e-08 V                  ; 2.71 V             ; -0.0317 V          ; 0.148 V                             ; 0.064 V                             ; 4.51e-10 s                 ; 4.15e-10 s                 ; No                        ; Yes                       ;
; product[15]   ; 2.5 V        ; 0 s                 ; 0 s                 ; 2.62 V                       ; 4.05e-08 V                   ; 2.72 V              ; -0.0349 V           ; 0.173 V                              ; 0.1 V                                ; 2.72e-10 s                  ; 2.69e-10 s                  ; Yes                        ; Yes                        ; 2.62 V                      ; 4.05e-08 V                  ; 2.72 V             ; -0.0349 V          ; 0.173 V                             ; 0.1 V                               ; 2.72e-10 s                 ; 2.69e-10 s                 ; Yes                       ; Yes                       ;
; product[16]   ; 2.5 V        ; 0 s                 ; 0 s                 ; 2.62 V                       ; 4.05e-08 V                   ; 2.72 V              ; -0.0349 V           ; 0.173 V                              ; 0.1 V                                ; 2.72e-10 s                  ; 2.69e-10 s                  ; Yes                        ; Yes                        ; 2.62 V                      ; 4.05e-08 V                  ; 2.72 V             ; -0.0349 V          ; 0.173 V                             ; 0.1 V                               ; 2.72e-10 s                 ; 2.69e-10 s                 ; Yes                       ; Yes                       ;
; product[17]   ; 2.5 V        ; 0 s                 ; 0 s                 ; 2.62 V                       ; 4.05e-08 V                   ; 2.72 V              ; -0.0349 V           ; 0.173 V                              ; 0.1 V                                ; 2.72e-10 s                  ; 2.69e-10 s                  ; Yes                        ; Yes                        ; 2.62 V                      ; 4.05e-08 V                  ; 2.72 V             ; -0.0349 V          ; 0.173 V                             ; 0.1 V                               ; 2.72e-10 s                 ; 2.69e-10 s                 ; Yes                       ; Yes                       ;
; product[18]   ; 2.5 V        ; 0 s                 ; 0 s                 ; 2.62 V                       ; 4.05e-08 V                   ; 2.72 V              ; -0.0349 V           ; 0.173 V                              ; 0.1 V                                ; 2.72e-10 s                  ; 2.69e-10 s                  ; Yes                        ; Yes                        ; 2.62 V                      ; 4.05e-08 V                  ; 2.72 V             ; -0.0349 V          ; 0.173 V                             ; 0.1 V                               ; 2.72e-10 s                 ; 2.69e-10 s                 ; Yes                       ; Yes                       ;
; product[19]   ; 2.5 V        ; 0 s                 ; 0 s                 ; 2.62 V                       ; 4.05e-08 V                   ; 2.72 V              ; -0.0349 V           ; 0.173 V                              ; 0.1 V                                ; 2.72e-10 s                  ; 2.69e-10 s                  ; Yes                        ; Yes                        ; 2.62 V                      ; 4.05e-08 V                  ; 2.72 V             ; -0.0349 V          ; 0.173 V                             ; 0.1 V                               ; 2.72e-10 s                 ; 2.69e-10 s                 ; Yes                       ; Yes                       ;
; product[20]   ; 2.5 V        ; 0 s                 ; 0 s                 ; 2.62 V                       ; 4.05e-08 V                   ; 2.72 V              ; -0.0349 V           ; 0.173 V                              ; 0.1 V                                ; 2.72e-10 s                  ; 2.69e-10 s                  ; Yes                        ; Yes                        ; 2.62 V                      ; 4.05e-08 V                  ; 2.72 V             ; -0.0349 V          ; 0.173 V                             ; 0.1 V                               ; 2.72e-10 s                 ; 2.69e-10 s                 ; Yes                       ; Yes                       ;
; product[21]   ; 2.5 V        ; 0 s                 ; 0 s                 ; 2.62 V                       ; 4.05e-08 V                   ; 2.72 V              ; -0.0349 V           ; 0.173 V                              ; 0.1 V                                ; 2.72e-10 s                  ; 2.69e-10 s                  ; Yes                        ; Yes                        ; 2.62 V                      ; 4.05e-08 V                  ; 2.72 V             ; -0.0349 V          ; 0.173 V                             ; 0.1 V                               ; 2.72e-10 s                 ; 2.69e-10 s                 ; Yes                       ; Yes                       ;
; product[22]   ; 2.5 V        ; 0 s                 ; 0 s                 ; 2.62 V                       ; 4.05e-08 V                   ; 2.72 V              ; -0.0349 V           ; 0.173 V                              ; 0.1 V                                ; 2.72e-10 s                  ; 2.69e-10 s                  ; Yes                        ; Yes                        ; 2.62 V                      ; 4.05e-08 V                  ; 2.72 V             ; -0.0349 V          ; 0.173 V                             ; 0.1 V                               ; 2.72e-10 s                 ; 2.69e-10 s                 ; Yes                       ; Yes                       ;
; product[23]   ; 2.5 V        ; 0 s                 ; 0 s                 ; 2.62 V                       ; 4.05e-08 V                   ; 2.72 V              ; -0.0349 V           ; 0.173 V                              ; 0.1 V                                ; 2.72e-10 s                  ; 2.69e-10 s                  ; Yes                        ; Yes                        ; 2.62 V                      ; 4.05e-08 V                  ; 2.72 V             ; -0.0349 V          ; 0.173 V                             ; 0.1 V                               ; 2.72e-10 s                 ; 2.69e-10 s                 ; Yes                       ; Yes                       ;
; product[24]   ; 2.5 V        ; 0 s                 ; 0 s                 ; 2.62 V                       ; 4.05e-08 V                   ; 2.72 V              ; -0.0349 V           ; 0.173 V                              ; 0.1 V                                ; 2.72e-10 s                  ; 2.69e-10 s                  ; Yes                        ; Yes                        ; 2.62 V                      ; 4.05e-08 V                  ; 2.72 V             ; -0.0349 V          ; 0.173 V                             ; 0.1 V                               ; 2.72e-10 s                 ; 2.69e-10 s                 ; Yes                       ; Yes                       ;
; product[25]   ; 2.5 V        ; 0 s                 ; 0 s                 ; 2.62 V                       ; 4.05e-08 V                   ; 2.72 V              ; -0.0349 V           ; 0.173 V                              ; 0.1 V                                ; 2.72e-10 s                  ; 2.69e-10 s                  ; Yes                        ; Yes                        ; 2.62 V                      ; 4.05e-08 V                  ; 2.72 V             ; -0.0349 V          ; 0.173 V                             ; 0.1 V                               ; 2.72e-10 s                 ; 2.69e-10 s                 ; Yes                       ; Yes                       ;
; product[26]   ; 2.5 V        ; 0 s                 ; 0 s                 ; 2.62 V                       ; 4.05e-08 V                   ; 2.64 V              ; -0.0113 V           ; 0.208 V                              ; 0.179 V                              ; 2.38e-09 s                  ; 2.23e-09 s                  ; No                         ; Yes                        ; 2.62 V                      ; 4.05e-08 V                  ; 2.64 V             ; -0.0113 V          ; 0.208 V                             ; 0.179 V                             ; 2.38e-09 s                 ; 2.23e-09 s                 ; No                        ; Yes                       ;
; product[27]   ; 2.5 V        ; 0 s                 ; 0 s                 ; 2.62 V                       ; 4.05e-08 V                   ; 2.72 V              ; -0.0349 V           ; 0.173 V                              ; 0.1 V                                ; 2.72e-10 s                  ; 2.69e-10 s                  ; Yes                        ; Yes                        ; 2.62 V                      ; 4.05e-08 V                  ; 2.72 V             ; -0.0349 V          ; 0.173 V                             ; 0.1 V                               ; 2.72e-10 s                 ; 2.69e-10 s                 ; Yes                       ; Yes                       ;
; product[28]   ; 2.5 V        ; 0 s                 ; 0 s                 ; 2.62 V                       ; 4.05e-08 V                   ; 2.72 V              ; -0.0349 V           ; 0.173 V                              ; 0.1 V                                ; 2.72e-10 s                  ; 2.69e-10 s                  ; Yes                        ; Yes                        ; 2.62 V                      ; 4.05e-08 V                  ; 2.72 V             ; -0.0349 V          ; 0.173 V                             ; 0.1 V                               ; 2.72e-10 s                 ; 2.69e-10 s                 ; Yes                       ; Yes                       ;
; product[29]   ; 2.5 V        ; 0 s                 ; 0 s                 ; 2.62 V                       ; 2.74e-08 V                   ; 2.71 V              ; -0.0317 V           ; 0.148 V                              ; 0.064 V                              ; 4.51e-10 s                  ; 4.15e-10 s                  ; No                         ; Yes                        ; 2.62 V                      ; 2.74e-08 V                  ; 2.71 V             ; -0.0317 V          ; 0.148 V                             ; 0.064 V                             ; 4.51e-10 s                 ; 4.15e-10 s                 ; No                        ; Yes                       ;
; product[30]   ; 2.5 V        ; 0 s                 ; 0 s                 ; 2.62 V                       ; 2.74e-08 V                   ; 2.71 V              ; -0.0317 V           ; 0.148 V                              ; 0.064 V                              ; 4.51e-10 s                  ; 4.15e-10 s                  ; No                         ; Yes                        ; 2.62 V                      ; 2.74e-08 V                  ; 2.71 V             ; -0.0317 V          ; 0.148 V                             ; 0.064 V                             ; 4.51e-10 s                 ; 4.15e-10 s                 ; No                        ; Yes                       ;
; product[31]   ; 2.5 V        ; 0 s                 ; 0 s                 ; 2.62 V                       ; 4.05e-08 V                   ; 2.72 V              ; -0.0349 V           ; 0.173 V                              ; 0.1 V                                ; 2.72e-10 s                  ; 2.69e-10 s                  ; Yes                        ; Yes                        ; 2.62 V                      ; 4.05e-08 V                  ; 2.72 V             ; -0.0349 V          ; 0.173 V                             ; 0.1 V                               ; 2.72e-10 s                 ; 2.69e-10 s                 ; Yes                       ; Yes                       ;
; product[32]   ; 2.5 V        ; 0 s                 ; 0 s                 ; 2.62 V                       ; 4.05e-08 V                   ; 2.72 V              ; -0.0349 V           ; 0.173 V                              ; 0.1 V                                ; 2.72e-10 s                  ; 2.69e-10 s                  ; Yes                        ; Yes                        ; 2.62 V                      ; 4.05e-08 V                  ; 2.72 V             ; -0.0349 V          ; 0.173 V                             ; 0.1 V                               ; 2.72e-10 s                 ; 2.69e-10 s                 ; Yes                       ; Yes                       ;
; product[33]   ; 2.5 V        ; 0 s                 ; 0 s                 ; 2.62 V                       ; 4.05e-08 V                   ; 2.72 V              ; -0.0349 V           ; 0.173 V                              ; 0.1 V                                ; 2.72e-10 s                  ; 2.69e-10 s                  ; Yes                        ; Yes                        ; 2.62 V                      ; 4.05e-08 V                  ; 2.72 V             ; -0.0349 V          ; 0.173 V                             ; 0.1 V                               ; 2.72e-10 s                 ; 2.69e-10 s                 ; Yes                       ; Yes                       ;
; product[34]   ; 2.5 V        ; 0 s                 ; 0 s                 ; 2.62 V                       ; 4.05e-08 V                   ; 2.72 V              ; -0.0349 V           ; 0.173 V                              ; 0.1 V                                ; 2.72e-10 s                  ; 2.69e-10 s                  ; Yes                        ; Yes                        ; 2.62 V                      ; 4.05e-08 V                  ; 2.72 V             ; -0.0349 V          ; 0.173 V                             ; 0.1 V                               ; 2.72e-10 s                 ; 2.69e-10 s                 ; Yes                       ; Yes                       ;
; product[35]   ; 2.5 V        ; 0 s                 ; 0 s                 ; 2.62 V                       ; 4.05e-08 V                   ; 2.72 V              ; -0.0349 V           ; 0.173 V                              ; 0.1 V                                ; 2.72e-10 s                  ; 2.69e-10 s                  ; Yes                        ; Yes                        ; 2.62 V                      ; 4.05e-08 V                  ; 2.72 V             ; -0.0349 V          ; 0.173 V                             ; 0.1 V                               ; 2.72e-10 s                 ; 2.69e-10 s                 ; Yes                       ; Yes                       ;
; product[36]   ; 2.5 V        ; 0 s                 ; 0 s                 ; 2.62 V                       ; 4.05e-08 V                   ; 2.64 V              ; -0.0113 V           ; 0.208 V                              ; 0.179 V                              ; 2.38e-09 s                  ; 2.23e-09 s                  ; No                         ; Yes                        ; 2.62 V                      ; 4.05e-08 V                  ; 2.64 V             ; -0.0113 V          ; 0.208 V                             ; 0.179 V                             ; 2.38e-09 s                 ; 2.23e-09 s                 ; No                        ; Yes                       ;
; product[37]   ; 2.5 V        ; 0 s                 ; 0 s                 ; 2.62 V                       ; 4.05e-08 V                   ; 2.64 V              ; -0.0113 V           ; 0.208 V                              ; 0.179 V                              ; 2.38e-09 s                  ; 2.23e-09 s                  ; No                         ; Yes                        ; 2.62 V                      ; 4.05e-08 V                  ; 2.64 V             ; -0.0113 V          ; 0.208 V                             ; 0.179 V                             ; 2.38e-09 s                 ; 2.23e-09 s                 ; No                        ; Yes                       ;
; product[38]   ; 2.5 V        ; 0 s                 ; 0 s                 ; 2.62 V                       ; 4.05e-08 V                   ; 2.72 V              ; -0.0349 V           ; 0.173 V                              ; 0.1 V                                ; 2.72e-10 s                  ; 2.69e-10 s                  ; Yes                        ; Yes                        ; 2.62 V                      ; 4.05e-08 V                  ; 2.72 V             ; -0.0349 V          ; 0.173 V                             ; 0.1 V                               ; 2.72e-10 s                 ; 2.69e-10 s                 ; Yes                       ; Yes                       ;
; product[39]   ; 2.5 V        ; 0 s                 ; 0 s                 ; 2.62 V                       ; 4.05e-08 V                   ; 2.72 V              ; -0.0349 V           ; 0.173 V                              ; 0.1 V                                ; 2.72e-10 s                  ; 2.69e-10 s                  ; Yes                        ; Yes                        ; 2.62 V                      ; 4.05e-08 V                  ; 2.72 V             ; -0.0349 V          ; 0.173 V                             ; 0.1 V                               ; 2.72e-10 s                 ; 2.69e-10 s                 ; Yes                       ; Yes                       ;
; product[40]   ; 2.5 V        ; 0 s                 ; 0 s                 ; 2.62 V                       ; 4.05e-08 V                   ; 2.72 V              ; -0.0349 V           ; 0.173 V                              ; 0.1 V                                ; 2.72e-10 s                  ; 2.69e-10 s                  ; Yes                        ; Yes                        ; 2.62 V                      ; 4.05e-08 V                  ; 2.72 V             ; -0.0349 V          ; 0.173 V                             ; 0.1 V                               ; 2.72e-10 s                 ; 2.69e-10 s                 ; Yes                       ; Yes                       ;
; product[41]   ; 2.5 V        ; 0 s                 ; 0 s                 ; 2.62 V                       ; 4.05e-08 V                   ; 2.72 V              ; -0.0349 V           ; 0.173 V                              ; 0.1 V                                ; 2.72e-10 s                  ; 2.69e-10 s                  ; Yes                        ; Yes                        ; 2.62 V                      ; 4.05e-08 V                  ; 2.72 V             ; -0.0349 V          ; 0.173 V                             ; 0.1 V                               ; 2.72e-10 s                 ; 2.69e-10 s                 ; Yes                       ; Yes                       ;
; product[42]   ; 2.5 V        ; 0 s                 ; 0 s                 ; 2.62 V                       ; 4.05e-08 V                   ; 2.72 V              ; -0.0349 V           ; 0.173 V                              ; 0.1 V                                ; 2.72e-10 s                  ; 2.69e-10 s                  ; Yes                        ; Yes                        ; 2.62 V                      ; 4.05e-08 V                  ; 2.72 V             ; -0.0349 V          ; 0.173 V                             ; 0.1 V                               ; 2.72e-10 s                 ; 2.69e-10 s                 ; Yes                       ; Yes                       ;
; product[43]   ; 2.5 V        ; 0 s                 ; 0 s                 ; 2.62 V                       ; 4.05e-08 V                   ; 2.72 V              ; -0.0349 V           ; 0.173 V                              ; 0.1 V                                ; 2.72e-10 s                  ; 2.69e-10 s                  ; Yes                        ; Yes                        ; 2.62 V                      ; 4.05e-08 V                  ; 2.72 V             ; -0.0349 V          ; 0.173 V                             ; 0.1 V                               ; 2.72e-10 s                 ; 2.69e-10 s                 ; Yes                       ; Yes                       ;
; product[44]   ; 2.5 V        ; 0 s                 ; 0 s                 ; 2.62 V                       ; 4.05e-08 V                   ; 2.72 V              ; -0.0349 V           ; 0.173 V                              ; 0.1 V                                ; 2.72e-10 s                  ; 2.69e-10 s                  ; Yes                        ; Yes                        ; 2.62 V                      ; 4.05e-08 V                  ; 2.72 V             ; -0.0349 V          ; 0.173 V                             ; 0.1 V                               ; 2.72e-10 s                 ; 2.69e-10 s                 ; Yes                       ; Yes                       ;
; product[45]   ; 2.5 V        ; 0 s                 ; 0 s                 ; 2.62 V                       ; 4.05e-08 V                   ; 2.72 V              ; -0.0349 V           ; 0.173 V                              ; 0.1 V                                ; 2.72e-10 s                  ; 2.69e-10 s                  ; Yes                        ; Yes                        ; 2.62 V                      ; 4.05e-08 V                  ; 2.72 V             ; -0.0349 V          ; 0.173 V                             ; 0.1 V                               ; 2.72e-10 s                 ; 2.69e-10 s                 ; Yes                       ; Yes                       ;
; product[46]   ; 2.5 V        ; 0 s                 ; 0 s                 ; 2.62 V                       ; 4.05e-08 V                   ; 2.72 V              ; -0.0349 V           ; 0.173 V                              ; 0.1 V                                ; 2.72e-10 s                  ; 2.69e-10 s                  ; Yes                        ; Yes                        ; 2.62 V                      ; 4.05e-08 V                  ; 2.72 V             ; -0.0349 V          ; 0.173 V                             ; 0.1 V                               ; 2.72e-10 s                 ; 2.69e-10 s                 ; Yes                       ; Yes                       ;
; product[47]   ; 2.5 V        ; 0 s                 ; 0 s                 ; 2.62 V                       ; 4.05e-08 V                   ; 2.72 V              ; -0.0349 V           ; 0.173 V                              ; 0.1 V                                ; 2.72e-10 s                  ; 2.69e-10 s                  ; Yes                        ; Yes                        ; 2.62 V                      ; 4.05e-08 V                  ; 2.72 V             ; -0.0349 V          ; 0.173 V                             ; 0.1 V                               ; 2.72e-10 s                 ; 2.69e-10 s                 ; Yes                       ; Yes                       ;
; product[48]   ; 2.5 V        ; 0 s                 ; 0 s                 ; 2.62 V                       ; 4.05e-08 V                   ; 2.72 V              ; -0.0349 V           ; 0.173 V                              ; 0.1 V                                ; 2.72e-10 s                  ; 2.69e-10 s                  ; Yes                        ; Yes                        ; 2.62 V                      ; 4.05e-08 V                  ; 2.72 V             ; -0.0349 V          ; 0.173 V                             ; 0.1 V                               ; 2.72e-10 s                 ; 2.69e-10 s                 ; Yes                       ; Yes                       ;
; product[49]   ; 2.5 V        ; 0 s                 ; 0 s                 ; 2.62 V                       ; 4.05e-08 V                   ; 2.72 V              ; -0.0349 V           ; 0.173 V                              ; 0.1 V                                ; 2.72e-10 s                  ; 2.69e-10 s                  ; Yes                        ; Yes                        ; 2.62 V                      ; 4.05e-08 V                  ; 2.72 V             ; -0.0349 V          ; 0.173 V                             ; 0.1 V                               ; 2.72e-10 s                 ; 2.69e-10 s                 ; Yes                       ; Yes                       ;
; product[50]   ; 2.5 V        ; 0 s                 ; 0 s                 ; 2.62 V                       ; 4.05e-08 V                   ; 2.72 V              ; -0.0349 V           ; 0.173 V                              ; 0.1 V                                ; 2.72e-10 s                  ; 2.69e-10 s                  ; Yes                        ; Yes                        ; 2.62 V                      ; 4.05e-08 V                  ; 2.72 V             ; -0.0349 V          ; 0.173 V                             ; 0.1 V                               ; 2.72e-10 s                 ; 2.69e-10 s                 ; Yes                       ; Yes                       ;
; product[51]   ; 2.5 V        ; 0 s                 ; 0 s                 ; 2.62 V                       ; 4.05e-08 V                   ; 2.72 V              ; -0.0349 V           ; 0.173 V                              ; 0.1 V                                ; 2.72e-10 s                  ; 2.69e-10 s                  ; Yes                        ; Yes                        ; 2.62 V                      ; 4.05e-08 V                  ; 2.72 V             ; -0.0349 V          ; 0.173 V                             ; 0.1 V                               ; 2.72e-10 s                 ; 2.69e-10 s                 ; Yes                       ; Yes                       ;
; product[52]   ; 2.5 V        ; 0 s                 ; 0 s                 ; 2.62 V                       ; 4.05e-08 V                   ; 2.72 V              ; -0.0349 V           ; 0.173 V                              ; 0.1 V                                ; 2.72e-10 s                  ; 2.69e-10 s                  ; Yes                        ; Yes                        ; 2.62 V                      ; 4.05e-08 V                  ; 2.72 V             ; -0.0349 V          ; 0.173 V                             ; 0.1 V                               ; 2.72e-10 s                 ; 2.69e-10 s                 ; Yes                       ; Yes                       ;
; product[53]   ; 2.5 V        ; 0 s                 ; 0 s                 ; 2.62 V                       ; 4.05e-08 V                   ; 2.72 V              ; -0.0349 V           ; 0.173 V                              ; 0.1 V                                ; 2.72e-10 s                  ; 2.69e-10 s                  ; Yes                        ; Yes                        ; 2.62 V                      ; 4.05e-08 V                  ; 2.72 V             ; -0.0349 V          ; 0.173 V                             ; 0.1 V                               ; 2.72e-10 s                 ; 2.69e-10 s                 ; Yes                       ; Yes                       ;
; product[54]   ; 2.5 V        ; 0 s                 ; 0 s                 ; 2.62 V                       ; 4.05e-08 V                   ; 2.72 V              ; -0.0349 V           ; 0.173 V                              ; 0.1 V                                ; 2.72e-10 s                  ; 2.69e-10 s                  ; Yes                        ; Yes                        ; 2.62 V                      ; 4.05e-08 V                  ; 2.72 V             ; -0.0349 V          ; 0.173 V                             ; 0.1 V                               ; 2.72e-10 s                 ; 2.69e-10 s                 ; Yes                       ; Yes                       ;
; product[55]   ; 2.5 V        ; 0 s                 ; 0 s                 ; 2.62 V                       ; 4.05e-08 V                   ; 2.72 V              ; -0.0349 V           ; 0.173 V                              ; 0.1 V                                ; 2.72e-10 s                  ; 2.69e-10 s                  ; Yes                        ; Yes                        ; 2.62 V                      ; 4.05e-08 V                  ; 2.72 V             ; -0.0349 V          ; 0.173 V                             ; 0.1 V                               ; 2.72e-10 s                 ; 2.69e-10 s                 ; Yes                       ; Yes                       ;
; product[56]   ; 2.5 V        ; 0 s                 ; 0 s                 ; 2.62 V                       ; 4.05e-08 V                   ; 2.72 V              ; -0.0349 V           ; 0.173 V                              ; 0.1 V                                ; 2.72e-10 s                  ; 2.69e-10 s                  ; Yes                        ; Yes                        ; 2.62 V                      ; 4.05e-08 V                  ; 2.72 V             ; -0.0349 V          ; 0.173 V                             ; 0.1 V                               ; 2.72e-10 s                 ; 2.69e-10 s                 ; Yes                       ; Yes                       ;
; product[57]   ; 2.5 V        ; 0 s                 ; 0 s                 ; 2.62 V                       ; 4.05e-08 V                   ; 2.72 V              ; -0.0349 V           ; 0.173 V                              ; 0.1 V                                ; 2.72e-10 s                  ; 2.69e-10 s                  ; Yes                        ; Yes                        ; 2.62 V                      ; 4.05e-08 V                  ; 2.72 V             ; -0.0349 V          ; 0.173 V                             ; 0.1 V                               ; 2.72e-10 s                 ; 2.69e-10 s                 ; Yes                       ; Yes                       ;
; product[58]   ; 2.5 V        ; 0 s                 ; 0 s                 ; 2.62 V                       ; 4.05e-08 V                   ; 2.72 V              ; -0.0349 V           ; 0.173 V                              ; 0.1 V                                ; 2.72e-10 s                  ; 2.69e-10 s                  ; Yes                        ; Yes                        ; 2.62 V                      ; 4.05e-08 V                  ; 2.72 V             ; -0.0349 V          ; 0.173 V                             ; 0.1 V                               ; 2.72e-10 s                 ; 2.69e-10 s                 ; Yes                       ; Yes                       ;
; product[59]   ; 2.5 V        ; 0 s                 ; 0 s                 ; 2.62 V                       ; 4.05e-08 V                   ; 2.72 V              ; -0.0349 V           ; 0.173 V                              ; 0.1 V                                ; 2.72e-10 s                  ; 2.69e-10 s                  ; Yes                        ; Yes                        ; 2.62 V                      ; 4.05e-08 V                  ; 2.72 V             ; -0.0349 V          ; 0.173 V                             ; 0.1 V                               ; 2.72e-10 s                 ; 2.69e-10 s                 ; Yes                       ; Yes                       ;
; product[60]   ; 2.5 V        ; 0 s                 ; 0 s                 ; 2.62 V                       ; 4.05e-08 V                   ; 2.72 V              ; -0.0349 V           ; 0.173 V                              ; 0.1 V                                ; 2.72e-10 s                  ; 2.69e-10 s                  ; Yes                        ; Yes                        ; 2.62 V                      ; 4.05e-08 V                  ; 2.72 V             ; -0.0349 V          ; 0.173 V                             ; 0.1 V                               ; 2.72e-10 s                 ; 2.69e-10 s                 ; Yes                       ; Yes                       ;
; product[61]   ; 2.5 V        ; 0 s                 ; 0 s                 ; 2.62 V                       ; 2.74e-08 V                   ; 2.73 V              ; -0.0384 V           ; 0.169 V                              ; 0.089 V                              ; 2.7e-10 s                   ; 2.62e-10 s                  ; Yes                        ; Yes                        ; 2.62 V                      ; 2.74e-08 V                  ; 2.73 V             ; -0.0384 V          ; 0.169 V                             ; 0.089 V                             ; 2.7e-10 s                  ; 2.62e-10 s                 ; Yes                       ; Yes                       ;
; product[62]   ; 2.5 V        ; 0 s                 ; 0 s                 ; 2.62 V                       ; 4.05e-08 V                   ; 2.72 V              ; -0.0349 V           ; 0.173 V                              ; 0.1 V                                ; 2.72e-10 s                  ; 2.69e-10 s                  ; Yes                        ; Yes                        ; 2.62 V                      ; 4.05e-08 V                  ; 2.72 V             ; -0.0349 V          ; 0.173 V                             ; 0.1 V                               ; 2.72e-10 s                 ; 2.69e-10 s                 ; Yes                       ; Yes                       ;
; product[63]   ; 2.5 V        ; 0 s                 ; 0 s                 ; 2.62 V                       ; 4.05e-08 V                   ; 2.72 V              ; -0.0349 V           ; 0.173 V                              ; 0.1 V                                ; 2.72e-10 s                  ; 2.69e-10 s                  ; Yes                        ; Yes                        ; 2.62 V                      ; 4.05e-08 V                  ; 2.72 V             ; -0.0349 V          ; 0.173 V                             ; 0.1 V                               ; 2.72e-10 s                 ; 2.69e-10 s                 ; Yes                       ; Yes                       ;
; done          ; 2.5 V        ; 0 s                 ; 0 s                 ; 2.62 V                       ; 4.05e-08 V                   ; 2.72 V              ; -0.0349 V           ; 0.173 V                              ; 0.1 V                                ; 2.72e-10 s                  ; 2.69e-10 s                  ; Yes                        ; Yes                        ; 2.62 V                      ; 4.05e-08 V                  ; 2.72 V             ; -0.0349 V          ; 0.173 V                             ; 0.1 V                               ; 2.72e-10 s                 ; 2.69e-10 s                 ; Yes                       ; Yes                       ;
; ~ALTERA_DCLK~ ; 2.5 V        ; 0 s                 ; 0 s                 ; 2.62 V                       ; 2.22e-08 V                   ; 2.74 V              ; -0.06 V             ; 0.158 V                              ; 0.08 V                               ; 2.68e-10 s                  ; 2.19e-10 s                  ; Yes                        ; Yes                        ; 2.62 V                      ; 2.22e-08 V                  ; 2.74 V             ; -0.06 V            ; 0.158 V                             ; 0.08 V                              ; 2.68e-10 s                 ; 2.19e-10 s                 ; Yes                       ; Yes                       ;
; ~ALTERA_nCEO~ ; 2.5 V        ; 0 s                 ; 0 s                 ; 2.62 V                       ; 3.54e-08 V                   ; 2.7 V               ; -0.00943 V          ; 0.276 V                              ; 0.035 V                              ; 3.19e-10 s                  ; 4.99e-10 s                  ; No                         ; Yes                        ; 2.62 V                      ; 3.54e-08 V                  ; 2.7 V              ; -0.00943 V         ; 0.276 V                             ; 0.035 V                             ; 3.19e-10 s                 ; 4.99e-10 s                 ; No                        ; Yes                       ;
+---------------+--------------+---------------------+---------------------+------------------------------+------------------------------+---------------------+---------------------+--------------------------------------+--------------------------------------+-----------------------------+-----------------------------+----------------------------+----------------------------+-----------------------------+-----------------------------+--------------------+--------------------+-------------------------------------+-------------------------------------+----------------------------+----------------------------+---------------------------+---------------------------+


+-------------------------------------------------------------------+
; Setup Transfers                                                   ;
+------------+----------+----------+----------+----------+----------+
; From Clock ; To Clock ; RR Paths ; FR Paths ; RF Paths ; FF Paths ;
+------------+----------+----------+----------+----------+----------+
; clk        ; clk      ; 4869     ; 0        ; 0        ; 0        ;
+------------+----------+----------+----------+----------+----------+
Entries labeled "false path" only account for clock-to-clock false paths and not path-based false paths. As a result, actual path counts may be lower than reported.


+-------------------------------------------------------------------+
; Hold Transfers                                                    ;
+------------+----------+----------+----------+----------+----------+
; From Clock ; To Clock ; RR Paths ; FR Paths ; RF Paths ; FF Paths ;
+------------+----------+----------+----------+----------+----------+
; clk        ; clk      ; 4869     ; 0        ; 0        ; 0        ;
+------------+----------+----------+----------+----------+----------+
Entries labeled "false path" only account for clock-to-clock false paths and not path-based false paths. As a result, actual path counts may be lower than reported.


---------------
; Report TCCS ;
---------------
No dedicated SERDES Transmitter circuitry present in device or used in design


---------------
; Report RSKM ;
---------------
No non-DPA dedicated SERDES Receiver circuitry present in device or used in design


+------------------------------------------------+
; Unconstrained Paths Summary                    ;
+---------------------------------+-------+------+
; Property                        ; Setup ; Hold ;
+---------------------------------+-------+------+
; Illegal Clocks                  ; 0     ; 0    ;
; Unconstrained Clocks            ; 0     ; 0    ;
; Unconstrained Input Ports       ; 66    ; 66   ;
; Unconstrained Input Port Paths  ; 238   ; 238  ;
; Unconstrained Output Ports      ; 65    ; 65   ;
; Unconstrained Output Port Paths ; 65    ; 65   ;
+---------------------------------+-------+------+


+-------------------------------------+
; Clock Status Summary                ;
+--------+-------+------+-------------+
; Target ; Clock ; Type ; Status      ;
+--------+-------+------+-------------+
; clk    ; clk   ; Base ; Constrained ;
+--------+-------+------+-------------+


+------------------------------------------------------------------------------------------------------------+
; Unconstrained Input Ports                                                                                  ;
+---------------------+--------------------------------------------------------------------------------------+
; Input Port          ; Comment                                                                              ;
+---------------------+--------------------------------------------------------------------------------------+
; multiplicand_in[0]  ; No input delay, min/max delays, false-path exceptions, or max skew assignments found ;
; multiplicand_in[1]  ; No input delay, min/max delays, false-path exceptions, or max skew assignments found ;
; multiplicand_in[2]  ; No input delay, min/max delays, false-path exceptions, or max skew assignments found ;
; multiplicand_in[3]  ; No input delay, min/max delays, false-path exceptions, or max skew assignments found ;
; multiplicand_in[4]  ; No input delay, min/max delays, false-path exceptions, or max skew assignments found ;
; multiplicand_in[5]  ; No input delay, min/max delays, false-path exceptions, or max skew assignments found ;
; multiplicand_in[6]  ; No input delay, min/max delays, false-path exceptions, or max skew assignments found ;
; multiplicand_in[7]  ; No input delay, min/max delays, false-path exceptions, or max skew assignments found ;
; multiplicand_in[8]  ; No input delay, min/max delays, false-path exceptions, or max skew assignments found ;
; multiplicand_in[9]  ; No input delay, min/max delays, false-path exceptions, or max skew assignments found ;
; multiplicand_in[10] ; No input delay, min/max delays, false-path exceptions, or max skew assignments found ;
; multiplicand_in[11] ; No input delay, min/max delays, false-path exceptions, or max skew assignments found ;
; multiplicand_in[12] ; No input delay, min/max delays, false-path exceptions, or max skew assignments found ;
; multiplicand_in[13] ; No input delay, min/max delays, false-path exceptions, or max skew assignments found ;
; multiplicand_in[14] ; No input delay, min/max delays, false-path exceptions, or max skew assignments found ;
; multiplicand_in[15] ; No input delay, min/max delays, false-path exceptions, or max skew assignments found ;
; multiplicand_in[16] ; No input delay, min/max delays, false-path exceptions, or max skew assignments found ;
; multiplicand_in[17] ; No input delay, min/max delays, false-path exceptions, or max skew assignments found ;
; multiplicand_in[18] ; No input delay, min/max delays, false-path exceptions, or max skew assignments found ;
; multiplicand_in[19] ; No input delay, min/max delays, false-path exceptions, or max skew assignments found ;
; multiplicand_in[20] ; No input delay, min/max delays, false-path exceptions, or max skew assignments found ;
; multiplicand_in[21] ; No input delay, min/max delays, false-path exceptions, or max skew assignments found ;
; multiplicand_in[22] ; No input delay, min/max delays, false-path exceptions, or max skew assignments found ;
; multiplicand_in[23] ; No input delay, min/max delays, false-path exceptions, or max skew assignments found ;
; multiplicand_in[24] ; No input delay, min/max delays, false-path exceptions, or max skew assignments found ;
; multiplicand_in[25] ; No input delay, min/max delays, false-path exceptions, or max skew assignments found ;
; multiplicand_in[26] ; No input delay, min/max delays, false-path exceptions, or max skew assignments found ;
; multiplicand_in[27] ; No input delay, min/max delays, false-path exceptions, or max skew assignments found ;
; multiplicand_in[28] ; No input delay, min/max delays, false-path exceptions, or max skew assignments found ;
; multiplicand_in[29] ; No input delay, min/max delays, false-path exceptions, or max skew assignments found ;
; multiplicand_in[30] ; No input delay, min/max delays, false-path exceptions, or max skew assignments found ;
; multiplicand_in[31] ; No input delay, min/max delays, false-path exceptions, or max skew assignments found ;
; multiplier_in[0]    ; No input delay, min/max delays, false-path exceptions, or max skew assignments found ;
; multiplier_in[1]    ; No input delay, min/max delays, false-path exceptions, or max skew assignments found ;
; multiplier_in[2]    ; No input delay, min/max delays, false-path exceptions, or max skew assignments found ;
; multiplier_in[3]    ; No input delay, min/max delays, false-path exceptions, or max skew assignments found ;
; multiplier_in[4]    ; No input delay, min/max delays, false-path exceptions, or max skew assignments found ;
; multiplier_in[5]    ; No input delay, min/max delays, false-path exceptions, or max skew assignments found ;
; multiplier_in[6]    ; No input delay, min/max delays, false-path exceptions, or max skew assignments found ;
; multiplier_in[7]    ; No input delay, min/max delays, false-path exceptions, or max skew assignments found ;
; multiplier_in[8]    ; No input delay, min/max delays, false-path exceptions, or max skew assignments found ;
; multiplier_in[9]    ; No input delay, min/max delays, false-path exceptions, or max skew assignments found ;
; multiplier_in[10]   ; No input delay, min/max delays, false-path exceptions, or max skew assignments found ;
; multiplier_in[11]   ; No input delay, min/max delays, false-path exceptions, or max skew assignments found ;
; multiplier_in[12]   ; No input delay, min/max delays, false-path exceptions, or max skew assignments found ;
; multiplier_in[13]   ; No input delay, min/max delays, false-path exceptions, or max skew assignments found ;
; multiplier_in[14]   ; No input delay, min/max delays, false-path exceptions, or max skew assignments found ;
; multiplier_in[15]   ; No input delay, min/max delays, false-path exceptions, or max skew assignments found ;
; multiplier_in[16]   ; No input delay, min/max delays, false-path exceptions, or max skew assignments found ;
; multiplier_in[17]   ; No input delay, min/max delays, false-path exceptions, or max skew assignments found ;
; multiplier_in[18]   ; No input delay, min/max delays, false-path exceptions, or max skew assignments found ;
; multiplier_in[19]   ; No input delay, min/max delays, false-path exceptions, or max skew assignments found ;
; multiplier_in[20]   ; No input delay, min/max delays, false-path exceptions, or max skew assignments found ;
; multiplier_in[21]   ; No input delay, min/max delays, false-path exceptions, or max skew assignments found ;
; multiplier_in[22]   ; No input delay, min/max delays, false-path exceptions, or max skew assignments found ;
; multiplier_in[23]   ; No input delay, min/max delays, false-path exceptions, or max skew assignments found ;
; multiplier_in[24]   ; No input delay, min/max delays, false-path exceptions, or max skew assignments found ;
; multiplier_in[25]   ; No input delay, min/max delays, false-path exceptions, or max skew assignments found ;
; multiplier_in[26]   ; No input delay, min/max delays, false-path exceptions, or max skew assignments found ;
; multiplier_in[27]   ; No input delay, min/max delays, false-path exceptions, or max skew assignments found ;
; multiplier_in[28]   ; No input delay, min/max delays, false-path exceptions, or max skew assignments found ;
; multiplier_in[29]   ; No input delay, min/max delays, false-path exceptions, or max skew assignments found ;
; multiplier_in[30]   ; No input delay, min/max delays, false-path exceptions, or max skew assignments found ;
; multiplier_in[31]   ; No input delay, min/max delays, false-path exceptions, or max skew assignments found ;
; rst_n               ; No input delay, min/max delays, false-path exceptions, or max skew assignments found ;
; start               ; No input delay, min/max delays, false-path exceptions, or max skew assignments found ;
+---------------------+--------------------------------------------------------------------------------------+


+-----------------------------------------------------------------------------------------------------+
; Unconstrained Output Ports                                                                          ;
+-------------+---------------------------------------------------------------------------------------+
; Output Port ; Comment                                                                               ;
+-------------+---------------------------------------------------------------------------------------+
; done        ; No output delay, min/max delays, false-path exceptions, or max skew assignments found ;
; product[0]  ; No output delay, min/max delays, false-path exceptions, or max skew assignments found ;
; product[1]  ; No output delay, min/max delays, false-path exceptions, or max skew assignments found ;
; product[2]  ; No output delay, min/max delays, false-path exceptions, or max skew assignments found ;
; product[3]  ; No output delay, min/max delays, false-path exceptions, or max skew assignments found ;
; product[4]  ; No output delay, min/max delays, false-path exceptions, or max skew assignments found ;
; product[5]  ; No output delay, min/max delays, false-path exceptions, or max skew assignments found ;
; product[6]  ; No output delay, min/max delays, false-path exceptions, or max skew assignments found ;
; product[7]  ; No output delay, min/max delays, false-path exceptions, or max skew assignments found ;
; product[8]  ; No output delay, min/max delays, false-path exceptions, or max skew assignments found ;
; product[9]  ; No output delay, min/max delays, false-path exceptions, or max skew assignments found ;
; product[10] ; No output delay, min/max delays, false-path exceptions, or max skew assignments found ;
; product[11] ; No output delay, min/max delays, false-path exceptions, or max skew assignments found ;
; product[12] ; No output delay, min/max delays, false-path exceptions, or max skew assignments found ;
; product[13] ; No output delay, min/max delays, false-path exceptions, or max skew assignments found ;
; product[14] ; No output delay, min/max delays, false-path exceptions, or max skew assignments found ;
; product[15] ; No output delay, min/max delays, false-path exceptions, or max skew assignments found ;
; product[16] ; No output delay, min/max delays, false-path exceptions, or max skew assignments found ;
; product[17] ; No output delay, min/max delays, false-path exceptions, or max skew assignments found ;
; product[18] ; No output delay, min/max delays, false-path exceptions, or max skew assignments found ;
; product[19] ; No output delay, min/max delays, false-path exceptions, or max skew assignments found ;
; product[20] ; No output delay, min/max delays, false-path exceptions, or max skew assignments found ;
; product[21] ; No output delay, min/max delays, false-path exceptions, or max skew assignments found ;
; product[22] ; No output delay, min/max delays, false-path exceptions, or max skew assignments found ;
; product[23] ; No output delay, min/max delays, false-path exceptions, or max skew assignments found ;
; product[24] ; No output delay, min/max delays, false-path exceptions, or max skew assignments found ;
; product[25] ; No output delay, min/max delays, false-path exceptions, or max skew assignments found ;
; product[26] ; No output delay, min/max delays, false-path exceptions, or max skew assignments found ;
; product[27] ; No output delay, min/max delays, false-path exceptions, or max skew assignments found ;
; product[28] ; No output delay, min/max delays, false-path exceptions, or max skew assignments found ;
; product[29] ; No output delay, min/max delays, false-path exceptions, or max skew assignments found ;
; product[30] ; No output delay, min/max delays, false-path exceptions, or max skew assignments found ;
; product[31] ; No output delay, min/max delays, false-path exceptions, or max skew assignments found ;
; product[32] ; No output delay, min/max delays, false-path exceptions, or max skew assignments found ;
; product[33] ; No output delay, min/max delays, false-path exceptions, or max skew assignments found ;
; product[34] ; No output delay, min/max delays, false-path exceptions, or max skew assignments found ;
; product[35] ; No output delay, min/max delays, false-path exceptions, or max skew assignments found ;
; product[36] ; No output delay, min/max delays, false-path exceptions, or max skew assignments found ;
; product[37] ; No output delay, min/max delays, false-path exceptions, or max skew assignments found ;
; product[38] ; No output delay, min/max delays, false-path exceptions, or max skew assignments found ;
; product[39] ; No output delay, min/max delays, false-path exceptions, or max skew assignments found ;
; product[40] ; No output delay, min/max delays, false-path exceptions, or max skew assignments found ;
; product[41] ; No output delay, min/max delays, false-path exceptions, or max skew assignments found ;
; product[42] ; No output delay, min/max delays, false-path exceptions, or max skew assignments found ;
; product[43] ; No output delay, min/max delays, false-path exceptions, or max skew assignments found ;
; product[44] ; No output delay, min/max delays, false-path exceptions, or max skew assignments found ;
; product[45] ; No output delay, min/max delays, false-path exceptions, or max skew assignments found ;
; product[46] ; No output delay, min/max delays, false-path exceptions, or max skew assignments found ;
; product[47] ; No output delay, min/max delays, false-path exceptions, or max skew assignments found ;
; product[48] ; No output delay, min/max delays, false-path exceptions, or max skew assignments found ;
; product[49] ; No output delay, min/max delays, false-path exceptions, or max skew assignments found ;
; product[50] ; No output delay, min/max delays, false-path exceptions, or max skew assignments found ;
; product[51] ; No output delay, min/max delays, false-path exceptions, or max skew assignments found ;
; product[52] ; No output delay, min/max delays, false-path exceptions, or max skew assignments found ;
; product[53] ; No output delay, min/max delays, false-path exceptions, or max skew assignments found ;
; product[54] ; No output delay, min/max delays, false-path exceptions, or max skew assignments found ;
; product[55] ; No output delay, min/max delays, false-path exceptions, or max skew assignments found ;
; product[56] ; No output delay, min/max delays, false-path exceptions, or max skew assignments found ;
; product[57] ; No output delay, min/max delays, false-path exceptions, or max skew assignments found ;
; product[58] ; No output delay, min/max delays, false-path exceptions, or max skew assignments found ;
; product[59] ; No output delay, min/max delays, false-path exceptions, or max skew assignments found ;
; product[60] ; No output delay, min/max delays, false-path exceptions, or max skew assignments found ;
; product[61] ; No output delay, min/max delays, false-path exceptions, or max skew assignments found ;
; product[62] ; No output delay, min/max delays, false-path exceptions, or max skew assignments found ;
; product[63] ; No output delay, min/max delays, false-path exceptions, or max skew assignments found ;
+-------------+---------------------------------------------------------------------------------------+


+------------------------------------------------------------------------------------------------------------+
; Unconstrained Input Ports                                                                                  ;
+---------------------+--------------------------------------------------------------------------------------+
; Input Port          ; Comment                                                                              ;
+---------------------+--------------------------------------------------------------------------------------+
; multiplicand_in[0]  ; No input delay, min/max delays, false-path exceptions, or max skew assignments found ;
; multiplicand_in[1]  ; No input delay, min/max delays, false-path exceptions, or max skew assignments found ;
; multiplicand_in[2]  ; No input delay, min/max delays, false-path exceptions, or max skew assignments found ;
; multiplicand_in[3]  ; No input delay, min/max delays, false-path exceptions, or max skew assignments found ;
; multiplicand_in[4]  ; No input delay, min/max delays, false-path exceptions, or max skew assignments found ;
; multiplicand_in[5]  ; No input delay, min/max delays, false-path exceptions, or max skew assignments found ;
; multiplicand_in[6]  ; No input delay, min/max delays, false-path exceptions, or max skew assignments found ;
; multiplicand_in[7]  ; No input delay, min/max delays, false-path exceptions, or max skew assignments found ;
; multiplicand_in[8]  ; No input delay, min/max delays, false-path exceptions, or max skew assignments found ;
; multiplicand_in[9]  ; No input delay, min/max delays, false-path exceptions, or max skew assignments found ;
; multiplicand_in[10] ; No input delay, min/max delays, false-path exceptions, or max skew assignments found ;
; multiplicand_in[11] ; No input delay, min/max delays, false-path exceptions, or max skew assignments found ;
; multiplicand_in[12] ; No input delay, min/max delays, false-path exceptions, or max skew assignments found ;
; multiplicand_in[13] ; No input delay, min/max delays, false-path exceptions, or max skew assignments found ;
; multiplicand_in[14] ; No input delay, min/max delays, false-path exceptions, or max skew assignments found ;
; multiplicand_in[15] ; No input delay, min/max delays, false-path exceptions, or max skew assignments found ;
; multiplicand_in[16] ; No input delay, min/max delays, false-path exceptions, or max skew assignments found ;
; multiplicand_in[17] ; No input delay, min/max delays, false-path exceptions, or max skew assignments found ;
; multiplicand_in[18] ; No input delay, min/max delays, false-path exceptions, or max skew assignments found ;
; multiplicand_in[19] ; No input delay, min/max delays, false-path exceptions, or max skew assignments found ;
; multiplicand_in[20] ; No input delay, min/max delays, false-path exceptions, or max skew assignments found ;
; multiplicand_in[21] ; No input delay, min/max delays, false-path exceptions, or max skew assignments found ;
; multiplicand_in[22] ; No input delay, min/max delays, false-path exceptions, or max skew assignments found ;
; multiplicand_in[23] ; No input delay, min/max delays, false-path exceptions, or max skew assignments found ;
; multiplicand_in[24] ; No input delay, min/max delays, false-path exceptions, or max skew assignments found ;
; multiplicand_in[25] ; No input delay, min/max delays, false-path exceptions, or max skew assignments found ;
; multiplicand_in[26] ; No input delay, min/max delays, false-path exceptions, or max skew assignments found ;
; multiplicand_in[27] ; No input delay, min/max delays, false-path exceptions, or max skew assignments found ;
; multiplicand_in[28] ; No input delay, min/max delays, false-path exceptions, or max skew assignments found ;
; multiplicand_in[29] ; No input delay, min/max delays, false-path exceptions, or max skew assignments found ;
; multiplicand_in[30] ; No input delay, min/max delays, false-path exceptions, or max skew assignments found ;
; multiplicand_in[31] ; No input delay, min/max delays, false-path exceptions, or max skew assignments found ;
; multiplier_in[0]    ; No input delay, min/max delays, false-path exceptions, or max skew assignments found ;
; multiplier_in[1]    ; No input delay, min/max delays, false-path exceptions, or max skew assignments found ;
; multiplier_in[2]    ; No input delay, min/max delays, false-path exceptions, or max skew assignments found ;
; multiplier_in[3]    ; No input delay, min/max delays, false-path exceptions, or max skew assignments found ;
; multiplier_in[4]    ; No input delay, min/max delays, false-path exceptions, or max skew assignments found ;
; multiplier_in[5]    ; No input delay, min/max delays, false-path exceptions, or max skew assignments found ;
; multiplier_in[6]    ; No input delay, min/max delays, false-path exceptions, or max skew assignments found ;
; multiplier_in[7]    ; No input delay, min/max delays, false-path exceptions, or max skew assignments found ;
; multiplier_in[8]    ; No input delay, min/max delays, false-path exceptions, or max skew assignments found ;
; multiplier_in[9]    ; No input delay, min/max delays, false-path exceptions, or max skew assignments found ;
; multiplier_in[10]   ; No input delay, min/max delays, false-path exceptions, or max skew assignments found ;
; multiplier_in[11]   ; No input delay, min/max delays, false-path exceptions, or max skew assignments found ;
; multiplier_in[12]   ; No input delay, min/max delays, false-path exceptions, or max skew assignments found ;
; multiplier_in[13]   ; No input delay, min/max delays, false-path exceptions, or max skew assignments found ;
; multiplier_in[14]   ; No input delay, min/max delays, false-path exceptions, or max skew assignments found ;
; multiplier_in[15]   ; No input delay, min/max delays, false-path exceptions, or max skew assignments found ;
; multiplier_in[16]   ; No input delay, min/max delays, false-path exceptions, or max skew assignments found ;
; multiplier_in[17]   ; No input delay, min/max delays, false-path exceptions, or max skew assignments found ;
; multiplier_in[18]   ; No input delay, min/max delays, false-path exceptions, or max skew assignments found ;
; multiplier_in[19]   ; No input delay, min/max delays, false-path exceptions, or max skew assignments found ;
; multiplier_in[20]   ; No input delay, min/max delays, false-path exceptions, or max skew assignments found ;
; multiplier_in[21]   ; No input delay, min/max delays, false-path exceptions, or max skew assignments found ;
; multiplier_in[22]   ; No input delay, min/max delays, false-path exceptions, or max skew assignments found ;
; multiplier_in[23]   ; No input delay, min/max delays, false-path exceptions, or max skew assignments found ;
; multiplier_in[24]   ; No input delay, min/max delays, false-path exceptions, or max skew assignments found ;
; multiplier_in[25]   ; No input delay, min/max delays, false-path exceptions, or max skew assignments found ;
; multiplier_in[26]   ; No input delay, min/max delays, false-path exceptions, or max skew assignments found ;
; multiplier_in[27]   ; No input delay, min/max delays, false-path exceptions, or max skew assignments found ;
; multiplier_in[28]   ; No input delay, min/max delays, false-path exceptions, or max skew assignments found ;
; multiplier_in[29]   ; No input delay, min/max delays, false-path exceptions, or max skew assignments found ;
; multiplier_in[30]   ; No input delay, min/max delays, false-path exceptions, or max skew assignments found ;
; multiplier_in[31]   ; No input delay, min/max delays, false-path exceptions, or max skew assignments found ;
; rst_n               ; No input delay, min/max delays, false-path exceptions, or max skew assignments found ;
; start               ; No input delay, min/max delays, false-path exceptions, or max skew assignments found ;
+---------------------+--------------------------------------------------------------------------------------+


+-----------------------------------------------------------------------------------------------------+
; Unconstrained Output Ports                                                                          ;
+-------------+---------------------------------------------------------------------------------------+
; Output Port ; Comment                                                                               ;
+-------------+---------------------------------------------------------------------------------------+
; done        ; No output delay, min/max delays, false-path exceptions, or max skew assignments found ;
; product[0]  ; No output delay, min/max delays, false-path exceptions, or max skew assignments found ;
; product[1]  ; No output delay, min/max delays, false-path exceptions, or max skew assignments found ;
; product[2]  ; No output delay, min/max delays, false-path exceptions, or max skew assignments found ;
; product[3]  ; No output delay, min/max delays, false-path exceptions, or max skew assignments found ;
; product[4]  ; No output delay, min/max delays, false-path exceptions, or max skew assignments found ;
; product[5]  ; No output delay, min/max delays, false-path exceptions, or max skew assignments found ;
; product[6]  ; No output delay, min/max delays, false-path exceptions, or max skew assignments found ;
; product[7]  ; No output delay, min/max delays, false-path exceptions, or max skew assignments found ;
; product[8]  ; No output delay, min/max delays, false-path exceptions, or max skew assignments found ;
; product[9]  ; No output delay, min/max delays, false-path exceptions, or max skew assignments found ;
; product[10] ; No output delay, min/max delays, false-path exceptions, or max skew assignments found ;
; product[11] ; No output delay, min/max delays, false-path exceptions, or max skew assignments found ;
; product[12] ; No output delay, min/max delays, false-path exceptions, or max skew assignments found ;
; product[13] ; No output delay, min/max delays, false-path exceptions, or max skew assignments found ;
; product[14] ; No output delay, min/max delays, false-path exceptions, or max skew assignments found ;
; product[15] ; No output delay, min/max delays, false-path exceptions, or max skew assignments found ;
; product[16] ; No output delay, min/max delays, false-path exceptions, or max skew assignments found ;
; product[17] ; No output delay, min/max delays, false-path exceptions, or max skew assignments found ;
; product[18] ; No output delay, min/max delays, false-path exceptions, or max skew assignments found ;
; product[19] ; No output delay, min/max delays, false-path exceptions, or max skew assignments found ;
; product[20] ; No output delay, min/max delays, false-path exceptions, or max skew assignments found ;
; product[21] ; No output delay, min/max delays, false-path exceptions, or max skew assignments found ;
; product[22] ; No output delay, min/max delays, false-path exceptions, or max skew assignments found ;
; product[23] ; No output delay, min/max delays, false-path exceptions, or max skew assignments found ;
; product[24] ; No output delay, min/max delays, false-path exceptions, or max skew assignments found ;
; product[25] ; No output delay, min/max delays, false-path exceptions, or max skew assignments found ;
; product[26] ; No output delay, min/max delays, false-path exceptions, or max skew assignments found ;
; product[27] ; No output delay, min/max delays, false-path exceptions, or max skew assignments found ;
; product[28] ; No output delay, min/max delays, false-path exceptions, or max skew assignments found ;
; product[29] ; No output delay, min/max delays, false-path exceptions, or max skew assignments found ;
; product[30] ; No output delay, min/max delays, false-path exceptions, or max skew assignments found ;
; product[31] ; No output delay, min/max delays, false-path exceptions, or max skew assignments found ;
; product[32] ; No output delay, min/max delays, false-path exceptions, or max skew assignments found ;
; product[33] ; No output delay, min/max delays, false-path exceptions, or max skew assignments found ;
; product[34] ; No output delay, min/max delays, false-path exceptions, or max skew assignments found ;
; product[35] ; No output delay, min/max delays, false-path exceptions, or max skew assignments found ;
; product[36] ; No output delay, min/max delays, false-path exceptions, or max skew assignments found ;
; product[37] ; No output delay, min/max delays, false-path exceptions, or max skew assignments found ;
; product[38] ; No output delay, min/max delays, false-path exceptions, or max skew assignments found ;
; product[39] ; No output delay, min/max delays, false-path exceptions, or max skew assignments found ;
; product[40] ; No output delay, min/max delays, false-path exceptions, or max skew assignments found ;
; product[41] ; No output delay, min/max delays, false-path exceptions, or max skew assignments found ;
; product[42] ; No output delay, min/max delays, false-path exceptions, or max skew assignments found ;
; product[43] ; No output delay, min/max delays, false-path exceptions, or max skew assignments found ;
; product[44] ; No output delay, min/max delays, false-path exceptions, or max skew assignments found ;
; product[45] ; No output delay, min/max delays, false-path exceptions, or max skew assignments found ;
; product[46] ; No output delay, min/max delays, false-path exceptions, or max skew assignments found ;
; product[47] ; No output delay, min/max delays, false-path exceptions, or max skew assignments found ;
; product[48] ; No output delay, min/max delays, false-path exceptions, or max skew assignments found ;
; product[49] ; No output delay, min/max delays, false-path exceptions, or max skew assignments found ;
; product[50] ; No output delay, min/max delays, false-path exceptions, or max skew assignments found ;
; product[51] ; No output delay, min/max delays, false-path exceptions, or max skew assignments found ;
; product[52] ; No output delay, min/max delays, false-path exceptions, or max skew assignments found ;
; product[53] ; No output delay, min/max delays, false-path exceptions, or max skew assignments found ;
; product[54] ; No output delay, min/max delays, false-path exceptions, or max skew assignments found ;
; product[55] ; No output delay, min/max delays, false-path exceptions, or max skew assignments found ;
; product[56] ; No output delay, min/max delays, false-path exceptions, or max skew assignments found ;
; product[57] ; No output delay, min/max delays, false-path exceptions, or max skew assignments found ;
; product[58] ; No output delay, min/max delays, false-path exceptions, or max skew assignments found ;
; product[59] ; No output delay, min/max delays, false-path exceptions, or max skew assignments found ;
; product[60] ; No output delay, min/max delays, false-path exceptions, or max skew assignments found ;
; product[61] ; No output delay, min/max delays, false-path exceptions, or max skew assignments found ;
; product[62] ; No output delay, min/max delays, false-path exceptions, or max skew assignments found ;
; product[63] ; No output delay, min/max delays, false-path exceptions, or max skew assignments found ;
+-------------+---------------------------------------------------------------------------------------+


+--------------------------+
; Timing Analyzer Messages ;
+--------------------------+
Info: *******************************************************************
Info: Running Quartus Prime Timing Analyzer
    Info: Version 21.1.1 Build 850 06/23/2022 SJ Lite Edition
    Info: Processing started: Fri Sep 11 16:54:16 2026
Info: Command: quartus_sta multiplier_top -c multiplier_top
Info: qsta_default_script.tcl version: #1
Warning (18236): Number of processors has not been specified which may cause overloading on shared machines.  Set the global assignment NUM_PARALLEL_PROCESSORS in your QSF to an appropriate value for best performance.
Info (20030): Parallel compilation is enabled and will use 16 of the 16 processors detected
Info (21077): Low junction temperature is 0 degrees C
Info (21077): High junction temperature is 85 degrees C
Critical Warning (332012): Synopsys Design Constraints File file not found: 'multiplier_top.sdc'. A Synopsys Design Constraints File is required by the Timing Analyzer to get proper timing constraints. Without it, the Compiler will not properly optimize the design.
Info (332142): No user constrained base clocks found in the design. Calling "derive_clocks -period 1.0"
Info (332105): Deriving Clocks
    Info (332105): create_clock -period 1.000 -name clk clk
Info (332143): No user constrained clock uncertainty found in the design. Calling "derive_clock_uncertainty"
Info (332123): Deriving Clock Uncertainty. Please refer to report_sdc in the Timing Analyzer to see clock uncertainties.
Info: Found TIMING_ANALYZER_REPORT_SCRIPT_INCLUDE_DEFAULT_ANALYSIS = ON
Info: Analyzing Slow 1200mV 85C Model
Critical Warning (332148): Timing requirements not met
    Info (11105): For recommendations on closing timing, run Report Timing Closure Recommendations in the Timing Analyzer.
Info (332146): Worst-case setup slack is -4.966
    Info (332119):     Slack       End Point TNS Clock 
    Info (332119): ========= =================== =====================
    Info (332119):    -4.966            -426.550 clk 
Info (332146): Worst-case hold slack is 0.402
    Info (332119):     Slack       End Point TNS Clock 
    Info (332119): ========= =================== =====================
    Info (332119):     0.402               0.000 clk 
Info (332140): No Recovery paths to report
Info (332140): No Removal paths to report
Info (332146): Worst-case minimum pulse width slack is -3.000
    Info (332119):     Slack       End Point TNS Clock 
    Info (332119): ========= =================== =====================
    Info (332119):    -3.000            -222.735 clk 
Info: Analyzing Slow 1200mV 0C Model
Info (334003): Started post-fitting delay annotation
Info (334004): Delay annotation completed successfully
Info (332123): Deriving Clock Uncertainty. Please refer to report_sdc in the Timing Analyzer to see clock uncertainties.
Critical Warning (332148): Timing requirements not met
    Info (11105): For recommendations on closing timing, run Report Timing Closure Recommendations in the Timing Analyzer.
Info (332146): Worst-case setup slack is -4.304
    Info (332119):     Slack       End Point TNS Clock 
    Info (332119): ========= =================== =====================
    Info (332119):    -4.304            -366.526 clk 
Info (332146): Worst-case hold slack is 0.354
    Info (332119):     Slack       End Point TNS Clock 
    Info (332119): ========= =================== =====================
    Info (332119):     0.354               0.000 clk 
Info (332140): No Recovery paths to report
Info (332140): No Removal paths to report
Info (332146): Worst-case minimum pulse width slack is -3.000
    Info (332119):     Slack       End Point TNS Clock 
    Info (332119): ========= =================== =====================
    Info (332119):    -3.000            -222.735 clk 
Info: Analyzing Fast 1200mV 0C Model
Info (332123): Deriving Clock Uncertainty. Please refer to report_sdc in the Timing Analyzer to see clock uncertainties.
Critical Warning (332148): Timing requirements not met
    Info (11105): For recommendations on closing timing, run Report Timing Closure Recommendations in the Timing Analyzer.
Info (332146): Worst-case setup slack is -1.992
    Info (332119):     Slack       End Point TNS Clock 
    Info (332119): ========= =================== =====================
    Info (332119):    -1.992            -134.501 clk 
Info (332146): Worst-case hold slack is 0.181
    Info (332119):     Slack       End Point TNS Clock 
    Info (332119): ========= =================== =====================
    Info (332119):     0.181               0.000 clk 
Info (332140): No Recovery paths to report
Info (332140): No Removal paths to report
Info (332146): Worst-case minimum pulse width slack is -3.000
    Info (332119):     Slack       End Point TNS Clock 
    Info (332119): ========= =================== =====================
    Info (332119):    -3.000            -184.637 clk 
Info (332102): Design is not fully constrained for setup requirements
Info (332102): Design is not fully constrained for hold requirements
Info: Quartus Prime Timing Analyzer was successful. 0 errors, 5 warnings
    Info: Peak virtual memory: 5027 megabytes
    Info: Processing ended: Fri Sep 11 16:54:17 2026
    Info: Elapsed time: 00:00:01
    Info: Total CPU time (on all processors): 00:00:02


